"id","appointment_id","doctor_id","patient_id","room_id","room_name","jitsi_domain","meeting_url","doctor_url","patient_url","guest_url","status","meeting_config","recording_url","transcript","ai_summary","ai_recommendations","section_summaries","doctor_validation_status","validated_at","validated_by","validation_reason","ready_for_patient","patient_instructions","instruction_validation_id","recording_data","recording_filename","recording_mimetype","recording_size_bytes","recording_started_at","recording_stopped_at","auto_transcribe","duration_minutes","started_at","ended_at","created_at","pre_consultation_summary","ai_summary_structured","cds_recommendations","emr_draft_id"
"18c95086-3a26-4766-a897-66bf6c4565d7","APT-1782277109093-1BD12C46","DOC-TEST-001","PATIENT-DEMO","Izara-APT-1782-6c12149f","Izara-APT-1782-6c12149f",,"https://meet.jit.si/Izara-APT-1782-6c12149f#config.prejoinPageEnabled=true&config.startWithAudioMuted=false&config.startWithVideoMuted=false&config.enableClosePage=true&config.disableDeepLinking=true&config.defaultLanguage=th&config.enableInsecureRoomNameWarning=false&config.enableLobby=false&config.lobbyModeEnabled=false&config.enableLobbyChat=false&config.requireDisplayName=true&config.fileRecordingsEnabled=false&config.localRecording.enabled=false&config.disableAnalytics=true&interfaceConfig.TOOLBAR_BUTTONS=%5B%22microphone%22%2C%22camera%22%2C%22desktop%22%2C%22chat%22%2C%22raisehand%22%2C%22participants-pane%22%2C%22tileview%22%2C%22hangup%22%2C%22settings%22%2C%22recording%22%5D&interfaceConfig.APP_NAME=Izara+Telemedicine&interfaceConfig.SHOW_CHROME_EXTENSION_BANNER=false&interfaceConfig.MOBILE_APP_PROMO=false","https://meet.jit.si/Izara-APT-1782-6c12149f#config.prejoinPageEnabled=false&config.startWithAudioMuted=false&config.startWithVideoMuted=false&config.enableClosePage=true&config.disableDeepLinking=true&config.defaultLanguage=th&config.enableInsecureRoomNameWarning=false&config.enableLobby=false&config.lobbyModeEnabled=false&config.enableLobbyChat=false&userInfo.displayName=Doctor&config.requireDisplayName=false&config.fileRecordingsEnabled=false&config.localRecording.enabled=false&config.disableAnalytics=true&interfaceConfig.TOOLBAR_BUTTONS=%5B%22microphone%22%2C%22camera%22%2C%22desktop%22%2C%22chat%22%2C%22raisehand%22%2C%22participants-pane%22%2C%22tileview%22%2C%22hangup%22%2C%22settings%22%2C%22recording%22%5D&interfaceConfig.APP_NAME=Izara+Telemedicine&interfaceConfig.SHOW_CHROME_EXTENSION_BANNER=false&interfaceConfig.MOBILE_APP_PROMO=false","https://meet.jit.si/Izara-APT-1782-6c12149f#config.prejoinPageEnabled=false&config.startWithAudioMuted=false&config.startWithVideoMuted=false&config.enableClosePage=true&config.disableDeepLinking=true&config.defaultLanguage=th&config.enableInsecureRoomNameWarning=false&config.enableLobby=false&config.lobbyModeEnabled=false&config.enableLobbyChat=false&userInfo.displayName=Patient&config.requireDisplayName=false&interfaceConfig.TOOLBAR_BUTTONS=%5B%22microphone%22%2C%22camera%22%2C%22desktop%22%2C%22chat%22%2C%22raisehand%22%2C%22participants-pane%22%2C%22tileview%22%2C%22hangup%22%2C%22settings%22%2C%22recording%22%5D&interfaceConfig.APP_NAME=Izara+Telemedicine&interfaceConfig.SHOW_CHROME_EXTENSION_BANNER=false&interfaceConfig.MOBILE_APP_PROMO=false","https://meet.jit.si/Izara-APT-1782-6c12149f#config.prejoinPageEnabled=true&config.startWithAudioMuted=false&config.startWithVideoMuted=false&config.enableClosePage=true&config.disableDeepLinking=true&config.defaultLanguage=th&config.enableInsecureRoomNameWarning=false&config.enableLobby=false&config.lobbyModeEnabled=false&config.enableLobbyChat=false&config.requireDisplayName=true&interfaceConfig.TOOLBAR_BUTTONS=%5B%22microphone%22%2C%22camera%22%2C%22desktop%22%2C%22chat%22%2C%22raisehand%22%2C%22participants-pane%22%2C%22tileview%22%2C%22hangup%22%2C%22settings%22%2C%22recording%22%5D&interfaceConfig.APP_NAME=Izara+Telemedicine&interfaceConfig.SHOW_CHROME_EXTENSION_BANNER=false&interfaceConfig.MOBILE_APP_PROMO=false","scheduled","{""language"":""th"",""enableRecording"":true,""postMeetingPipeline"":{""stage"":""completed"",""gcsUri"":null,""degraded"":false,""storedAt"":""2026-06-24T05:00:09.617Z"",""meetingId"":""18c95086-3a26-4766-a897-66bf6c4565d7"",""sizeBytes"":169371,""startedAt"":""2026-06-24T05:00:09.644Z"",""durationMs"":51,""storagePath"":""meetings/DOC-TEST-001/18c95086-3a26-4766-a897-66bf6c4565d7"",""recordingUrl"":""/api/recordings/meetings/DOC-TEST-001/18c95086-3a26-4766-a897-66bf6c4565d7/video.webm"",""appointmentId"":""APT-1782277109093-1BD12C46"",""transcription"":{""source"":""live_segments"",""segmentCount"":0},""encryptedAtRest"":true,""summaryAvailable"":false,""transcriptLength"":0}}","/api/recordings/meetings/DOC-TEST-001/18c95086-3a26-4766-a897-66bf6c4565d7/video.webm","","## S - Subjective
ผู้ป่วยแจ้งว่าอาการดีขึ้น ไม่มีไข้ ไม่มีอาการหายใจลำบาก

## O - Objective
ไม่ได้ระบุการตรวจร่างกายผ่านระบบวิดีโอ

## A - Assessment
อาการคงที่และอยู่ในเกณฑ์ปกติ

## P - Plan
ติดตามอาการต่อเนื่องและให้สังเกตอาการผิดปกติ",,,"pending_review",,,,"false",,,"{""type"":""Buffer"",""data"":[73,90,65,82,65,69,78,67,49,210,129,102,243,123,37,180,166,229,177,3,203,53,31,77,66,25,149,222,230,2,215,243,181,138,43,249,170,124,146,5,228,240,156,28,28,251,186,240,79,179,24,8,228,170,135,122,23,168,35,45,10,255,42,156,8,154,96,181,113,159,133,64,24,64,203,24,132,248,219,180,42,135,208,101,4,169,206,187,126,219,141,40,144,59,233,189,85,15,255,16,201,53,36,137,195,196,152,67,4,4,173,217,127,131,101,23,99,165,64,181,64,34,106,239,89,57,63,75,18,70,71,147,244,246,46,166,106,191,204,51,109,13,16,100,54,49,100,44,58,121,186,78,177,46,239,58,97,149,111,152,111,120,39,78,56,32,203,160,11,6,190,105,230,65,78,19,178,61,28,17,102,93,24,10,249,10,200,156,83,9,83,129,117,206,196,92,59,212,171,193,50,156,151,175,66,210,140,24,251,187,65,194,92,224,254,196,53,46,78,89,93,149,24,205,28,239,125,193,0,108,182,89,250,82,165,33,232,178,41,129,101,149,180,255,9,159,116,213,191,151,33,240,213,194,174,212,97,181,86,223,236,105,162,20,216,28,215,91,232,57,133,86,131,46,38,124,48,248,100,247,113,228,159,33,39,85,50,135,28,91,27,232,109,46,166,94,205,36,148,194,41,108,41,94,1,4,162,222,132,183,92,153,48,11,110,242,146,117,168,78,30,62,137,187,16,160,81,148,233,84,29,31,231,180,114,37,156,104,222,163,107,190,46,135,70,159,144,136,32,121,18,55,209,172,167,193,19,228,93,39,66,191,202,52,169,101,4,77,62,47,184,86,190,186,140,51,88,138,99,64,101,13,100,98,105,64,73,87,109,11,201,138,51,47,186,154,182,114,165,230,241,245,127,22,202,240,53,54,252,42,57,20,2,134,19,1,243,181,123,156,246,148,231,170,23,147,179,37,171,19,205,242,208,92,245,54,171,170,221,32,31,190,23,64,44,188,179,93,5,209,84,69,92,134,216,195,230,111,155,41,34,59,143,63,247,150,127,19,166,132,210,119,26,197,125,89,136,152,177,158,163,2,247,96,165,48,168,175,224,122,192,36,219,54,140,133,203,96,93,231,166,184,193,45,3,245,40,78,241,77,63,241,59,56,166,141,142,231,194,182,47,177,15,192,65,154,177,26,221,36,51,167,18,57,55,23,72,252,88,84,28,24,246,223,59,69,20,49,146,245,240,185,19,236,243,85,65,2,178,21,195,150,136,13,75,198,44,138,184,66,220,134,224,26,225,16,92,118,100,187,128,157,244,214,63,189,132,200,129,133,164,73,61,81,139,85,120,251,69,106,57,89,128,131,138,185,103,196,19,141,224,31,69,224,13,164,44,52,138,142,188,20,210,210,165,184,224,103,187,70,108,131,15,2,72,229,90,133,0,32,216,201,203,31,54,210,156,57,118,93,222,26,248,52,150,131,219,4,3,145,79,75,0,76,248,107,120,106,186,188,56,34,255,74,45,70,214,43,239,111,100,20,238,201,186,50,208,62,146,7,221,247,222,133,132,53,3,86,12,169,17,230,12,54,104,79,113,225,4,200,105,202,56,183,178,81,151,116,143,112,123,147,24,96,62,125,19,228,237,170,24,118,47,37,186,49,105,63,11,22,17,0,63,51,3,234,214,255,165,81,254,208,53,12,226,145,178,161,66,2,88,96,166,130,115,204,21,101,67,9,135,212,91,52,5,76,26,142,24,125,87,105,54,197,117,212,190,122,30,203,237,240,40,34,168,236,233,18,150,247,66,149,102,176,68,174,61,153,26,253,42,37,42,41,199,69,182,62,15,152,202,186,53,112,240,232,37,122,41,236,61,128,104,36,57,173,128,50,37,251,172,41,188,83,58,43,56,227,89,241,173,228,171,121,213,135,232,10,130,54,95,129,14,124,91,37,47,13,249,178,123,11,65,117,204,26,77,42,67,251,213,128,81,209,92,45,133,221,31,247,179,94,31,69,130,139,55,208,190,114,20,45,24,180,35,195,83,137,6,211,58,91,148,88,82,246,151,31,231,249,44,179,50,209,46,202,242,106,86,209,199,43,24,73,3,250,69,180,153,127,217,244,33,195,128,60,30,245,160,209,169,0,17,32,108,31,56,18,154,68,150,165,146,241,179,121,233,123,64,245,58,188,241,147,204,150,96,156,168,145,137,172,251,62,205,102,132,203,230,237,220,37,245,173,150,245,157,104,105,135,113,93,24,58,123,144,252,148,24,201,137,198,87,75,14,136,161,135,7,46,106,10,226,137,109,38,167,32,229,126,92,148,220,24,19,196,53,135,2,180,175,122,138,96,204,200,90,188,119,236,7,92,64,242,142,62,195,242,216,95,133,196,244,20,254,48,192,184,26,105,53,234,238,114,29,94,97,162,120,238,155,170,249,113,119,32,163,149,11,83,17,107,71,145,226,97,50,173,67,232,45,251,153,81,134,210,96,241,62,212,232,166,244,236,214,58,173,22,245,244,156,163,41,25,161,122,38,95,30,157,116,154,92,207,38,124,226,193,152,180,189,162,147,122,159,221,238,75,225,16,73,82,40,108,88,154,75,9,170,129,7,166,17,221,121,35,254,92,8,7,29,121,36,140,241,176,103,23,192,79,198,157,193,253,203,233,195,87,52,136,232,157,25,16,244,32,12,75,71,135,137,208,219,222,111,126,47,177,89,247,219,29,119,199,146,70,188,56,126,161,8,17,47,143,70,61,81,39,185,205,16,249,102,128,247,122,157,236,173,85,195,223,35,150,40,13,237,17,31,223,123,67,89,248,70,92,133,61,64,111,201,31,8,229,44,218,75,44,168,229,237,27,51,229,137,138,99,4,54,237,238,193,99,98,204,69,43,69,120,63,19,28,164,130,122,93,23,214,55,37,201,1,165,152,95,254,155,216,244,142,93,210,63,148,48,251,52,243,226,138,14,133,122,114,69,124,137,132,181,67,81,159,52,37,137,70,109,77,243,25,131,89,238,100,58,123,182,192,2,236,94,139,56,23,45,206,63,103,77,86,141,141,89,64,132,73,32,83,122,78,182,47,202,107,235,4,181,18,202,111,255,207,111,222,222,47,96,101,63,186,4,44,168,187,176,173,19,19,99,127,54,66,184,253,156,98,132,91,248,13,78,160,43,36,184,143,47,99,97,75,172,0,56,110,122,201,18,236,218,26,102,96,17,85,242,141,192,78,210,132,30,107,160,245,243,12,88,133,127,217,71,222,201,76,116,197,207,107,159,123,89,98,50,4,132,16,229,251,104,54,168,7,124,15,200,130,159,63,64,97,175,207,190,110,109,54,108,87,19,103,123,38,251,199,131,244,70,235,149,170,211,0,64,195,189,76,240,166,168,82,181,210,52,59,237,37,2,65,73,246,247,140,126,14,83,203,30,76,154,17,70,160,65,175,189,102,43,246,65,32,141,234,92,215,104,115,114,191,170,18,47,239,84,56,206,147,47,49,109,155,44,47,237,124,228,191,96,201,75,146,183,212,194,7,123,67,81,13,206,158,172,7,103,16,246,137,132,107,116,199,19,108,187,169,233,154,160,248,220,184,24,139,91,126,240,0,229,27,22,71,199,144,40,216,48,182,250,41,86,203,111,96,212,166,121,106,242,238,197,210,42,143,128,13,229,181,47,255,164,145,212,189,114,148,86,117,106,106,78,40,124,220,234,144,126,175,157,21,181,74,18,242,244,215,62,164,99,37,209,119,63,169,35,69,215,215,133,122,179,125,104,5,125,202,116,161,184,8,113,14,24,59,7,188,4,108,68,34,226,33,220,210,159,56,87,87,222,69,150,43,43,205,123,53,230,63,162,219,185,244,50,152,122,24,196,48,252,106,83,18,141,157,88,96,212,62,145,62,247,182,107,40,81,61,175,247,108,40,115,84,62,134,31,18,195,112,171,198,145,205,229,62,69,166,87,28,161,53,154,15,250,29,230,34,136,115,240,72,23,217,207,192,70,58,76,208,142,133,65,140,169,242,5,206,63,40,23,121,130,9,37,131,174,39,14,94,17,164,191,210,144,231,66,246,148,248,177,67,40,46,235,120,190,27,215,106,148,149,6,127,52,122,248,35,100,22,245,207,225,74,214,103,254,146,207,226,240,207,21,19,93,216,216,125,77,35,245,71,67,83,202,81,9,18,71,229,191,88,31,186,76,206,171,63,210,9,60,227,43,157,140,47,127,87,37,46,195,28,240,72,66,105,232,125,116,244,112,94,210,116,136,107,20,189,175,247,232,110,245,166,247,236,137,97,255,90,242,127,193,22,124,40,119,237,197,23,10,39,85,3,0,197,232,250,44,72,117,130,21,158,182,181,217,172,158,3,15,189,181,171,221,122,23,89,156,209,236,191,60,236,60,37,100,16,166,69,92,153,37,131,105,78,142,180,181,222,4,206,150,230,44,146,246,219,97,83,69,172,240,100,172,156,23,206,59,186,186,74,89,26,93,15,18,88,179,33,32,246,238,89,119,115,170,168,181,38,151,151,69,127,220,209,120,68,18,248,7,228,165,183,236,240,14,110,200,60,58,117,144,55,82,44,71,61,62,22,55,135,149,235,56,221,145,70,227,125,38,90,239,115,164,141,221,121,42,6,230,149,176,206,83,125,142,197,57,57,182,192,219,65,240,250,215,118,199,214,134,147,40,200,95,93,210,194,204,140,111,64,209,229,78,145,70,170,128,52,213,155,222,220,185,73,246,108,142,26,112,30,183,23,90,217,91,9,208,88,99,119,217,199,223,174,131,93,22,69,128,136,175,165,126,87,250,155,124,183,90,5,223,167,126,107,72,149,19,185,131,171,157,203,131,101,232,194,197,210,6,79,199,135,170,218,255,188,228,43,131,68,137,111,86,155,57,132,22,145,207,147,53,197,46,155,246,57,123,224,109,67,113,167,32,9,28,24,181,21,42,113,206,73,125,2,83,243,174,156,232,204,28,113,187,102,105,38,129,251,6,158,173,78,31,61,212,175,137,234,16,126,195,159,241,248,255,200,23,76,130,86,59,126,195,5,8,50,23,195,34,244,206,56,180,203,198,183,226,234,237,106,137,109,98,229,47,247,84,3,254,100,112,192,184,200,20,133,7,67,163,159,160,230,196,180,54,202,44,131,11,157,15,47,195,78,218,45,17,247,95,132,21,173,202,186,251,18,15,226,17,40,58,116,16,47,110,249,87,74,13,161,98,201,141,211,33,87,210,84,129,80,184,229,187,29,72,166,163,157,41,231,159,83,146,51,52,255,22,2,237,9,77,129,116,166,70,142,17,62,219,152,183,214,34,247,82,201,219,71,71,36,79,167,36,163,167,132,121,191,90,230,164,5,200,189,153,218,152,50,11,241,168,58,190,214,167,152,209,192,54,243,85,224,84,239,85,55,219,59,240,135,41,108,28,167,9,32,0,234,18,218,62,45,137,66,250,158,97,120,61,211,234,93,147,177,117,60,86,14,127,223,61,164,114,196,121,179,15,54,94,238,118,59,8,104,11,184,97,45,202,66,177,160,150,183,108,73,154,236,51,160,137,109,65,74,105,155,159,231,121,21,85,130,37,197,75,86,46,177,103,6,215,81,248,90,236,241,194,188,51,123,97,224,10,183,84,76,206,12,53,115,126,6,67,29,236,151,193,162,147,235,117,246,96,80,104,179,85,223,118,159,197,2,45,1,158,254,111,139,28,159,25,155,18,181,245,228,39,141,149,131,158,164,209,88,148,204,166,99,16,176,86,99,120,42,101,69,139,181,101,221,194,75,126,220,154,245,73,13,189,157,18,240,168,25,29,46,11,18,128,64,53,182,159,161,37,235,64,123,43,127,144,52,70,201,183,56,109,197,137,254,166,133,218,128,185,99,99,63,112,214,174,251,127,91,159,134,168,53,221,149,34,250,136,227,170,43,117,68,85,139,14,221,138,171,96,89,38,218,235,249,218,154,148,212,133,242,74,169,196,223,86,74,168,108,136,245,222,210,235,181,216,98,22,243,154,199,83,172,78,226,174,119,95,85,132,119,181,73,36,149,113,30,64,30,227,83,63,4,154,40,20,79,4,64,65,6,209,176,192,15,193,140,246,162,30,4,16,114,194,132,138,33,1,175,134,231,82,180,115,126,66,120,100,119,139,6,30,228,236,226,187,214,8,244,107,156,80,186,133,83,35,223,120,85,86,64,122,151,181,75,24,189,158,137,172,31,184,143,96,15,220,187,93,40,95,94,37,35,149,104,48,220,57,194,248,52,105,73,14,23,118,129,103,98,52,128,204,32,172,7,179,116,113,11,2,246,19,253,13,48,18,64,238,169,158,150,106,83,222,100,107,187,103,241,15,101,252,56,221,170,228,234,240,105,253,142,56,25,11,164,137,53,38,86,75,130,105,55,138,210,81,157,250,225,80,12,144,236,127,74,23,43,163,45,221,33,91,133,58,89,8,118,234,228,237,241,105,118,230,215,85,182,134,198,234,31,225,39,81,246,232,193,205,47,217,176,110,97,148,3,201,119,40,60,202,170,108,133,24,226,31,142,122,65,64,226,124,248,50,213,189,168,232,241,160,239,84,0,186,145,65,204,108,3,135,210,212,119,212,207,225,33,6,98,43,198,155,146,63,167,222,84,115,21,245,226,92,241,13,92,224,123,220,235,68,113,7,172,244,164,162,49,22,249,194,1,249,162,41,44,176,74,249,244,42,130,19,233,201,112,79,92,255,64,112,24,221,102,43,155,172,14,180,133,148,226,127,147,208,162,228,60,112,230,163,68,16,119,239,176,244,100,124,74,47,245,82,173,177,37,54,46,93,52,254,242,255,140,145,195,74,98,178,52,9,9,1,160,51,102,254,160,185,234,155,249,25,162,230,29,16,182,187,83,117,60,40,133,208,67,212,52,98,63,152,90,253,56,32,199,108,201,142,190,94,116,5,228,160,196,42,111,221,61,73,51,248,111,255,103,192,199,154,137,57,39,170,210,141,19,112,224,113,140,60,89,105,60,240,164,61,64,198,227,63,154,77,210,85,200,233,40,30,47,247,183,153,70,40,211,178,58,119,54,12,210,116,90,91,98,225,202,177,122,9,41,255,124,74,110,82,214,112,216,22,140,111,164,2,151,238,148,118,206,217,83,20,51,147,247,125,236,6,174,133,112,10,237,148,49,89,98,169,5,132,205,81,170,89,21,211,217,173,250,147,164,61,120,90,183,126,218,236,153,250,98,208,130,16,80,73,79,74,13,205,36,18,164,19,247,226,32,132,7,231,28,35,197,7,29,164,158,202,59,68,74,126,232,77,49,47,206,154,37,246,153,139,193,183,78,124,27,156,18,120,134,91,174,54,138,189,247,37,103,210,219,66,158,22,1,81,170,24,231,195,139,227,164,214,255,61,133,92,213,122,123,239,199,240,19,188,125,32,148,156,45,234,47,77,73,51,161,206,71,141,108,197,162,44,102,144,16,3,152,27,49,150,230,5,81,25,110,14,1,185,76,244,209,124,59,166,24,215,121,34,46,206,179,226,187,83,233,215,179,70,43,80,188,60,194,144,106,200,65,192,249,227,4,79,204,59,30,83,54,197,20,252,40,193,83,63,137,15,237,137,210,32,120,138,146,216,104,223,41,30,253,8,180,29,145,203,162,195,32,53,106,45,111,176,34,138,20,115,248,149,72,97,237,92,160,221,106,196,4,249,149,116,183,248,171,48,48,57,209,161,36,48,116,123,24,83,204,16,198,214,70,212,63,241,69,73,173,3,206,33,102,32,86,27,135,136,244,102,83,154,159,121,221,101,33,198,121,78,73,100,28,147,142,14,25,154,178,130,90,112,96,179,215,160,199,181,28,4,120,61,79,250,159,64,247,161,109,109,165,208,93,22,56,179,133,114,191,62,96,107,243,124,102,93,166,192,216,78,118,154,35,192,182,177,121,25,100,240,7,114,46,65,6,126,93,214,219,32,65,50,228,247,172,123,34,65,130,70,87,232,38,95,34,34,56,104,91,15,170,51,153,25,67,245,215,47,183,110,239,204,209,104,224,235,53,227,135,249,203,213,239,164,129,176,215,11,131,226,149,186,61,69,116,187,63,222,87,116,234,18,187,244,63,251,203,179,9,75,103,202,118,48,239,199,122,226,42,72,28,144,25,100,86,33,175,22,167,133,94,110,130,131,153,204,232,179,248,141,222,126,81,182,42,123,251,77,16,83,77,147,129,84,196,209,14,237,85,80,162,230,13,0,126,131,45,172,142,144,123,61,210,19,224,159,204,217,205,70,69,210,191,184,78,20,141,162,116,163,213,119,0,128,243,24,201,201,188,142,142,32,104,58,13,47,171,223,89,240,8,151,66,43,143,152,92,5,128,205,125,21,37,165,146,93,207,18,98,103,185,40,242,245,95,69,204,137,110,30,149,102,125,151,14,45,252,207,174,70,223,79,128,206,221,67,24,15,124,206,142,136,205,20,93,47,166,244,50,28,3,62,224,99,130,184,124,7,47,39,113,194,73,52,207,166,32,251,75,236,241,13,38,92,184,232,132,81,144,27,215,205,227,75,168,238,66,255,40,128,0,184,15,250,42,132,201,137,204,44,127,31,17,191,239,254,5,152,120,43,76,116,52,126,224,5,100,107,233,233,94,48,130,82,57,125,90,36,245,80,183,112,153,23,47,76,28,15,110,29,140,41,1,199,107,231,237,25,243,54,236,93,131,214,71,154,254,42,146,41,191,238,132,13,126,138,125,32,58,208,183,17,88,59,237,191,76,48,14,78,71,147,252,32,169,247,178,155,52,109,8,113,11,222,76,8,10,46,194,137,105,2,152,214,213,236,16,104,13,217,170,7,11,187,159,53,212,123,159,160,240,126,189,101,5,150,199,224,5,219,58,227,47,228,216,194,35,252,54,74,129,132,234,227,167,254,184,110,56,5,233,116,179,241,252,27,249,107,95,242,197,54,109,249,120,236,209,86,140,32,10,87,172,106,208,189,24,62,95,222,46,247,236,105,200,33,73,255,26,15,162,86,106,73,179,167,80,26,129,105,155,122,144,115,154,240,201,117,39,60,151,58,42,97,152,139,55,170,157,25,251,198,77,244,255,158,21,165,75,78,140,184,242,206,252,129,146,66,73,241,248,1,124,22,79,60,101,115,245,255,85,245,78,5,196,40,40,161,1,38,2,31,72,92,215,127,123,217,135,138,9,83,221,54,247,132,138,231,139,157,248,255,18,21,123,183,240,72,250,89,227,103,245,75,214,48,175,144,167,47,162,106,13,32,145,21,55,177,106,163,180,34,23,150,183,10,29,157,131,193,89,68,159,197,5,217,220,55,63,237,63,221,159,231,242,112,181,44,13,33,56,104,29,29,56,55,127,12,44,25,51,88,168,12,163,226,252,221,176,22,56,226,33,120,127,46,87,35,144,224,87,187,64,84,62,135,27,57,185,243,147,4,125,161,98,89,147,247,238,45,106,125,80,36,251,51,52,97,65,138,154,2,233,137,226,165,120,130,69,213,2,60,216,205,229,105,150,44,107,138,183,3,231,118,13,15,26,118,174,14,69,60,248,217,246,192,161,253,71,3,41,28,81,99,251,191,20,86,241,229,15,28,84,132,218,79,212,221,153,154,0,104,114,111,52,178,88,208,169,67,108,161,220,149,211,128,141,56,27,5,105,77,250,38,217,250,175,3,158,165,116,84,21,71,149,41,190,0,244,83,246,123,197,161,204,110,19,49,152,202,202,113,32,202,228,158,4,159,188,19,186,25,140,55,11,138,107,170,219,95,205,123,11,97,21,55,69,125,181,221,216,128,80,221,177,235,12,227,199,62,247,35,148,251,243,61,207,184,68,83,115,247,146,136,220,237,124,65,188,7,15,250,46,106,208,252,253,113,110,199,90,73,212,234,42,88,155,38,116,158,176,210,177,211,151,123,83,9,139,221,120,119,139,211,121,145,83,125,57,220,93,201,220,237,197,237,105,245,122,153,184,230,219,11,92,254,65,56,147,243,164,54,47,42,199,216,113,43,147,160,38,235,117,231,205,22,231,230,2,69,114,156,200,7,98,173,18,205,5,200,124,127,95,35,216,160,254,234,79,41,127,57,79,99,47,7,190,142,238,109,23,204,3,209,51,201,175,4,244,156,163,229,162,16,204,121,180,74,5,201,94,163,167,55,175,82,245,99,34,101,164,43,249,178,53,243,102,163,11,215,119,62,76,243,124,207,147,140,108,126,236,89,182,97,74,97,245,152,29,240,63,100,232,122,61,135,27,29,146,29,75,101,254,124,128,86,117,73,74,1,95,248,74,167,7,114,91,215,136,142,76,30,30,65,214,10,76,155,180,126,151,159,237,64,165,41,255,51,118,7,206,51,139,174,247,129,221,246,182,214,223,14,99,3,9,147,78,154,42,166,65,96,234,147,99,27,13,65,55,108,22,160,180,146,97,138,148,41,49,16,212,74,80,82,76,195,244,203,173,249,158,238,108,24,127,150,202,251,245,226,215,102,87,212,211,157,151,214,118,60,3,40,114,120,184,79,163,157,178,140,217,126,86,50,234,155,9,24,254,88,58,97,154,116,169,182,130,157,32,10,246,243,43,37,161,99,123,92,240,190,109,255,253,90,122,31,196,1,241,24,174,228,169,58,80,233,242,68,192,230,122,114,178,223,61,38,11,39,230,187,224,20,44,253,158,31,62,130,196,121,3,24,11,27,100,63,225,93,102,20,230,18,65,172,218,149,19,47,42,118,224,39,148,245,215,160,136,173,205,229,4,255,169,231,166,229,197,166,53,233,172,244,211,194,135,39,11,20,49,173,54,57,225,166,214,83,111,43,231,92,99,24,82,34,88,26,57,251,200,210,43,155,55,7,206,74,18,235,171,152,190,66,235,70,4,205,21,193,64,48,166,21,212,110,190,211,74,68,222,147,76,222,165,102,64,172,50,17,210,222,125,71,193,45,237,48,253,116,204,33,198,86,180,51,127,95,178,14,78,44,201,121,234,149,181,238,17,153,34,180,68,200,194,235,87,100,127,146,113,226,22,223,180,226,123,184,29,48,157,148,214,2,36,140,80,50,25,165,52,203,197,84,22,119,103,193,100,118,174,163,83,75,30,47,209,34,247,181,196,74,69,110,169,237,226,182,252,232,18,31,44,239,218,63,118,51,122,117,68,22,163,167,182,90,240,200,146,247,4,206,43,39,198,121,184,221,81,215,170,21,16,65,174,246,140,237,145,248,149,115,17,65,25,27,101,156,45,148,233,50,108,234,144,122,12,128,102,241,88,8,113,141,170,226,15,116,210,248,157,93,164,178,103,253,231,99,23,58,51,62,23,178,75,219,2,130,81,134,255,63,19,143,103,66,157,59,111,13,174,86,110,165,253,96,27,59,67,26,46,62,1,153,156,186,176,125,187,227,62,152,47,223,239,4,162,246,62,54,183,52,29,158,228,234,45,248,237,80,254,134,127,207,196,207,150,207,1,193,136,219,163,80,47,248,69,198,166,170,26,156,152,68,170,198,244,34,27,235,244,210,206,22,61,174,141,202,118,3,17,215,248,176,227,158,117,234,205,182,4,169,240,90,124,238,185,62,63,35,194,134,150,98,103,141,32,180,91,39,149,102,233,29,27,39,218,135,218,150,151,69,227,46,102,147,124,94,3,66,67,99,177,208,85,15,149,213,212,184,142,105,95,164,243,45,189,20,22,180,168,166,16,177,187,233,34,200,165,227,140,122,223,183,117,66,237,25,198,165,118,194,180,29,192,36,73,248,98,59,42,67,252,246,104,99,68,36,181,208,59,84,22,164,253,49,53,90,87,88,13,206,122,68,177,49,89,46,225,146,254,94,58,95,185,62,162,19,55,234,44,17,248,28,77,18,235,59,212,30,88,5,97,221,120,7,59,129,31,231,163,227,121,209,134,205,89,217,113,204,70,164,76,114,62,242,127,208,80,143,200,94,250,101,180,154,91,35,108,63,163,248,141,78,249,210,30,246,60,243,126,112,44,151,40,223,193,91,103,184,160,196,182,44,79,188,97,227,142,61,187,53,123,185,215,150,218,227,179,56,224,57,160,65,127,117,202,239,220,178,210,205,23,112,212,9,253,197,18,17,124,196,131,94,9,217,48,74,24,29,8,176,249,128,22,13,103,100,25,117,220,202,248,111,169,150,13,91,69,55,21,110,228,124,58,167,186,25,129,18,94,210,6,41,71,138,191,81,66,22,241,240,103,104,228,203,118,213,7,178,128,73,12,115,39,199,24,11,181,180,229,40,180,247,139,48,133,176,56,15,11,142,228,1,155,209,122,155,206,205,62,57,200,55,196,70,130,245,85,221,224,150,26,56,144,62,128,150,88,201,60,40,60,220,106,33,148,247,79,23,241,231,158,194,52,188,98,202,207,92,229,130,232,208,241,26,197,86,249,15,184,173,128,11,228,79,91,146,227,6,193,61,5,29,171,148,56,121,190,12,187,105,173,29,228,246,104,217,144,3,152,100,75,228,101,101,227,159,255,184,85,119,113,144,159,220,252,16,51,212,245,147,116,12,3,14,12,148,8,70,160,128,85,250,48,217,73,36,228,134,218,155,75,0,175,139,22,68,95,164,221,131,14,220,166,209,138,89,228,121,163,113,69,221,14,109,46,205,137,249,34,68,242,102,180,33,27,237,204,183,131,16,20,101,49,152,154,95,235,206,94,135,166,135,114,239,178,86,113,54,178,143,212,179,235,143,90,40,138,96,233,246,194,102,17,182,94,89,225,141,43,123,174,194,22,94,134,104,70,105,13,209,47,28,164,58,199,109,51,89,118,13,135,47,52,238,213,215,198,117,218,121,235,185,250,38,224,165,102,136,195,9,157,17,56,152,91,176,0,66,60,216,255,181,102,196,192,61,77,100,235,91,205,163,174,178,54,153,137,158,196,31,228,220,22,64,134,190,97,209,120,153,100,209,58,252,37,111,216,186,65,190,182,172,27,26,49,131,58,107,170,21,96,49,125,35,190,112,170,240,110,159,6,102,139,42,34,218,85,223,61,53,190,103,111,20,178,186,78,96,224,226,162,112,229,170,202,137,87,203,189,4,132,244,190,8,221,183,204,40,225,243,152,190,181,73,157,36,171,255,102,224,82,137,207,211,112,52,119,118,47,201,98,76,87,206,101,129,227,104,21,109,143,83,167,133,255,119,58,7,105,190,11,196,17,239,180,247,176,111,106,142,213,100,223,120,221,44,43,141,198,154,193,0,156,140,150,91,0,61,225,116,237,114,71,226,72,177,198,13,114,212,199,125,85,27,13,165,197,243,131,121,57,74,187,59,54,37,66,81,188,89,235,112,134,160,200,213,218,17,165,5,22,168,140,198,231,86,116,244,54,137,119,74,164,221,41,124,76,251,141,103,234,244,49,122,128,234,111,110,92,195,130,183,118,179,115,239,210,26,248,52,75,235,201,128,145,203,145,196,69,68,168,24,35,203,185,203,53,183,76,118,184,196,219,80,206,73,182,122,214,33,242,47,240,77,90,28,83,198,22,25,227,105,169,64,10,146,136,42,153,180,85,10,138,226,112,53,12,237,200,59,214,186,227,217,156,250,236,214,41,71,128,21,115,212,105,15,233,61,155,186,189,130,21,179,30,26,126,251,92,49,234,214,154,95,194,211,21,46,189,92,186,152,76,144,68,190,65,135,119,194,224,171,157,103,175,212,213,239,6,44,115,185,31,194,113,82,139,148,137,23,207,163,26,191,47,47,8,8,218,59,132,116,202,19,181,197,85,143,128,92,20,196,211,10,91,225,214,4,255,207,23,60,171,158,42,241,27,18,154,230,54,41,238,251,204,223,80,8,214,163,137,39,36,182,9,5,212,180,2,70,49,70,171,40,103,216,6,223,28,191,78,64,227,208,185,70,226,92,246,12,225,61,100,214,251,7,13,181,12,175,74,51,234,33,62,138,17,219,205,24,247,72,43,31,107,175,161,239,211,168,29,0,155,145,129,3,77,5,237,126,84,244,68,49,249,2,179,222,170,204,173,169,179,39,1,120,24,181,59,203,206,207,217,212,233,81,145,136,101,38,145,16,13,117,155,171,30,172,205,202,44,208,197,145,111,211,98,209,51,18,225,195,121,54,31,56,223,224,79,255,136,109,84,64,201,8,191,122,115,246,1,232,231,2,243,201,193,80,122,17,105,216,90,205,248,107,54,29,86,179,78,217,153,227,43,196,124,188,236,109,7,78,40,255,57,64,131,8,18,150,212,43,4,220,153,60,239,168,71,184,70,41,15,177,254,59,229,135,58,244,26,34,164,49,112,202,121,244,116,55,113,132,114,33,96,4,213,49,143,199,82,149,83,27,112,166,10,62,76,190,99,223,108,10,238,60,39,16,135,5,177,188,176,147,37,3,90,135,99,104,60,126,60,202,134,124,78,30,86,60,45,55,110,43,11,153,154,225,24,30,65,27,61,140,4,113,21,194,45,50,53,111,80,100,12,142,114,209,166,50,154,32,104,106,32,139,90,113,233,120,94,13,35,176,238,74,50,133,82,20,82,205,121,223,234,254,145,33,163,203,17,168,95,232,111,121,216,211,33,74,45,171,15,47,5,92,193,165,116,200,159,135,209,219,232,175,188,220,240,56,10,139,70,97,244,210,3,38,155,229,4,196,218,16,209,153,35,145,126,77,67,249,174,183,61,22,98,187,104,179,143,82,224,98,158,66,114,243,215,110,212,240,142,188,122,25,215,72,63,122,252,31,29,92,213,111,226,145,144,194,42,152,106,197,198,55,181,204,24,19,167,144,21,45,138,125,129,165,173,160,70,215,3,172,56,109,197,188,57,196,201,59,182,33,207,79,214,171,213,10,123,134,249,152,102,159,62,15,119,211,213,202,21,225,179,76,158,103,159,159,130,163,151,251,246,182,220,176,71,82,55,204,26,146,21,153,6,25,0,65,42,138,136,168,114,232,72,198,48,115,65,108,110,0,232,199,44,227,110,254,11,135,85,185,16,254,60,7,120,239,28,237,201,175,248,69,148,207,92,82,63,138,172,242,11,85,194,76,16,217,201,125,171,255,214,17,68,1,120,99,250,124,214,112,20,60,248,23,105,40,142,195,19,186,172,38,178,38,40,246,230,220,143,42,28,15,116,12,39,110,245,8,217,196,119,112,39,253,184,82,188,237,119,220,141,104,53,101,184,153,197,170,166,131,98,45,195,126,212,191,175,183,69,52,85,48,91,136,87,204,139,76,99,7,60,46,189,219,72,60,125,117,188,94,173,60,9,245,144,38,131,21,156,38,21,172,206,35,129,2,203,94,21,80,136,32,96,13,83,128,208,48,46,12,35,113,143,252,104,182,212,171,65,207,63,215,98,124,192,189,205,52,48,161,69,254,107,174,170,54,194,91,231,179,245,112,156,170,235,60,113,119,138,11,226,146,208,117,13,205,26,49,81,45,211,32,161,31,55,17,113,47,40,160,8,131,221,154,201,49,184,9,174,88,96,77,117,113,52,57,172,213,236,5,104,164,43,119,214,51,211,98,70,229,178,147,239,91,0,195,7,41,59,250,100,161,222,151,240,31,104,90,154,195,40,230,176,199,97,106,22,44,186,90,243,59,46,234,82,103,193,79,52,213,40,162,26,100,120,166,158,150,98,228,226,228,41,104,213,160,117,141,118,198,96,166,18,83,50,155,10,217,88,66,128,139,155,68,130,129,218,36,76,224,118,23,142,1,9,123,158,4,225,118,195,108,176,36,147,41,149,113,144,73,224,81,130,184,224,68,147,194,9,154,128,94,51,78,85,6,118,38,244,33,167,156,81,1,71,223,108,204,5,31,122,72,50,199,213,146,68,139,100,223,147,157,221,88,176,145,192,184,16,135,246,23,70,100,120,149,174,190,250,171,192,229,5,119,133,248,245,250,225,193,169,14,52,214,56,118,93,87,9,122,164,177,2,213,235,42,108,122,141,96,172,91,181,112,185,77,216,205,84,26,107,53,7,201,74,235,137,109,22,98,163,66,84,243,137,187,62,151,136,28,153,190,123,84,125,156,246,204,132,210,231,116,26,66,49,177,65,254,58,223,9,196,99,149,249,132,222,239,118,228,227,124,135,91,246,4,37,8,132,16,169,155,122,238,157,147,216,252,110,0,123,112,165,193,233,102,116,20,197,148,131,41,83,54,151,14,81,206,85,221,216,8,219,249,6,19,231,233,194,11,90,222,105,75,58,11,26,189,191,215,21,133,37,236,233,62,149,1,130,4,162,50,63,40,58,234,119,140,190,117,97,247,184,120,59,128,183,212,168,114,238,234,25,179,84,224,182,201,157,45,212,43,77,1,60,96,210,188,178,120,175,135,63,108,125,52,114,87,216,244,108,113,21,102,48,43,233,8,225,231,220,216,209,250,45,31,217,36,184,225,29,119,206,5,190,172,179,112,139,175,29,88,106,236,160,10,22,137,13,137,92,200,198,72,154,208,47,243,38,90,56,0,48,61,212,200,184,118,13,214,121,111,152,0,127,251,13,129,187,86,29,97,121,117,70,1,173,91,170,213,78,27,116,54,163,95,23,133,131,219,90,69,71,96,212,67,145,98,25,229,182,206,163,94,35,251,215,161,122,9,104,133,139,96,195,72,110,230,206,129,225,35,242,148,108,122,144,184,62,25,85,10,178,34,200,239,218,5,187,67,227,170,243,208,82,103,131,150,148,116,37,50,242,73,18,153,221,1,31,51,105,102,72,83,35,156,209,219,152,135,102,105,123,44,116,250,105,20,239,55,232,160,128,120,82,15,212,124,148,187,185,39,153,92,235,145,44,74,137,156,198,157,154,48,67,8,123,98,32,122,249,143,198,3,153,156,57,41,114,85,26,106,78,199,53,153,245,120,105,171,83,234,83,235,199,56,255,14,164,57,158,222,167,85,138,175,173,15,176,0,29,125,203,71,50,229,251,165,115,66,91,185,23,240,73,1,73,237,203,151,160,42,244,206,111,72,208,247,142,126,117,204,233,230,153,100,201,40,145,67,11,67,177,18,168,178,219,20,182,171,160,153,98,173,222,90,227,72,206,224,15,234,104,15,237,233,160,37,59,223,193,212,49,97,173,131,114,175,61,224,80,107,160,182,132,40,183,87,187,167,165,176,180,35,241,106,150,147,119,223,110,167,123,133,30,1,20,7,124,129,24,5,79,79,106,183,57,212,95,157,188,149,192,18,1,62,225,80,63,178,227,163,171,158,202,221,57,161,174,9,167,0,127,123,207,242,160,144,139,88,235,118,36,216,109,145,85,28,189,27,67,198,215,129,121,40,110,241,126,151,3,42,186,243,238,62,241,175,87,30,181,90,67,158,191,206,185,174,211,175,52,180,126,153,195,145,171,164,41,87,149,202,84,73,172,77,127,211,55,229,164,150,96,1,133,232,108,24,101,176,139,95,197,126,118,180,28,1,92,86,66,51,34,142,57,199,53,136,178,25,227,232,162,214,8,184,174,101,47,28,16,232,34,196,87,218,68,108,158,148,73,44,73,78,106,26,154,200,24,106,142,140,137,84,74,160,199,114,48,250,46,247,218,238,118,126,56,81,160,217,109,22,179,155,246,207,126,184,102,32,71,103,86,250,209,230,157,194,54,34,183,39,197,223,107,146,94,186,127,69,79,43,160,204,4,102,4,64,186,119,100,29,123,183,63,25,54,10,72,27,52,82,98,3,17,120,147,175,163,132,224,176,230,98,27,134,207,208,204,32,49,46,229,136,189,225,243,109,224,177,7,25,88,40,57,251,167,242,205,82,98,19,22,103,202,147,145,73,163,208,62,67,149,29,97,231,117,49,67,109,2,28,191,151,132,205,225,160,16,0,68,67,231,220,207,242,48,235,156,242,170,89,150,242,145,74,119,178,40,201,166,217,56,183,202,69,34,35,112,135,28,14,61,215,170,16,188,77,209,27,27,160,157,114,127,94,70,163,85,191,4,112,218,20,79,39,186,233,202,88,45,163,188,130,238,216,244,223,1,154,174,207,139,184,115,235,78,90,44,59,154,194,72,30,19,231,153,94,69,33,154,254,119,178,57,103,21,16,46,87,130,74,52,167,126,34,103,247,4,93,54,155,47,159,40,131,106,150,249,164,220,70,58,60,13,127,85,71,153,200,147,196,84,123,238,160,97,207,94,206,149,67,183,62,207,115,63,127,211,47,127,175,193,115,60,56,110,20,68,92,105,16,4,39,103,236,206,79,146,135,149,255,227,252,114,242,243,99,105,146,30,15,82,11,14,118,42,245,191,74,106,253,171,251,105,68,22,9,226,227,252,219,113,167,26,243,243,229,222,73,31,144,46,207,42,250,121,105,203,11,146,245,211,252,216,41,47,192,139,190,91,164,246,105,43,215,206,125,81,188,104,66,181,79,222,184,104,251,38,212,126,129,103,137,222,42,95,87,8,182,197,31,88,137,181,217,188,47,216,252,75,221,231,62,12,19,119,87,109,170,225,130,55,164,104,33,17,245,153,245,212,73,227,18,85,116,202,162,198,247,13,40,85,219,185,85,41,35,101,67,29,63,113,124,42,48,94,28,63,23,91,99,7,178,9,55,124,37,181,176,160,249,84,175,201,237,4,60,218,91,180,161,197,147,80,86,90,25,212,177,122,171,19,223,230,206,82,76,6,72,210,240,78,226,0,237,95,111,253,48,181,51,100,248,4,109,118,165,204,30,44,32,37,138,144,158,216,185,232,236,203,189,241,37,223,248,123,202,204,149,146,115,159,149,183,4,142,41,221,95,245,48,197,213,71,59,235,30,232,228,188,168,172,35,237,116,114,70,227,50,68,142,18,155,28,239,189,41,176,28,165,77,34,214,103,132,190,133,157,201,21,173,0,242,16,142,168,114,162,250,49,248,20,228,182,250,194,14,169,61,135,238,135,152,230,114,101,251,119,204,177,58,222,181,184,164,107,67,59,88,238,154,222,180,62,122,35,23,100,17,219,100,11,137,47,126,178,237,19,191,34,93,169,13,44,217,133,23,235,145,172,153,103,128,43,44,251,115,199,115,177,65,147,23,111,85,78,88,144,161,142,36,73,4,46,197,221,160,211,23,197,7,189,213,202,219,218,243,167,1,123,236,143,103,80,17,66,116,52,232,11,24,25,255,107,138,24,218,70,67,254,245,224,25,150,186,173,164,65,185,27,152,25,204,44,167,1,197,182,226,168,245,51,207,63,168,19,188,224,147,14,242,51,45,164,194,66,121,130,25,177,51,133,215,98,208,127,180,224,156,111,114,44,91,46,142,170,228,58,185,78,50,99,124,1,159,230,22,209,52,153,216,6,183,203,80,13,255,133,145,228,58,191,149,125,20,61,234,35,165,100,215,189,77,239,91,203,105,245,126,160,174,151,113,39,227,68,183,241,23,212,176,245,226,10,220,10,62,37,112,105,139,202,120,249,146,209,34,156,226,160,151,115,96,70,83,137,227,132,235,187,206,233,169,162,124,55,126,54,46,146,224,88,248,238,179,50,3,140,23,168,153,143,148,92,50,36,170,128,151,134,224,146,186,159,137,34,219,253,29,7,90,17,111,178,3,130,179,196,215,94,238,107,242,106,180,11,193,5,63,251,226,142,140,70,207,94,14,165,158,197,242,60,207,14,30,129,169,12,108,127,95,203,245,56,183,201,82,23,89,119,195,151,249,135,26,39,148,25,190,200,110,8,190,80,114,171,38,153,61,232,253,54,157,42,152,82,38,27,202,82,108,126,218,206,194,24,33,108,2,77,70,195,54,214,138,129,16,39,157,149,242,150,250,163,139,122,206,154,147,186,91,107,81,193,98,176,44,201,253,208,111,242,147,64,61,227,20,167,87,192,246,98,231,74,147,134,80,35,156,253,144,13,234,115,40,181,30,157,209,247,119,157,63,56,174,49,252,174,94,105,21,241,112,142,50,37,14,233,86,193,214,253,144,136,75,86,214,123,64,255,130,131,70,155,57,115,74,123,12,202,207,92,178,73,213,225,167,107,139,136,82,115,74,36,193,37,243,139,46,173,228,253,224,117,132,168,217,213,177,91,248,8,60,83,175,158,35,24,115,114,101,245,62,86,178,222,125,242,179,136,26,227,49,207,53,182,14,21,251,98,34,104,45,184,245,45,249,132,23,87,22,39,114,144,102,58,70,249,211,97,217,246,67,195,171,226,165,143,231,130,48,153,189,193,130,69,201,22,236,73,41,121,221,223,215,21,211,64,179,226,223,3,183,48,52,73,14,94,99,229,133,144,89,60,237,255,13,223,215,226,169,209,28,8,138,163,45,13,171,173,60,90,25,240,216,186,121,187,120,56,94,76,45,155,44,68,239,238,46,12,79,177,152,38,103,191,231,200,211,14,187,111,45,1,214,65,133,40,189,123,98,243,23,148,84,201,65,244,108,212,177,20,139,7,177,41,222,3,228,51,234,51,0,188,72,226,42,250,134,65,52,146,142,57,219,225,16,235,4,109,69,210,198,234,72,54,31,149,57,1,89,211,203,62,66,233,17,81,255,247,35,26,35,64,122,101,46,224,81,182,64,18,252,11,75,160,183,251,151,80,69,11,181,64,232,178,72,68,255,155,117,147,123,10,28,250,177,65,71,15,7,157,48,122,101,6,39,68,151,84,235,113,160,126,186,58,106,233,22,221,139,122,47,230,121,177,34,10,178,4,14,246,166,122,24,135,123,37,18,123,215,104,249,56,171,51,27,37,155,183,9,161,138,119,132,179,30,218,149,125,108,162,184,126,125,150,120,238,209,164,235,220,184,161,110,247,232,100,213,252,168,249,119,45,177,24,95,6,192,253,15,83,195,155,160,28,214,114,254,117,62,41,236,91,252,252,148,17,147,194,185,215,189,203,78,146,183,235,185,254,102,48,188,241,48,106,85,167,239,74,209,55,99,64,157,43,199,136,225,228,122,195,13,104,238,239,161,82,177,234,7,24,250,250,55,6,72,193,15,173,5,235,133,194,227,210,70,89,169,63,132,24,15,36,133,145,124,171,95,10,174,29,204,211,149,61,225,244,183,82,80,222,128,218,251,211,186,110,244,49,81,175,34,217,171,161,213,142,248,109,194,139,100,168,88,75,57,179,221,182,180,69,50,157,42,189,197,102,68,252,57,32,26,106,108,35,127,69,253,114,114,222,83,114,143,233,39,37,93,14,52,154,152,221,75,68,49,94,1,244,55,120,41,88,182,144,39,48,102,2,187,44,17,90,11,33,117,130,38,103,18,122,1,40,168,74,245,61,184,247,105,236,180,212,141,69,160,148,116,105,61,91,186,114,128,26,52,117,114,64,0,185,213,68,1,49,90,58,44,56,170,168,70,31,126,59,51,13,194,215,45,119,104,115,22,194,255,197,36,194,233,22,87,64,85,121,60,94,227,103,48,231,32,71,241,253,236,192,153,1,115,12,167,152,253,11,217,218,51,236,163,230,40,236,127,159,20,8,62,113,107,64,179,13,39,36,29,182,210,173,44,123,35,79,253,168,65,150,25,246,6,207,67,93,105,117,99,168,30,243,252,192,158,30,184,168,204,217,173,159,5,35,77,118,133,226,16,180,144,195,10,119,18,205,104,255,187,113,16,99,15,56,14,251,169,49,100,60,7,4,144,136,170,103,196,109,154,123,101,28,127,229,138,96,217,225,219,212,208,59,149,6,18,178,94,172,118,236,205,173,114,6,212,117,185,52,136,189,48,74,192,17,34,27,14,160,7,237,64,242,234,121,227,219,170,37,169,114,88,130,186,117,135,10,138,118,16,229,197,87,59,211,10,74,142,90,34,187,218,236,193,208,200,253,108,160,8,251,219,5,117,224,103,60,99,60,178,144,175,207,11,93,145,231,208,161,3,204,199,9,49,197,235,119,85,52,146,251,196,252,186,197,219,12,125,211,209,217,214,218,24,131,56,107,149,178,4,158,137,181,190,59,178,50,186,59,200,51,252,39,90,132,162,235,254,22,239,91,190,37,47,94,1,204,149,216,169,15,126,146,220,6,208,48,252,144,100,158,12,85,229,129,155,201,241,21,167,169,44,237,6,212,213,251,173,222,173,211,37,148,131,162,113,227,68,221,183,74,182,246,69,205,28,253,232,225,23,120,127,181,107,56,170,221,254,104,58,14,9,136,8,46,202,192,83,31,190,6,80,18,56,239,164,84,120,42,191,233,156,54,121,244,157,55,117,227,197,61,45,129,51,170,209,55,31,102,62,222,220,9,132,19,190,154,65,51,179,56,20,99,91,156,7,72,248,10,74,79,153,180,23,75,109,206,147,137,17,243,216,252,152,242,158,89,108,27,74,192,76,254,217,249,150,140,153,120,23,150,63,205,76,237,31,199,71,27,64,4,102,218,190,194,223,180,148,127,99,225,88,49,159,33,111,216,152,123,220,83,163,186,27,83,146,16,31,142,88,31,224,162,146,200,124,239,105,34,43,138,79,29,26,153,141,182,254,115,142,149,40,114,246,227,127,34,217,94,97,114,130,124,58,13,211,247,67,225,89,85,219,237,171,228,199,68,186,113,233,217,88,99,68,147,191,49,140,211,121,7,142,204,218,96,118,119,130,217,60,66,155,214,185,168,113,101,100,94,21,52,48,216,250,157,41,197,4,45,227,132,122,33,31,6,153,226,206,75,147,73,165,109,44,44,171,4,3,101,161,182,145,81,107,81,128,246,79,70,174,8,231,188,206,168,76,22,181,240,216,62,28,16,7,85,216,212,249,39,58,78,163,34,173,233,168,187,119,240,122,129,112,204,128,213,176,162,85,187,67,124,141,136,82,255,192,117,151,170,92,24,105,81,249,70,16,16,157,237,202,201,134,204,117,23,66,92,163,100,13,148,80,138,248,142,160,1,147,181,161,169,56,184,77,39,79,102,1,213,112,96,254,208,6,72,21,203,215,146,148,119,199,225,220,139,218,199,130,197,159,167,23,2,225,59,69,21,243,178,40,32,69,243,9,26,175,66,99,226,148,136,127,85,53,138,93,21,4,150,1,89,85,229,60,79,93,15,218,123,76,224,36,242,32,115,173,233,82,234,100,113,40,133,192,136,177,122,124,33,18,29,134,228,110,30,123,195,114,70,24,246,159,224,80,63,127,70,186,233,165,76,139,0,189,124,181,34,83,224,19,131,255,4,128,32,51,30,34,7,201,96,234,32,209,204,176,9,174,218,209,197,21,21,167,31,120,75,128,88,154,2,214,101,254,91,160,141,98,25,167,11,95,254,188,170,131,148,4,147,21,105,141,196,35,198,105,223,245,79,44,32,9,114,126,9,237,193,211,72,7,205,248,235,120,102,101,21,192,215,242,172,145,8,115,159,74,210,3,50,65,244,15,31,197,120,173,158,94,110,141,160,218,18,1,90,185,209,108,157,134,181,125,62,1,90,70,188,118,8,104,190,112,135,232,21,16,172,234,64,184,206,169,226,18,166,247,66,48,191,35,29,92,8,196,139,72,188,11,110,103,215,155,218,138,82,41,68,98,70,111,30,5,39,139,146,162,180,137,25,43,94,129,107,35,140,107,84,64,28,6,47,104,110,238,24,62,27,47,23,99,1,91,22,129,235,186,181,239,49,33,119,191,9,6,55,198,167,21,68,169,227,43,74,70,137,109,84,183,111,107,50,25,38,242,57,12,103,64,179,80,209,132,145,89,218,222,54,222,50,242,76,15,56,114,82,105,6,223,32,228,119,51,45,83,2,226,218,22,136,15,33,90,77,197,150,14,131,99,96,229,144,10,222,189,170,60,130,69,248,242,173,166,144,181,215,91,167,212,171,252,206,104,43,187,76,47,22,250,75,6,64,110,36,254,157,110,23,191,161,88,147,149,82,161,81,16,228,185,139,56,236,50,95,202,3,183,215,59,101,191,17,137,43,102,106,8,241,187,144,164,69,132,23,85,156,228,94,202,69,166,157,115,191,36,198,80,234,163,123,40,219,201,167,35,89,76,52,215,246,24,159,97,51,98,195,237,33,120,19,217,204,74,157,242,113,209,81,153,93,184,110,70,78,19,71,101,31,144,111,148,114,91,212,116,143,102,122,203,94,57,129,216,76,153,74,172,255,164,187,245,169,220,198,132,130,36,181,142,29,205,23,155,183,99,6,32,34,95,236,44,50,97,234,117,71,251,166,46,140,123,62,156,13,126,35,116,174,210,135,67,155,42,211,31,130,229,167,117,252,227,28,236,119,103,241,120,42,152,241,35,154,172,7,2,32,211,54,180,28,25,30,73,188,242,185,36,51,251,231,220,244,124,250,71,249,145,138,241,17,36,58,81,83,228,88,203,153,30,195,109,163,29,51,247,194,87,122,172,87,63,10,71,250,29,67,205,254,186,108,182,224,15,15,51,160,115,110,84,147,226,43,98,38,134,58,16,151,53,124,215,174,94,213,12,23,255,95,223,4,81,28,22,85,131,108,224,209,1,236,149,83,225,122,24,251,114,58,152,188,240,109,104,217,137,206,6,44,159,75,181,86,179,196,158,175,14,134,206,85,167,124,25,119,29,105,113,34,81,118,191,160,112,247,211,113,214,82,182,150,130,61,173,4,233,90,10,200,149,72,206,120,176,48,232,13,101,209,11,255,172,184,46,41,203,144,49,64,99,48,191,148,155,143,172,213,53,235,14,130,199,175,131,167,160,52,3,44,86,106,175,161,51,148,115,130,97,30,157,85,46,73,168,175,7,145,11,142,2,13,142,195,95,41,42,214,150,84,133,231,25,34,44,140,141,200,87,87,223,164,134,167,179,41,148,153,249,12,143,59,82,185,225,8,82,191,153,213,49,215,174,152,246,217,52,44,172,24,80,146,229,223,62,122,10,136,236,13,194,87,227,36,130,96,190,176,43,30,119,96,6,118,2,44,11,130,219,85,194,120,24,204,241,201,51,32,191,143,83,187,219,119,202,229,109,139,129,85,171,100,180,219,92,57,96,201,165,94,243,243,132,107,135,31,120,83,115,248,115,140,151,86,227,173,252,235,105,171,96,121,148,252,79,29,106,20,145,136,207,31,63,228,13,146,4,47,212,245,229,20,107,254,247,85,209,13,191,159,25,71,13,212,219,245,227,117,122,128,9,70,244,157,27,118,28,5,183,171,145,212,45,30,57,36,0,144,190,219,86,31,212,34,176,182,161,247,177,221,27,107,145,222,89,210,5,154,236,101,217,247,213,21,61,99,166,129,150,84,161,108,33,55,121,119,12,120,246,195,34,191,130,121,242,175,174,233,115,56,192,42,243,56,18,0,247,174,182,160,163,137,86,79,216,5,41,162,141,106,137,121,168,8,136,40,15,232,43,17,150,14,130,21,2,194,255,93,59,240,248,97,171,160,137,189,221,164,80,198,210,88,207,157,103,238,16,113,211,84,175,121,171,255,51,43,14,177,204,252,60,190,227,192,112,19,204,228,69,152,181,181,188,149,227,87,134,120,64,93,227,1,236,56,10,227,219,133,68,32,93,115,248,206,31,104,243,203,175,127,209,172,124,27,213,235,202,91,60,188,38,184,132,217,15,50,139,228,63,215,23,11,121,35,251,68,89,8,132,25,150,164,207,23,187,188,40,8,193,168,172,0,46,39,156,217,116,0,19,216,125,44,228,69,188,224,234,2,218,52,61,252,158,205,33,124,144,118,117,215,246,75,158,245,194,215,154,83,211,53,224,194,172,130,178,56,83,117,115,248,235,24,13,97,142,106,137,6,195,157,157,96,166,58,110,179,168,208,210,82,64,205,52,137,103,220,189,1,92,135,16,113,253,250,60,159,158,158,191,190,149,248,21,191,240,28,75,85,226,208,206,137,251,128,210,59,196,119,178,141,138,157,91,37,20,191,122,130,82,10,226,217,151,83,22,158,189,82,170,128,45,236,117,235,86,11,230,115,53,115,172,0,162,162,113,115,5,243,65,150,154,74,169,255,151,187,205,136,78,57,53,194,181,205,173,183,27,186,134,201,102,137,182,159,21,169,254,224,53,0,92,148,253,173,38,227,161,35,98,12,72,226,122,100,254,201,233,252,7,31,200,214,239,15,13,187,134,212,244,60,48,136,93,46,147,38,171,68,235,219,190,137,71,0,154,163,126,242,187,175,118,215,194,196,114,17,82,120,100,220,143,49,176,100,26,73,174,176,109,116,239,74,160,83,193,7,0,203,22,0,212,172,27,201,194,228,77,114,242,85,175,179,158,16,121,191,104,90,203,52,33,8,169,2,222,76,27,56,167,246,238,186,201,158,145,123,120,5,194,79,72,96,5,14,96,4,188,27,98,14,241,79,97,110,248,47,135,210,206,98,212,93,71,199,235,246,214,18,163,190,8,1,120,216,52,207,68,229,3,132,0,34,81,79,222,186,97,191,119,60,49,205,78,25,129,191,245,37,235,66,127,249,234,203,211,130,24,4,240,106,54,47,152,229,40,217,121,225,15,174,45,213,61,145,151,111,147,133,195,234,27,152,224,134,37,87,168,160,87,118,226,134,148,219,56,218,201,85,29,210,42,67,44,216,141,22,177,11,250,189,55,0,45,4,231,226,11,223,225,114,183,9,245,146,199,218,138,90,110,59,81,201,100,199,191,139,0,62,65,189,28,107,231,197,30,203,106,173,186,68,29,58,160,193,247,2,63,134,169,208,129,32,118,77,16,86,174,114,40,121,12,147,71,217,229,223,131,113,44,253,177,161,137,40,104,66,49,55,241,253,79,133,8,200,12,55,249,146,23,43,219,34,23,230,1,145,138,0,32,249,99,193,157,179,116,127,148,236,24,49,39,58,153,205,183,11,213,249,164,180,142,132,202,83,55,1,92,154,47,205,78,152,73,72,122,200,64,245,218,214,203,27,17,93,241,45,32,118,182,188,59,100,246,39,172,231,244,93,54,114,228,84,205,129,82,107,209,210,163,9,157,92,160,118,14,50,223,32,66,229,241,59,50,0,1,210,188,108,234,204,228,243,120,137,190,166,105,91,204,69,12,113,24,93,93,176,249,26,77,176,179,60,179,121,92,60,174,75,50,75,123,85,245,151,202,218,182,249,104,164,73,70,0,116,223,189,137,195,93,112,172,182,218,80,191,58,217,197,160,169,28,207,139,170,205,13,66,65,252,137,114,208,20,134,103,174,171,103,66,79,91,44,160,130,65,62,104,141,194,113,14,97,177,99,48,30,246,221,207,247,178,106,238,147,245,146,28,249,96,167,221,217,131,142,134,42,5,35,154,91,46,117,17,169,2,102,221,87,59,106,254,47,42,58,208,94,151,77,217,210,213,251,107,192,6,202,56,40,159,168,75,202,0,81,100,156,123,70,72,228,57,44,238,156,65,81,49,156,123,26,177,40,19,18,156,49,67,113,180,142,70,69,68,200,102,29,96,23,128,157,211,213,208,67,74,249,10,180,175,103,105,168,177,219,237,32,1,251,32,174,195,73,222,251,71,75,0,169,208,97,43,112,88,167,60,245,145,41,180,92,130,117,92,188,146,181,162,123,93,193,217,250,221,234,194,248,41,79,244,13,100,98,127,231,75,222,184,64,60,67,112,208,114,229,29,197,187,55,225,34,111,119,52,194,54,170,5,63,163,61,51,100,76,35,64,87,42,190,224,12,133,126,191,192,250,94,50,57,80,149,42,44,210,76,126,72,158,58,2,235,178,212,19,253,215,50,192,110,173,70,26,55,53,216,26,135,224,105,133,77,139,24,236,161,162,90,249,17,155,31,66,194,255,96,183,93,201,48,202,126,50,38,77,127,238,74,129,154,62,110,68,216,196,228,138,237,212,202,103,212,140,196,49,151,19,2,200,34,52,235,49,254,46,179,220,168,5,236,209,244,114,147,121,55,65,252,63,85,41,158,16,182,23,205,223,65,68,148,186,178,117,192,137,42,80,11,162,2,243,91,103,225,195,119,251,168,89,41,204,104,190,58,253,196,24,233,142,150,118,94,91,252,73,45,63,73,111,167,222,116,83,39,193,81,75,6,73,41,89,168,243,54,32,95,40,70,198,38,242,171,187,13,24,135,124,165,251,33,133,135,121,58,33,150,240,208,177,169,252,51,54,70,15,185,202,122,152,147,140,176,139,101,162,215,117,47,203,140,248,148,239,53,77,254,84,142,77,160,251,7,99,142,84,56,28,114,246,208,106,87,209,108,53,190,178,49,143,138,28,137,13,170,119,80,141,207,90,115,72,141,204,203,148,108,152,54,107,163,54,83,102,67,147,174,196,73,4,235,67,103,76,24,244,99,246,242,150,105,46,249,128,21,132,219,36,94,175,68,51,254,3,154,161,137,141,18,133,24,83,239,69,180,116,9,136,128,136,136,119,242,74,51,195,196,177,197,39,215,85,158,137,74,182,110,132,223,100,87,62,133,161,250,255,127,226,112,8,252,244,101,215,53,76,90,185,223,232,96,127,117,138,80,12,135,64,93,16,66,129,7,230,44,225,130,230,60,8,23,201,176,124,61,105,178,36,115,100,19,26,232,95,50,80,96,137,178,177,201,220,157,165,19,147,101,29,157,113,202,78,17,213,58,53,43,248,155,220,118,166,171,120,200,26,231,67,110,159,202,130,217,255,38,115,20,99,114,29,177,32,121,179,211,212,76,89,1,235,57,226,123,134,42,193,245,182,17,187,95,81,25,252,74,102,33,121,93,71,139,123,215,48,105,198,153,143,221,191,187,55,165,109,5,125,210,179,75,39,91,99,201,166,68,220,214,3,166,134,189,124,139,81,228,245,101,146,105,56,112,32,1,35,240,204,69,160,77,125,41,164,66,155,111,249,53,232,232,141,89,44,108,234,98,0,141,235,47,181,221,196,188,30,55,205,172,162,109,32,123,18,145,165,124,249,66,174,177,226,30,70,225,26,149,218,161,136,103,164,193,72,204,1,140,32,58,188,177,6,155,102,246,225,56,26,79,219,63,18,182,3,242,202,181,174,39,25,121,121,66,68,151,225,59,165,219,156,190,187,153,106,15,98,27,196,217,49,211,234,247,68,201,135,149,46,200,187,57,148,150,43,219,118,112,187,66,34,227,119,214,10,106,106,217,18,108,140,31,175,235,211,15,135,84,48,207,151,244,182,84,80,46,73,20,117,24,8,216,64,28,45,58,125,11,117,62,224,112,25,205,65,179,176,137,10,48,191,235,23,196,155,87,195,162,45,121,92,40,136,54,25,181,32,190,236,28,241,117,86,174,100,35,37,233,6,193,54,243,202,158,150,40,190,4,178,60,254,28,73,221,102,168,219,62,13,70,88,164,86,77,25,122,176,19,25,215,103,76,155,157,38,197,146,233,201,23,188,196,48,224,116,134,208,46,38,180,90,62,241,54,217,0,154,160,23,240,203,148,253,24,181,116,110,12,112,168,89,57,89,194,99,201,207,197,128,7,229,14,26,84,68,109,129,130,9,72,124,34,27,159,174,41,81,59,173,80,190,176,129,247,240,114,17,8,253,136,241,57,25,174,164,24,170,40,148,155,160,168,229,65,0,27,200,229,26,226,126,18,232,232,246,190,25,95,152,161,52,114,88,219,0,6,52,182,217,190,175,223,165,104,123,97,167,225,105,39,28,176,164,83,201,245,221,139,165,228,178,241,229,86,5,221,76,169,236,51,109,129,178,137,236,176,69,220,68,70,2,188,222,172,101,79,175,7,225,245,45,7,0,149,154,232,37,166,33,47,75,72,86,79,119,76,84,243,71,62,228,171,124,231,253,130,97,65,63,178,81,54,21,181,167,122,122,80,134,98,127,89,164,179,188,16,64,21,65,244,236,193,41,205,234,159,87,121,251,5,51,136,113,7,106,201,118,213,117,115,8,225,246,3,206,152,24,143,167,246,152,82,106,205,217,211,95,231,88,197,253,228,136,85,118,36,208,102,86,250,169,167,174,180,167,123,243,135,3,23,38,219,88,143,108,232,252,181,44,68,53,87,92,88,236,196,128,104,203,110,79,67,215,4,175,252,47,119,65,162,34,45,27,204,130,75,105,127,230,229,73,127,53,2,67,103,245,193,109,96,99,128,163,58,111,203,90,116,171,243,212,144,22,190,239,50,75,90,52,177,195,138,1,238,65,39,210,82,88,193,29,63,125,221,164,221,101,26,25,130,156,167,156,96,157,226,47,186,142,141,239,251,0,175,128,161,229,93,170,194,191,14,246,71,191,79,81,214,221,49,206,188,103,104,6,119,139,243,120,23,171,37,101,13,119,173,39,106,54,31,147,128,249,93,151,105,46,240,54,61,91,148,137,25,245,181,231,120,52,247,61,72,6,225,153,134,42,138,101,55,234,51,99,183,174,139,40,201,178,234,54,18,34,238,122,242,136,211,18,229,226,227,123,164,132,107,248,202,182,141,150,122,120,242,167,180,52,108,92,251,22,72,28,226,97,50,28,56,48,215,129,161,173,116,49,152,179,192,148,212,78,119,78,57,174,188,53,64,20,10,7,101,170,182,103,121,180,130,149,82,73,154,228,21,75,112,243,73,232,216,223,109,88,216,156,18,82,27,238,177,112,216,44,32,79,76,33,73,99,2,63,222,214,4,59,132,244,203,189,78,66,20,238,204,83,134,245,60,97,216,60,127,36,97,128,51,142,39,191,37,135,95,132,237,248,218,42,1,186,87,100,71,97,235,202,198,92,131,200,234,197,117,187,218,86,232,8,45,166,44,99,254,233,218,104,162,27,29,63,116,121,104,238,198,39,145,201,24,38,196,115,156,238,104,1,255,253,42,89,4,86,109,13,4,246,208,126,250,121,61,103,63,84,7,94,189,151,98,216,92,21,87,179,205,215,103,147,145,120,63,176,151,140,254,113,227,68,60,134,165,180,4,203,35,170,47,59,13,177,44,141,65,94,6,247,64,159,4,40,12,100,95,9,209,197,85,245,253,141,9,235,163,244,59,43,140,208,200,239,123,166,36,246,109,21,158,204,106,17,199,102,239,64,31,92,152,196,76,4,38,161,252,171,113,221,54,242,246,159,19,93,230,80,182,73,151,206,89,25,212,177,253,190,45,45,55,39,92,76,244,254,191,120,175,141,101,218,22,79,91,161,133,71,165,145,254,231,68,243,214,221,236,43,17,126,210,104,58,206,112,124,153,246,88,66,49,86,228,45,52,201,133,110,14,12,3,203,222,77,11,58,164,28,174,15,230,200,190,60,94,231,2,239,181,138,106,155,60,154,43,106,87,162,47,139,195,178,129,158,241,113,239,62,81,113,77,247,216,172,209,97,35,42,191,168,116,10,120,50,118,54,20,167,239,28,142,161,239,7,139,220,168,218,209,107,107,179,115,190,213,242,211,31,153,175,14,172,149,91,217,72,46,129,132,224,118,195,30,250,203,70,21,187,44,80,214,195,244,139,68,230,126,169,252,50,11,112,134,106,161,223,165,209,174,122,153,206,222,19,77,109,25,30,121,240,129,191,109,107,50,153,15,202,216,134,113,17,191,173,39,147,41,103,225,21,79,152,202,13,164,47,240,27,34,253,239,29,7,81,98,126,118,247,160,16,43,222,39,251,218,88,50,156,234,156,80,144,239,147,127,113,103,220,232,116,211,78,30,231,72,218,2,22,210,157,76,198,3,118,207,150,72,113,44,48,34,90,178,196,40,98,198,139,125,191,60,172,89,252,199,12,127,205,59,169,244,90,74,207,211,31,197,60,231,230,199,212,36,138,124,68,247,4,57,29,75,166,139,114,27,32,244,103,194,178,135,200,145,164,78,136,85,162,19,240,20,85,235,125,159,254,67,217,250,162,199,85,109,240,242,93,89,53,96,249,1,7,108,145,65,214,30,127,12,2,130,33,69,29,60,216,164,48,15,155,127,62,88,132,165,82,202,160,144,199,206,86,195,56,248,228,45,100,56,163,160,73,71,143,81,247,118,94,46,159,64,198,135,234,102,89,248,75,234,60,103,166,69,123,39,247,127,77,198,231,129,13,25,122,125,109,85,186,35,64,186,180,72,229,85,179,168,19,219,120,249,44,161,238,183,71,232,253,93,102,179,160,239,201,141,170,226,60,151,236,68,190,81,200,198,149,58,193,177,226,206,110,212,172,247,150,185,185,89,168,133,46,199,167,163,144,45,97,148,25,223,159,97,187,19,149,242,47,82,187,89,20,31,85,120,248,95,169,155,20,250,17,119,104,214,126,49,87,254,106,181,119,150,4,205,137,181,189,87,54,253,135,66,213,130,104,13,105,214,203,186,73,125,9,156,239,34,142,176,37,88,153,58,248,20,22,139,244,84,19,94,8,55,201,242,223,159,226,15,73,22,181,31,0,188,87,235,228,20,192,58,244,88,229,187,19,251,83,159,205,176,45,60,253,93,184,193,105,160,35,168,196,161,42,12,89,115,84,194,134,232,72,127,238,191,21,30,201,203,64,244,14,71,219,222,242,4,119,67,246,173,17,16,187,114,8,227,161,39,203,30,163,195,53,190,74,140,255,113,80,33,237,6,88,93,34,138,121,186,18,174,186,64,249,206,146,147,42,145,158,40,227,53,60,68,147,166,237,126,141,160,65,201,121,156,228,123,24,226,70,46,182,170,45,97,237,244,117,121,81,106,156,157,234,217,65,203,232,36,22,132,235,12,143,138,238,29,49,57,23,10,90,1,153,103,5,0,167,32,151,229,113,92,226,99,33,109,228,43,188,122,94,31,196,8,229,139,109,21,155,246,178,152,219,23,116,87,245,193,88,140,219,27,194,177,176,57,87,133,31,118,116,99,101,32,229,93,195,184,122,234,161,207,17,140,17,184,233,15,50,46,80,33,135,52,53,101,167,255,165,189,56,255,235,146,135,5,38,122,96,0,45,129,250,49,86,143,150,203,214,110,119,128,188,34,218,139,255,109,158,95,240,134,228,89,117,234,223,63,69,96,227,203,166,3,66,32,70,254,117,193,114,165,237,90,207,169,134,64,244,200,128,33,63,223,66,108,198,31,18,250,226,174,126,156,242,231,5,96,89,55,215,193,42,236,79,157,25,104,61,23,43,18,174,43,122,71,19,45,78,47,49,140,89,218,81,179,58,76,50,138,6,151,197,25,84,86,138,153,209,42,135,192,186,1,120,56,146,13,10,205,29,5,111,135,147,37,78,223,11,194,50,149,178,212,116,31,103,239,68,70,231,35,155,223,174,71,98,246,110,85,109,71,177,80,47,180,226,49,65,38,189,180,42,64,240,49,59,160,179,214,173,205,106,172,246,32,94,98,242,32,234,102,195,96,168,128,137,174,108,237,69,252,226,219,153,155,227,26,8,153,210,185,9,195,30,46,79,216,127,99,53,130,27,240,238,113,129,37,249,213,233,227,50,179,84,240,165,191,58,108,164,145,59,84,236,209,112,166,16,74,25,81,31,10,169,6,191,165,48,177,3,172,186,74,64,179,59,105,213,135,210,69,32,114,161,146,105,117,49,45,46,100,247,59,123,209,191,226,70,132,99,120,123,239,118,126,83,129,159,71,158,65,51,238,221,31,185,194,115,209,16,62,192,54,215,143,210,97,134,180,235,192,33,108,154,188,229,220,165,109,173,134,68,17,192,177,77,56,141,13,202,5,26,227,188,248,83,231,70,32,62,108,163,69,55,162,157,106,76,26,111,157,182,156,39,173,72,140,226,6,31,249,91,125,2,76,17,140,208,132,30,111,98,83,130,138,194,68,81,212,158,145,233,254,2,25,186,48,133,215,118,89,45,184,51,255,65,222,15,44,41,99,33,45,215,111,25,168,18,81,202,100,31,20,136,217,235,175,133,60,111,100,3,167,116,243,162,23,140,91,203,44,61,216,187,55,118,18,173,248,248,129,48,224,163,146,247,145,248,68,252,125,138,48,196,185,187,88,168,220,49,206,101,169,34,197,28,102,148,86,165,42,27,9,162,60,67,152,10,156,98,17,155,220,91,187,44,67,252,157,86,169,243,144,53,150,170,22,174,155,18,135,52,71,175,99,239,58,172,190,28,52,35,115,86,50,13,242,116,80,201,2,189,187,72,82,26,90,231,23,36,121,51,163,232,106,240,127,194,81,120,0,14,212,38,145,196,27,13,142,89,120,9,225,165,118,247,62,45,241,209,137,153,211,246,50,68,173,200,204,231,204,76,185,34,104,253,81,85,122,165,169,171,13,11,159,162,238,163,8,145,177,79,116,183,197,251,227,121,70,253,48,204,61,197,99,195,70,202,139,138,3,64,52,78,192,104,163,25,238,24,218,98,81,40,154,206,246,236,246,183,56,8,89,43,253,167,115,48,93,193,14,21,80,36,171,30,72,29,159,96,98,194,36,140,191,227,125,90,134,139,200,118,45,222,38,77,172,95,191,50,250,126,162,232,241,16,44,104,4,254,133,145,251,69,105,43,132,25,127,203,5,31,34,159,230,221,111,159,233,223,15,202,77,179,175,225,95,84,152,128,126,169,200,109,66,108,147,121,29,119,33,18,95,4,188,14,228,129,191,195,13,193,184,169,107,128,224,81,172,236,145,53,25,164,51,14,146,31,154,174,2,111,66,145,2,234,173,97,97,33,1,8,0,194,120,53,240,63,132,223,233,133,203,93,6,43,9,216,143,94,88,206,224,250,181,173,216,155,170,96,87,203,83,72,1,66,125,18,145,82,176,71,139,186,140,54,78,88,28,54,39,137,98,228,148,253,248,190,174,1,133,94,202,3,82,4,33,245,220,61,64,104,175,230,39,64,136,152,55,84,61,152,199,184,219,111,238,138,20,40,142,100,219,111,18,16,149,237,92,207,61,128,225,168,235,227,214,17,204,160,172,184,184,4,110,43,40,34,28,125,3,55,62,74,175,161,141,139,11,104,165,227,49,86,141,243,2,52,200,145,101,99,84,213,158,107,140,129,203,144,14,194,83,65,252,104,200,73,145,153,131,146,5,106,113,61,85,236,172,243,239,209,82,191,160,154,219,101,31,66,65,243,15,185,233,153,140,19,18,11,114,107,213,252,79,51,93,16,81,105,12,205,45,125,108,230,175,137,156,224,50,152,173,170,188,177,83,50,65,12,198,171,190,226,72,239,234,111,153,42,209,43,71,127,229,230,221,52,104,195,37,34,170,121,148,232,218,238,60,11,73,173,7,190,111,224,177,108,239,208,99,124,189,153,208,25,116,154,123,58,11,110,166,158,144,236,23,234,192,135,217,90,217,224,0,144,154,145,200,101,53,78,210,204,227,49,248,48,204,105,235,55,70,62,187,62,162,125,115,34,13,216,246,56,57,249,101,60,45,254,116,79,75,215,206,58,138,110,110,79,80,144,181,246,40,144,95,223,12,165,39,218,4,43,175,172,199,170,130,63,42,6,29,19,137,214,184,228,6,110,188,72,181,92,182,162,62,54,49,136,32,1,224,44,0,192,32,20,104,190,69,236,32,120,61,156,82,181,55,82,246,194,163,188,51,228,5,3,98,239,222,206,99,34,131,168,1,73,233,17,69,26,201,165,121,194,251,27,221,204,222,83,115,55,191,81,38,75,46,55,9,80,100,155,155,215,97,109,172,44,188,183,52,127,252,143,42,9,104,37,215,183,206,43,230,201,228,13,181,240,224,31,84,49,69,210,146,246,241,243,223,105,89,66,147,205,188,134,4,101,204,218,50,250,66,216,196,145,127,196,113,12,13,152,172,117,183,154,243,140,220,178,37,250,16,26,253,165,85,178,121,29,75,79,85,198,150,136,140,121,117,228,148,238,187,244,192,188,212,216,165,201,172,214,93,90,26,190,123,235,183,133,164,62,80,242,189,164,91,167,90,222,31,137,128,104,127,106,196,126,117,47,217,147,133,98,163,34,134,191,128,111,136,154,220,100,217,71,254,86,247,149,162,33,215,161,89,162,156,155,105,173,199,194,65,155,41,95,86,192,56,132,89,10,22,179,70,114,253,79,70,31,33,99,92,242,98,9,62,112,125,235,61,99,163,94,231,134,235,67,77,182,208,253,156,3,27,60,204,247,122,203,228,245,182,120,228,10,111,128,110,210,177,73,152,32,170,130,135,34,192,156,131,209,252,247,0,182,202,9,56,145,47,30,203,234,165,53,95,32,6,86,142,61,182,185,166,26,233,102,208,164,18,87,164,132,147,75,240,238,12,133,63,202,248,51,237,177,193,85,197,77,4,90,203,80,17,133,62,71,30,245,118,95,25,23,229,218,65,230,166,187,133,3,143,187,198,29,119,254,179,10,192,173,168,31,19,50,231,118,156,101,252,49,147,39,88,40,87,15,7,48,97,12,244,116,101,187,254,93,249,39,10,183,212,197,123,160,138,221,222,243,104,244,92,70,25,223,28,94,31,223,61,122,191,147,223,21,153,33,186,6,178,184,11,245,99,192,70,156,98,101,138,58,199,47,208,31,39,12,196,142,111,249,231,171,224,119,6,223,84,243,59,129,204,52,241,13,220,196,40,254,5,251,217,23,227,115,141,152,64,4,153,101,124,186,33,82,141,185,21,216,8,189,170,44,157,203,229,72,198,34,234,179,43,197,137,37,43,12,112,41,190,229,42,210,91,215,224,128,99,250,88,203,46,249,178,20,213,36,236,99,235,58,22,114,58,249,237,225,126,178,85,16,80,171,40,123,244,10,109,183,203,93,192,128,192,36,147,205,44,198,169,95,92,182,111,99,71,251,153,166,66,100,148,40,22,218,113,155,130,123,5,11,224,53,71,203,209,111,100,39,116,161,118,7,213,57,149,142,144,11,153,234,11,75,105,145,32,101,219,158,169,157,139,167,17,37,50,58,39,93,147,187,199,196,158,76,199,105,211,187,124,94,251,70,31,174,226,153,5,22,73,162,127,188,223,235,196,185,227,77,216,73,131,245,70,47,237,19,99,9,7,144,0,86,56,189,147,168,27,125,3,32,97,105,164,133,175,33,179,199,1,70,148,174,232,169,22,27,189,164,203,100,78,112,174,112,204,235,123,51,113,181,137,191,228,153,205,93,111,156,167,180,102,114,73,75,184,161,228,32,156,40,22,115,136,42,124,104,5,27,44,23,203,155,170,255,192,142,195,232,82,20,224,46,210,63,225,85,166,144,34,97,136,39,10,90,29,36,137,81,119,28,197,232,143,172,230,0,19,235,49,97,177,47,57,87,61,147,70,94,13,250,212,174,139,43,119,40,124,126,173,113,16,239,73,199,114,220,93,125,72,85,53,62,246,83,188,186,239,201,177,100,109,176,247,113,32,50,20,209,78,91,115,213,35,14,26,200,217,110,252,136,141,11,12,153,208,255,106,55,76,104,95,188,242,93,119,225,117,99,191,183,109,195,20,30,195,254,248,220,244,198,238,57,28,99,196,238,118,169,251,96,234,90,80,198,154,131,91,58,12,58,246,47,161,246,66,26,157,37,39,90,41,2,69,137,37,60,241,202,222,244,141,73,46,20,40,81,187,232,126,217,127,53,69,200,218,182,168,233,180,235,50,239,198,107,91,227,42,226,52,23,230,72,119,178,227,87,118,124,193,11,80,201,100,225,49,248,133,254,89,207,147,220,25,101,244,3,219,157,98,154,107,64,236,147,247,23,139,146,221,231,56,56,78,89,223,93,21,249,159,15,53,71,207,211,110,155,216,134,250,93,245,168,36,241,87,254,122,112,222,247,143,55,65,200,64,73,119,66,193,72,7,237,84,31,177,219,10,160,255,213,156,187,50,137,137,57,22,3,110,72,201,22,105,209,55,37,206,240,12,20,229,202,74,149,215,66,199,144,193,28,172,130,27,251,135,52,187,165,101,122,118,141,60,155,126,13,128,72,71,190,36,245,165,20,39,223,97,127,224,20,73,191,81,105,210,16,208,115,2,165,206,243,185,52,0,121,169,176,206,198,182,205,152,250,115,253,51,2,19,163,72,178,8,48,194,208,56,42,44,107,228,220,197,37,55,95,76,58,131,236,111,103,60,190,133,86,177,44,234,184,215,131,195,249,157,136,192,139,152,164,95,239,246,116,42,27,209,170,50,206,39,45,138,121,75,237,240,134,52,22,100,126,101,37,12,231,249,225,161,194,43,132,180,168,109,150,102,86,89,149,204,241,82,43,95,113,177,19,203,44,150,27,214,153,140,170,29,27,42,181,135,66,212,134,122,76,33,146,46,14,30,111,157,199,168,221,23,100,161,189,222,5,115,237,119,24,26,180,12,94,15,34,81,32,149,102,15,211,7,179,133,148,106,77,124,228,83,11,2,81,169,220,34,73,92,33,14,220,152,123,84,168,232,98,208,10,126,226,34,245,135,228,63,250,31,230,35,88,173,131,117,174,2,65,214,117,170,112,134,90,72,236,143,227,122,251,61,24,233,98,48,116,198,58,66,149,37,44,35,190,30,170,54,43,225,182,86,169,220,241,71,213,162,114,246,139,234,48,90,173,79,111,233,101,133,132,198,247,102,180,64,189,33,12,116,93,148,81,197,11,74,254,171,221,182,170,93,194,91,53,24,154,242,26,37,63,178,53,73,249,4,45,253,129,230,84,241,190,110,244,201,166,88,68,138,16,12,97,87,248,177,88,93,89,126,154,145,27,0,192,181,64,195,90,193,43,39,123,248,102,7,123,14,186,115,198,37,198,128,220,191,251,238,190,240,130,89,232,172,134,109,127,0,166,131,173,8,214,215,143,60,20,89,5,169,112,244,42,215,113,30,172,119,10,93,128,176,15,19,182,244,194,62,139,188,173,5,117,144,238,182,211,18,246,57,125,14,134,42,235,115,75,210,41,190,230,31,84,52,161,70,68,183,122,1,149,5,175,129,112,203,178,246,84,166,63,64,106,185,57,134,35,255,172,83,67,108,51,242,82,176,209,59,155,60,68,85,123,45,185,154,103,10,166,12,229,60,219,49,24,44,48,158,205,94,231,7,85,18,70,160,139,203,150,132,49,20,252,250,219,201,172,86,95,196,205,216,215,23,91,63,111,13,30,225,240,151,41,205,167,180,34,242,7,3,70,68,212,5,150,158,138,153,106,90,59,55,51,75,103,219,151,72,56,194,143,232,212,223,88,205,121,132,61,164,26,222,50,153,225,68,226,0,221,117,225,97,23,137,230,59,235,58,248,168,205,97,161,158,69,10,153,190,132,136,5,231,167,172,94,76,180,210,41,5,127,1,10,215,26,57,13,33,173,10,173,106,73,208,209,240,222,77,221,165,234,125,161,167,219,63,246,169,234,33,121,89,66,80,121,167,85,109,199,20,172,65,31,218,230,184,145,96,21,43,214,209,3,51,176,186,113,172,123,99,224,154,21,137,228,231,209,30,243,234,9,170,213,28,41,107,144,70,247,129,225,142,129,225,31,191,21,251,30,96,175,198,233,181,125,247,118,67,118,163,140,228,94,111,197,214,240,154,51,186,85,36,70,154,161,151,95,1,246,47,102,153,255,224,44,152,29,97,15,86,231,165,248,129,59,163,207,209,52,77,30,127,226,208,206,88,84,31,127,147,132,167,131,250,84,154,205,67,119,137,234,143,29,169,90,173,154,84,165,251,20,110,175,150,108,73,77,150,72,161,105,188,135,112,82,56,15,2,115,113,211,192,30,165,43,79,242,66,244,61,98,186,197,65,170,205,197,108,124,148,107,243,153,128,207,225,187,209,3,38,61,174,8,215,184,31,171,73,101,1,198,244,34,84,139,234,198,59,129,188,241,95,39,94,88,167,39,97,219,114,107,209,12,44,64,60,149,120,168,192,203,37,244,62,132,34,110,82,249,230,39,32,230,205,81,118,169,253,199,230,191,151,173,19,190,68,12,111,223,134,6,167,161,25,113,19,65,80,91,42,99,218,6,54,210,210,230,6,85,255,131,141,8,44,81,129,133,1,13,245,6,9,189,163,45,16,230,130,201,223,219,174,106,67,200,143,8,248,59,31,18,233,18,110,249,225,53,106,191,99,89,233,217,216,109,15,212,247,115,188,136,115,229,140,46,251,131,61,161,155,103,10,136,249,218,183,128,248,18,238,96,225,171,100,7,225,128,117,255,94,94,199,190,211,172,130,135,113,84,21,79,184,246,81,133,125,7,104,214,83,2,180,108,121,124,57,41,237,117,177,141,6,143,160,86,227,166,86,110,207,202,131,34,10,132,30,33,124,38,227,53,140,128,107,61,176,159,153,154,242,173,145,139,120,38,64,21,119,52,35,5,106,34,238,52,153,251,20,126,200,94,47,231,98,32,228,119,107,231,243,182,7,129,0,31,168,29,160,47,97,246,188,53,160,128,1,123,249,123,191,64,56,227,97,179,44,28,156,93,87,102,102,54,90,116,48,143,214,156,37,208,50,117,243,29,77,12,171,242,46,202,216,152,249,121,248,123,93,86,192,52,206,184,24,105,244,248,131,90,69,30,218,186,139,111,205,135,101,98,208,97,88,131,51,113,18,26,53,243,222,16,41,151,207,60,0,45,211,127,225,33,229,254,28,14,173,63,224,81,162,224,97,199,122,228,236,150,93,197,232,230,0,72,158,119,139,85,160,170,96,173,176,255,76,62,103,34,147,14,0,173,142,238,22,53,78,147,84,216,217,157,51,222,57,8,158,162,222,180,8,67,101,72,198,41,145,30,24,211,94,227,90,157,147,108,150,54,243,69,244,247,184,207,12,212,122,228,222,85,62,230,147,204,116,229,69,71,201,171,73,202,205,69,187,136,58,4,84,23,96,117,121,65,106,243,114,63,132,109,155,133,244,169,216,251,42,88,181,13,242,45,140,17,175,165,196,151,63,72,102,44,165,122,191,121,47,196,119,18,79,23,247,164,82,103,244,116,12,162,176,172,148,100,10,62,105,63,80,125,64,10,220,146,244,184,93,169,86,64,235,227,165,133,165,190,189,194,118,109,208,215,228,67,116,217,220,39,105,9,48,89,212,136,132,2,136,234,33,162,88,132,213,30,61,163,86,151,177,194,153,157,21,77,232,100,193,116,143,205,132,105,142,166,237,56,237,107,110,134,214,233,12,156,23,4,38,141,122,218,55,0,41,102,66,84,184,35,43,26,198,220,70,108,57,209,102,216,26,43,165,232,176,75,67,170,36,92,231,208,9,74,243,163,222,42,150,212,120,123,27,228,93,31,247,202,52,127,84,151,84,167,77,246,158,222,162,151,230,236,60,143,67,240,89,200,192,160,242,60,206,204,31,238,1,73,49,211,149,145,231,115,25,108,239,221,233,138,217,182,176,245,135,56,36,66,27,149,186,115,152,59,173,179,209,229,140,122,118,175,241,114,218,164,148,210,154,145,78,231,78,146,51,243,196,35,20,4,120,189,132,104,192,46,43,186,223,176,247,109,23,252,181,4,85,214,194,230,253,133,217,111,195,211,151,154,187,127,53,134,10,94,75,16,5,127,75,13,189,39,184,102,71,13,159,102,171,98,238,106,241,50,245,180,199,159,131,10,53,14,202,161,23,111,81,215,153,27,8,34,52,41,57,141,147,130,35,1,188,12,157,10,27,233,238,195,44,73,73,52,96,4,244,168,155,232,195,139,103,30,65,41,216,162,78,76,189,11,41,79,251,108,206,32,1,165,241,83,212,251,235,228,211,243,231,229,168,187,55,31,23,203,32,27,94,70,183,167,99,119,94,218,111,135,42,73,11,84,66,70,59,45,123,131,92,15,253,231,40,33,115,57,178,187,67,14,7,177,99,50,15,188,201,84,89,62,140,88,250,117,36,136,139,6,132,87,165,6,153,36,224,49,108,16,183,166,168,217,170,61,146,11,62,164,196,61,69,99,169,235,154,100,70,29,122,120,79,178,39,118,139,14,19,163,199,105,18,12,60,167,165,2,250,48,157,69,194,141,3,183,181,233,205,96,112,27,220,83,4,100,137,248,109,71,186,227,50,102,236,0,166,105,50,207,34,41,205,36,191,215,116,99,133,68,77,66,26,100,19,47,204,192,97,190,43,75,4,246,150,127,43,127,94,86,100,216,20,218,54,246,141,38,117,214,67,35,52,120,3,57,208,150,147,103,208,131,142,110,52,39,88,64,35,107,150,106,55,241,79,197,48,169,173,181,76,24,118,129,41,254,94,183,137,216,197,58,132,183,133,201,188,209,118,236,75,10,106,99,32,177,15,84,125,56,244,211,28,73,35,148,228,119,26,19,92,238,176,125,247,97,88,104,225,169,45,67,87,134,3,130,240,12,184,82,110,67,209,101,186,28,165,94,217,154,109,156,41,91,105,184,74,117,246,93,73,225,229,158,227,77,210,44,243,233,132,73,238,235,114,225,246,196,210,206,50,92,238,200,128,25,225,221,22,4,106,77,113,232,204,188,145,88,240,111,83,90,65,204,171,194,114,183,90,50,113,87,189,241,163,242,180,197,14,219,61,117,133,235,232,98,192,241,159,3,101,133,62,80,89,108,239,99,11,228,216,203,140,171,228,213,197,146,154,3,52,197,25,216,131,30,162,101,43,223,219,137,250,233,118,114,12,84,57,148,24,199,48,80,19,92,51,69,110,89,222,120,158,9,186,198,166,97,146,59,182,234,132,159,27,175,231,135,45,15,42,37,135,211,103,146,15,191,171,241,95,22,190,192,53,170,20,46,236,237,5,244,56,16,49,68,76,150,51,109,148,31,22,161,61,243,160,196,172,252,231,28,84,47,188,184,110,19,83,40,13,142,187,68,150,225,80,58,76,135,100,37,72,18,86,195,245,99,131,251,245,189,187,225,99,76,23,84,69,245,83,75,87,60,205,6,228,248,84,44,239,136,200,194,208,120,242,182,89,183,0,172,173,2,58,5,164,247,215,245,130,124,160,101,133,6,176,54,117,171,51,29,85,83,237,207,146,177,110,11,88,109,59,2,43,69,250,12,214,112,243,84,124,82,7,159,47,250,118,223,204,176,52,215,87,217,209,172,182,102,41,203,245,75,157,117,171,46,109,121,138,134,93,25,71,243,95,210,28,33,245,134,34,215,217,27,28,176,77,120,145,246,239,5,64,174,10,89,240,86,246,216,65,88,45,100,141,128,34,176,209,211,108,225,233,228,34,7,173,47,69,234,100,160,204,226,123,185,135,209,247,175,12,254,150,57,146,123,38,187,171,232,16,32,96,149,142,94,64,238,229,14,190,173,73,105,84,63,17,141,113,39,170,67,67,227,123,197,110,216,44,141,72,208,238,110,95,37,75,212,45,121,91,249,173,205,149,124,59,226,212,88,22,191,100,155,86,119,180,103,192,228,122,159,189,33,43,121,149,57,217,201,31,106,23,150,127,171,130,181,250,2,37,135,231,183,81,171,206,238,175,121,200,47,89,212,27,233,255,15,251,137,68,153,186,203,57,95,81,68,107,111,188,36,130,243,8,239,204,159,218,131,10,183,219,162,134,13,54,252,170,71,153,249,181,96,74,103,194,1,112,23,45,238,108,251,130,97,247,120,175,236,125,6,96,217,220,61,107,229,192,96,131,23,23,159,77,166,152,198,172,127,60,37,144,0,99,69,158,186,176,14,140,235,48,239,27,60,127,5,238,50,220,32,126,32,89,171,126,171,60,140,199,219,209,150,93,235,75,141,185,66,81,32,173,171,226,200,169,235,24,40,95,147,205,170,135,212,154,149,158,93,231,205,22,120,49,55,6,146,185,177,68,61,221,191,219,79,33,112,252,42,142,23,161,172,240,166,62,80,193,63,9,244,100,114,131,3,128,126,8,203,17,219,241,32,166,248,248,211,248,241,154,229,163,176,124,106,68,180,21,172,225,139,220,206,184,129,193,135,245,119,84,116,158,253,19,186,30,89,81,238,103,113,69,55,211,158,128,54,245,203,40,147,137,97,172,218,220,139,52,156,5,158,173,231,99,45,119,44,3,190,133,236,248,176,220,232,104,178,90,22,236,82,14,33,122,5,191,140,155,146,56,78,87,32,4,183,233,62,154,112,172,102,134,116,104,54,252,206,26,137,216,222,1,137,168,180,219,32,5,5,197,2,186,76,183,116,61,198,173,244,11,64,211,167,19,174,33,204,3,251,145,92,2,32,152,94,93,67,63,188,216,152,110,59,49,95,126,37,158,73,38,222,252,48,181,191,5,89,195,47,65,240,10,128,58,50,250,175,117,140,249,167,50,34,92,161,9,213,212,136,8,124,26,204,220,183,121,99,211,196,61,120,119,129,234,212,211,253,22,38,38,209,244,42,96,70,109,198,221,120,176,44,201,46,38,191,101,48,108,149,180,122,62,118,206,0,97,167,112,220,217,144,7,236,61,94,146,8,21,114,8,51,183,80,150,89,193,18,222,90,143,72,60,77,218,216,141,60,43,78,133,220,30,239,235,183,196,248,196,170,13,56,18,232,31,141,193,110,46,61,203,151,38,207,189,150,234,102,11,123,112,162,92,230,235,41,136,204,91,74,244,180,169,30,218,182,78,124,36,140,40,165,116,121,222,238,191,13,50,143,192,201,87,50,48,141,12,173,184,224,86,81,147,55,220,90,125,145,144,29,126,187,184,173,208,40,65,81,73,225,57,104,188,160,153,69,66,134,21,45,51,198,210,71,33,198,88,173,2,224,101,54,166,161,175,64,53,197,252,234,251,27,188,26,145,242,32,247,103,190,112,27,157,8,136,77,84,1,88,117,134,33,107,179,20,59,191,142,121,201,85,92,136,68,21,39,121,216,26,206,64,89,177,29,0,13,94,187,43,226,140,200,253,184,177,90,184,237,67,68,75,110,152,53,89,88,134,82,175,75,54,44,100,135,98,115,238,243,250,28,42,13,157,224,146,191,190,40,67,115,141,109,100,143,63,215,147,160,149,108,120,106,176,231,199,62,185,141,92,196,117,73,199,25,39,83,220,134,210,158,162,207,233,87,123,154,39,226,223,192,71,195,161,255,172,76,41,67,189,71,210,211,134,144,113,224,3,253,215,89,102,190,39,38,157,215,160,103,92,10,0,125,169,78,140,220,179,252,160,206,232,31,235,244,158,138,74,177,62,158,24,9,104,112,146,148,102,231,24,136,100,155,162,247,118,14,4,59,221,61,249,148,121,113,4,168,71,19,18,205,82,7,15,247,15,201,9,39,246,53,70,102,74,83,192,119,75,51,132,9,200,84,202,16,22,229,27,212,235,243,56,247,6,199,254,7,111,141,136,249,115,25,210,56,227,13,65,100,75,141,182,216,0,148,121,138,133,228,229,239,114,74,146,131,108,181,66,37,22,0,41,157,110,147,95,160,50,83,240,19,179,201,97,171,188,85,232,145,173,151,243,138,239,77,44,239,72,102,128,147,46,103,179,250,254,82,224,174,110,213,22,187,32,161,204,131,66,54,82,215,92,111,199,126,39,253,248,226,62,123,210,240,170,141,81,92,195,170,24,165,245,30,165,213,167,252,237,249,80,31,171,197,162,201,108,26,246,192,232,124,44,191,12,120,202,211,141,109,117,159,18,81,247,209,159,202,225,50,123,240,150,166,88,31,129,253,115,142,192,114,138,47,20,9,132,78,158,248,116,73,88,192,58,250,213,41,179,118,131,41,157,71,195,27,209,169,62,241,178,246,105,50,143,80,96,12,186,170,223,183,135,41,86,63,166,128,49,40,87,20,240,93,72,3,24,1,64,84,245,62,191,254,12,210,12,126,8,214,5,182,41,90,15,172,221,145,133,39,107,108,146,199,158,82,215,136,122,50,158,188,188,65,154,225,26,70,143,233,231,50,70,107,95,245,53,55,1,30,147,46,26,7,255,42,253,205,248,245,149,154,96,115,93,106,230,106,247,46,167,118,10,47,48,29,134,173,53,138,254,227,203,185,165,87,199,147,196,17,90,118,39,117,2,180,244,197,16,246,109,217,68,38,149,166,30,156,128,131,24,6,144,47,153,56,196,154,67,38,47,77,66,212,217,228,19,165,175,31,89,156,54,2,225,84,175,71,13,190,153,85,30,145,91,132,70,200,85,217,118,161,125,253,28,221,176,111,31,75,33,111,248,230,79,8,1,190,115,51,122,143,219,217,155,35,48,210,168,89,19,106,147,91,90,244,54,233,73,53,46,162,177,243,57,34,19,177,40,186,165,181,108,227,208,106,72,202,173,68,14,232,106,161,173,130,210,18,193,228,45,213,6,186,160,244,249,216,39,207,37,127,147,179,87,100,146,197,179,56,168,91,130,54,248,102,177,191,15,169,123,214,29,23,49,216,124,34,49,118,138,106,17,30,210,18,24,200,117,115,177,11,146,89,65,64,92,135,182,10,85,234,105,125,75,250,12,142,39,200,229,78,237,71,28,208,133,29,72,31,227,97,251,158,76,212,141,216,138,188,108,61,202,9,234,121,234,217,68,145,58,107,29,175,115,55,12,75,253,247,0,54,113,227,25,14,230,37,47,165,198,219,176,197,239,244,17,148,224,129,131,238,153,169,33,141,135,210,56,45,125,200,199,163,9,219,151,195,126,149,59,83,79,183,68,231,78,48,191,219,174,160,55,83,74,201,70,77,81,25,44,59,205,36,122,81,80,142,67,118,50,98,142,10,244,20,113,117,82,234,53,147,56,110,95,201,83,22,222,88,198,51,152,40,20,236,61,182,29,218,245,138,233,43,129,100,155,189,47,210,158,137,177,194,145,63,5,215,116,155,130,67,184,40,225,178,11,49,150,61,162,149,65,202,93,210,233,55,235,10,40,131,250,124,208,228,20,146,197,159,108,113,3,162,84,31,178,80,179,108,244,228,72,27,64,147,103,13,168,194,120,74,121,37,140,23,239,73,119,253,82,201,62,211,36,190,18,38,1,132,158,109,136,19,137,72,198,196,76,38,83,27,43,171,155,22,215,84,205,164,90,114,175,176,108,20,120,19,231,177,29,86,76,204,57,13,66,28,223,195,243,111,37,121,64,51,198,29,83,230,19,120,195,29,22,21,245,153,54,53,43,124,252,19,4,174,74,105,85,177,83,93,94,255,206,199,168,134,243,183,147,99,133,16,149,96,10,88,18,97,112,80,96,248,215,23,38,164,203,70,7,19,26,248,76,8,164,162,75,37,237,6,7,254,77,195,124,171,23,38,30,38,202,245,14,163,44,130,202,225,63,93,24,138,145,131,201,121,39,193,96,126,4,118,207,15,152,177,191,177,66,126,82,156,27,234,136,53,87,15,126,31,167,178,139,10,115,226,16,73,92,10,148,243,129,229,1,148,147,24,137,191,106,136,198,109,153,237,242,76,227,130,138,144,61,59,160,78,104,48,143,144,77,134,33,238,153,235,195,10,215,221,199,252,229,104,39,23,6,150,9,237,79,222,175,12,167,108,48,162,210,185,174,237,29,223,14,38,250,226,132,210,145,218,252,30,243,26,155,40,206,26,9,228,213,47,227,245,237,158,62,9,162,240,146,196,78,139,116,17,243,127,242,225,46,196,30,221,206,142,206,179,226,67,84,38,71,175,62,175,60,79,168,181,65,147,203,16,249,35,208,169,137,1,96,88,218,227,11,141,220,16,124,33,26,119,149,127,33,241,200,40,35,69,224,34,90,207,150,31,251,163,73,183,41,226,168,185,146,121,76,36,10,110,215,79,63,113,240,27,24,126,44,166,242,145,26,141,114,244,219,250,215,49,16,35,193,21,181,130,197,131,39,121,192,5,84,189,217,224,50,33,14,81,172,103,53,186,134,240,178,126,220,138,246,228,249,131,216,97,137,15,239,198,253,45,113,160,254,31,159,62,237,129,94,118,150,17,185,193,247,119,109,199,93,132,52,1,94,45,236,225,93,254,112,11,69,234,195,192,250,130,224,1,163,220,97,80,166,10,183,124,216,38,116,144,248,202,52,239,36,50,44,235,17,136,195,230,91,8,53,115,52,238,171,65,55,74,116,79,70,16,233,183,49,242,215,7,26,148,137,207,250,149,61,52,251,64,75,183,206,48,208,228,45,140,169,153,165,246,71,219,153,108,159,155,138,7,252,79,232,221,79,3,185,101,7,51,96,112,89,207,195,251,41,230,234,244,53,105,209,219,215,230,67,6,23,23,20,196,87,216,172,43,125,51,93,184,105,115,64,23,102,161,208,179,149,232,193,42,164,14,190,97,157,83,109,137,112,235,110,187,216,199,152,57,121,58,249,2,220,13,33,64,165,235,244,241,78,132,52,50,67,147,254,178,52,64,93,214,99,247,146,178,214,150,230,171,16,254,5,155,195,32,203,59,96,157,56,232,241,249,15,217,100,234,80,160,187,78,86,254,128,142,185,131,216,44,76,81,146,190,8,10,123,173,153,214,163,35,60,250,10,172,58,145,245,73,183,121,23,60,237,155,212,46,236,60,63,191,51,192,67,71,31,83,188,165,53,161,135,182,240,65,233,49,11,16,34,89,199,1,226,54,139,160,199,10,204,99,65,193,117,217,89,152,109,114,43,82,16,243,232,100,110,126,48,46,149,143,46,68,236,93,231,114,128,96,202,69,251,47,17,33,240,198,54,80,38,54,79,6,115,203,161,66,143,15,44,206,143,39,149,242,22,81,158,138,15,10,137,138,171,184,108,194,126,141,225,163,199,166,231,164,94,43,80,233,183,179,121,51,38,226,184,177,135,213,177,101,183,217,177,59,141,203,129,189,63,66,218,242,221,227,122,37,73,210,205,23,140,170,250,2,60,171,23,164,132,76,99,241,212,98,169,96,152,246,133,232,17,12,98,142,80,15,80,116,84,45,71,56,111,118,168,106,111,77,149,92,31,196,31,25,91,63,1,190,26,76,62,138,233,8,131,117,174,105,54,152,173,117,191,43,25,178,162,38,106,26,138,203,202,235,77,191,9,29,52,179,147,8,173,55,69,183,45,171,136,29,187,174,9,243,14,180,96,61,85,243,36,249,98,208,50,185,157,253,57,51,161,254,244,94,86,157,68,41,76,134,11,162,164,16,26,32,148,133,20,120,248,157,213,148,40,34,242,102,207,16,50,242,156,139,143,49,119,162,224,21,99,249,160,250,229,158,237,154,130,170,126,127,29,146,51,72,211,79,245,186,41,58,101,55,172,120,98,219,141,64,53,185,95,181,153,219,183,220,98,52,39,99,168,118,199,195,251,202,239,144,215,80,13,151,244,181,70,23,49,78,193,128,178,46,212,15,98,17,70,12,3,83,41,208,23,83,138,5,196,114,212,146,163,13,202,199,224,213,70,184,41,198,164,33,177,178,112,215,91,158,49,237,217,230,221,70,19,138,160,133,101,12,249,84,185,56,221,80,180,157,2,119,200,201,112,146,30,48,156,145,140,35,163,130,95,72,73,159,48,16,63,30,28,16,67,21,32,0,74,145,197,239,71,143,241,27,84,188,128,68,112,246,18,105,222,21,155,96,5,249,161,237,73,236,8,116,93,187,59,80,54,254,114,237,48,141,235,253,239,166,186,6,169,64,4,25,193,42,179,129,72,93,204,15,242,192,201,60,122,84,87,249,197,91,184,112,249,125,111,6,37,57,109,62,148,222,177,223,106,202,173,77,113,67,21,242,163,76,100,46,206,239,57,113,74,234,101,69,91,68,103,160,10,149,6,200,23,183,154,163,176,230,225,15,187,133,75,175,138,88,226,57,225,181,73,20,7,207,97,253,59,140,231,110,192,46,108,24,56,213,73,39,245,129,23,42,82,160,192,51,167,100,40,247,43,95,19,63,151,83,70,190,135,82,112,13,118,10,58,224,85,76,50,29,246,163,209,51,206,203,19,156,181,212,101,219,253,203,182,177,26,220,233,85,28,112,167,48,156,168,51,130,202,192,202,148,109,144,95,207,51,135,104,251,30,115,252,240,120,205,109,16,35,218,68,247,9,61,206,64,85,56,42,102,90,122,210,105,49,99,139,96,14,87,197,144,114,1,190,191,20,99,83,109,119,176,14,123,176,186,243,55,198,138,170,166,122,183,90,85,148,200,162,108,126,41,217,223,147,124,253,86,171,213,189,165,232,15,28,114,90,45,7,43,164,42,70,21,156,62,225,160,141,160,3,68,85,58,202,83,90,112,18,164,45,227,74,114,168,212,22,155,49,182,36,176,158,7,231,170,221,166,173,106,244,207,5,140,217,242,115,70,79,233,143,171,248,53,243,198,153,5,218,7,102,33,85,226,142,118,66,13,159,16,16,30,73,207,201,242,149,159,51,66,151,252,49,50,212,174,85,85,239,168,118,179,203,113,69,50,74,169,228,45,49,199,241,27,127,7,175,2,56,145,21,181,165,239,24,109,53,41,187,53,133,126,234,39,163,195,108,255,190,245,136,200,164,124,155,217,239,147,87,41,191,11,16,147,21,167,201,197,245,143,7,37,131,68,69,255,19,162,161,23,42,56,127,38,89,215,147,154,129,18,105,128,46,32,105,79,145,165,70,102,181,19,195,100,69,190,3,51,40,214,80,38,96,113,132,75,132,44,240,126,132,1,28,22,226,203,253,86,148,5,6,255,63,27,85,223,109,78,33,39,129,62,179,137,146,224,147,29,21,114,206,74,64,75,238,53,186,12,252,173,210,123,226,18,217,14,144,240,210,254,178,182,148,125,11,194,68,75,164,128,18,181,13,114,104,197,69,4,110,248,58,215,73,151,22,141,91,224,186,174,136,71,207,201,26,62,110,245,6,212,4,116,209,211,199,155,0,240,68,242,77,38,67,73,117,183,7,178,146,158,18,20,119,245,251,93,133,176,55,195,191,251,124,155,137,101,45,24,191,219,213,166,204,217,34,251,0,254,108,53,191,20,234,198,37,116,247,197,68,218,42,100,174,0,17,217,172,98,139,113,202,211,193,193,140,4,233,243,19,207,126,245,104,229,206,50,235,193,233,253,176,48,223,75,145,126,231,91,113,82,178,190,115,49,170,68,28,96,112,175,184,251,68,106,67,122,144,185,101,51,225,94,219,163,134,227,197,20,178,12,153,159,130,35,9,63,240,202,250,80,153,190,99,9,30,254,183,245,204,164,81,90,134,123,182,225,149,48,143,118,63,65,150,206,114,98,56,71,244,52,13,108,148,252,176,156,62,146,114,193,151,104,220,150,112,55,90,39,37,163,210,4,153,253,252,253,116,6,216,191,107,103,23,45,13,165,213,89,106,131,209,251,152,251,119,66,82,180,131,131,55,2,95,19,251,249,124,84,205,135,52,231,74,149,94,164,19,173,67,20,37,168,57,158,232,124,134,120,40,56,18,207,97,196,154,252,105,228,214,68,30,235,17,33,149,31,124,206,147,130,137,62,183,214,182,14,3,71,99,120,255,48,105,52,115,90,109,70,151,212,107,130,164,249,220,254,130,98,38,180,236,200,145,129,219,9,162,114,211,211,171,144,185,76,221,255,246,59,172,235,29,169,80,0,94,236,87,222,181,225,201,20,163,98,106,21,160,135,176,130,230,101,172,218,180,16,34,48,32,90,136,107,104,117,114,223,191,73,10,184,233,0,121,169,212,158,146,33,72,218,150,143,128,99,102,111,242,41,156,245,213,181,233,4,31,184,118,227,119,145,188,128,8,30,121,194,155,106,165,38,18,151,141,221,82,2,108,22,9,198,46,37,44,249,66,139,77,124,79,33,58,220,33,180,45,182,35,249,173,88,180,207,201,240,157,220,131,49,244,79,149,135,18,236,5,103,175,144,29,164,74,129,69,99,204,135,250,255,250,39,249,20,241,231,45,180,149,228,174,253,91,3,0,206,196,109,48,240,87,120,108,128,17,130,181,87,96,238,195,224,79,91,98,246,231,240,246,226,142,54,232,217,237,170,82,176,67,19,139,16,106,192,123,204,21,157,44,205,185,170,245,254,53,244,152,140,194,230,100,159,189,126,131,212,199,246,178,95,243,183,121,29,208,237,73,156,79,129,194,30,209,1,217,65,46,69,82,40,122,156,9,4,213,217,153,110,225,149,30,22,207,50,193,108,22,216,8,96,161,179,231,76,59,88,103,174,156,170,254,200,59,75,48,185,112,117,159,196,44,247,210,220,233,117,168,164,213,215,207,244,215,163,235,124,24,248,71,221,207,127,20,154,7,130,250,29,69,115,43,83,174,243,135,55,65,24,34,42,246,143,55,95,19,193,54,56,182,191,245,155,10,219,239,42,247,252,15,5,35,84,73,22,44,223,138,59,188,244,149,157,12,40,9,126,206,131,182,193,44,10,207,207,201,209,120,190,173,39,10,19,32,124,44,191,16,72,86,59,97,231,68,212,59,36,159,141,87,71,141,242,214,51,165,230,178,152,58,218,28,125,77,186,202,140,222,74,46,254,64,33,26,171,189,38,11,95,194,137,33,126,204,48,205,226,61,112,20,58,145,188,211,60,71,96,180,51,106,112,230,165,102,101,84,121,14,95,181,105,93,132,195,50,221,125,13,69,174,115,183,52,70,236,5,96,200,96,177,124,194,71,168,104,212,26,115,137,105,72,231,106,176,51,60,44,97,4,181,104,150,81,177,173,6,110,143,73,18,0,224,202,226,95,107,103,125,165,255,253,101,68,41,214,241,169,198,214,81,227,85,22,34,187,254,11,91,213,198,124,112,78,254,122,38,209,140,209,197,54,155,0,70,62,54,80,12,181,152,199,212,112,194,246,71,153,185,54,103,2,129,99,31,192,198,22,69,167,234,149,190,101,42,244,137,191,45,222,96,191,13,54,94,163,20,125,237,237,59,108,14,145,60,176,3,137,129,177,72,156,156,104,180,82,134,115,148,134,176,69,156,190,122,255,114,210,107,59,154,98,244,69,147,102,119,139,119,74,185,247,226,143,248,229,63,142,157,95,59,26,229,182,26,21,90,254,137,53,222,8,185,59,181,188,22,32,50,89,103,212,205,127,127,226,200,186,30,172,22,139,170,64,160,20,115,244,5,197,195,26,160,88,192,168,19,77,75,238,207,3,125,19,202,166,179,167,6,37,17,84,82,245,174,72,207,83,153,196,14,197,135,44,192,81,211,247,0,111,45,117,14,96,28,191,134,55,128,235,108,146,102,201,33,162,49,35,137,154,98,214,181,129,209,82,91,240,145,186,195,78,53,95,251,24,162,240,3,151,165,97,92,125,151,57,193,247,66,120,121,35,99,147,22,184,202,89,87,128,130,144,170,222,238,198,54,179,94,172,125,212,204,148,74,124,128,224,0,198,180,221,16,43,240,139,238,131,105,39,87,167,1,1,223,114,101,207,112,251,132,90,209,177,123,70,175,238,169,204,206,242,216,64,222,189,70,213,205,118,192,34,85,149,63,49,131,31,122,112,255,17,79,168,242,117,112,236,18,176,156,8,105,20,142,0,174,124,190,210,136,84,71,244,36,57,46,132,124,70,163,29,83,35,64,134,100,159,232,170,248,83,131,232,169,229,144,1,83,89,255,66,214,96,15,94,223,47,12,48,72,208,211,22,190,153,204,58,27,98,48,239,190,60,29,139,47,170,233,139,233,45,152,57,35,223,233,150,113,144,54,25,76,132,141,223,114,82,153,180,206,44,174,30,196,75,158,61,97,179,228,235,86,111,61,68,193,225,244,135,230,202,35,135,136,147,182,239,51,68,182,133,166,154,217,69,152,197,12,190,219,202,222,85,187,75,204,59,249,162,111,75,240,53,236,84,253,78,178,89,207,65,189,7,7,61,76,96,210,73,92,86,153,201,156,47,204,77,96,118,246,215,90,152,150,26,115,213,198,170,205,50,161,48,63,8,219,78,145,13,238,171,99,79,111,161,181,211,11,13,77,179,136,154,192,156,53,37,230,27,227,40,151,1,242,188,98,173,109,230,144,204,45,215,79,247,172,0,57,105,3,3,85,44,240,20,27,120,50,222,254,65,247,203,210,242,137,149,232,30,222,34,202,1,56,173,1,111,113,1,136,165,249,151,57,208,185,82,188,133,86,61,159,254,19,41,183,208,153,56,131,143,234,229,165,136,82,207,16,160,56,121,89,237,227,206,206,230,67,50,241,234,246,221,128,98,238,73,194,254,144,188,92,107,95,31,212,102,39,206,62,67,45,19,203,146,192,91,205,40,250,251,17,167,55,5,200,19,131,49,158,80,42,97,165,67,225,167,96,132,255,122,79,241,7,61,46,230,233,208,147,81,128,103,189,32,60,154,116,25,139,153,78,146,246,120,62,198,123,186,125,71,206,255,143,35,44,31,119,83,78,169,1,151,50,28,138,188,212,118,238,4,155,175,94,87,219,15,226,65,147,141,236,171,38,14,200,93,81,229,85,197,213,208,176,223,66,89,247,68,154,142,7,135,113,250,175,123,127,143,126,208,23,25,112,80,112,82,199,253,24,155,20,36,247,104,98,224,240,123,87,221,200,56,1,134,165,236,209,42,36,109,177,142,46,105,27,207,250,164,205,94,175,139,122,103,120,198,148,62,228,32,36,89,113,88,43,36,144,2,84,238,230,109,173,212,181,218,99,12,171,2,65,41,33,123,29,3,201,142,81,90,60,253,66,148,152,13,161,226,101,55,194,21,123,169,116,163,218,43,76,40,159,116,196,102,46,235,229,212,63,249,229,175,254,205,86,42,19,2,134,71,91,253,41,213,108,87,204,149,17,199,164,203,25,123,98,22,108,47,152,213,117,9,56,42,180,90,102,1,248,171,204,143,220,152,243,199,105,226,18,15,40,63,36,142,247,233,213,112,204,43,241,201,23,218,225,246,238,172,154,95,115,6,236,42,252,63,51,158,61,72,84,228,71,37,30,42,113,178,2,47,225,147,216,94,45,159,36,36,73,133,244,214,10,148,211,21,92,251,204,196,76,61,175,72,129,142,211,65,159,2,113,14,166,184,46,60,179,7,141,112,50,105,89,74,169,210,236,57,14,36,215,56,193,43,101,177,215,144,183,186,52,138,202,16,168,25,16,50,90,120,86,212,28,45,16,33,224,148,147,20,73,33,180,140,8,193,236,59,7,182,77,19,86,5,122,54,115,250,105,110,206,44,67,204,231,181,147,21,84,220,4,249,73,106,35,214,6,135,107,32,221,205,138,47,201,216,90,64,87,204,192,179,21,114,133,115,226,228,98,228,148,164,22,111,178,174,80,25,204,8,219,92,54,91,72,5,255,55,187,78,173,188,255,124,135,49,189,92,20,25,169,235,38,93,13,108,219,61,172,103,215,160,226,43,121,37,196,153,29,219,197,28,17,242,208,11,235,64,97,213,133,117,158,116,140,210,93,145,110,41,108,196,209,150,134,139,174,21,147,162,16,26,166,89,170,143,234,50,222,252,135,119,130,75,215,247,170,139,120,101,78,1,242,17,6,121,145,35,24,158,99,40,74,112,191,38,35,165,77,4,37,98,148,192,68,178,69,53,68,155,133,159,9,165,151,194,71,187,64,105,168,164,168,44,61,155,255,62,229,43,91,103,200,146,0,203,213,181,107,167,196,220,51,251,188,208,94,54,55,175,237,86,234,254,134,112,227,113,181,101,116,118,255,186,150,93,175,87,253,181,142,204,207,39,194,33,68,1,214,51,247,54,12,180,21,107,195,196,212,237,9,46,54,187,131,252,35,148,114,127,253,175,70,64,220,205,146,10,8,91,185,164,251,188,27,103,9,58,8,15,134,217,146,189,97,155,29,11,84,31,8,30,166,64,25,78,1,59,115,246,49,113,105,153,26,226,30,70,46,246,146,229,110,56,51,62,144,149,31,154,223,123,112,104,213,127,98,28,201,185,105,44,179,26,79,49,17,121,54,169,176,81,31,92,128,197,119,252,32,145,169,118,125,69,201,48,150,81,54,66,39,252,71,59,116,218,247,209,68,234,161,108,51,20,176,18,87,24,24,90,64,173,202,16,115,198,143,18,6,41,40,18,167,1,98,250,103,125,247,9,67,73,140,29,157,25,170,116,86,142,56,202,122,232,169,169,237,154,152,154,204,140,150,107,162,185,139,10,118,194,61,61,22,108,120,10,255,23,193,114,191,6,87,32,209,251,151,239,4,131,102,223,204,75,4,19,155,127,34,126,64,178,127,243,110,142,152,245,170,244,205,75,231,243,169,158,86,58,133,96,181,125,128,162,253,187,53,95,194,240,193,152,72,192,148,250,162,61,13,209,182,159,119,238,151,214,203,53,159,58,223,81,197,85,210,49,20,79,200,58,64,93,44,207,18,50,27,182,239,138,86,246,84,163,231,14,223,152,220,213,189,202,29,127,188,130,135,83,133,240,150,102,204,192,246,206,148,18,155,196,231,170,94,73,65,143,160,28,47,243,221,2,99,161,226,41,35,84,120,55,238,73,134,204,224,120,190,74,177,12,252,78,23,102,241,106,161,135,61,206,166,2,204,245,229,247,98,77,14,113,229,88,208,0,199,32,222,236,194,51,204,48,107,171,88,71,54,19,234,198,235,92,91,97,187,13,144,99,2,2,77,54,34,21,80,140,213,230,124,88,183,205,167,145,245,250,84,230,125,200,24,165,173,108,223,61,83,241,156,198,186,230,127,254,36,38,242,39,53,133,20,240,100,235,15,155,129,200,197,166,209,242,2,171,114,217,19,194,233,182,83,11,253,190,155,250,159,92,180,236,192,97,94,179,45,205,191,239,91,35,47,148,187,158,244,134,126,250,46,208,45,161,96,199,107,90,170,229,68,234,135,45,48,236,42,23,46,110,96,174,168,153,233,155,213,129,45,247,81,121,250,3,98,223,192,134,34,19,43,39,164,9,198,238,197,200,45,176,39,25,227,207,8,31,194,206,225,249,114,148,122,42,12,240,161,17,18,88,222,194,233,170,71,108,189,207,46,71,122,195,217,227,127,236,135,0,95,82,81,116,202,16,224,57,5,95,70,34,142,115,58,37,250,75,25,68,100,47,249,240,62,168,224,234,24,39,177,165,248,204,224,81,226,82,103,48,94,35,144,136,78,179,189,63,50,222,42,143,53,5,53,7,188,112,36,30,127,25,82,102,25,141,105,36,129,146,183,141,254,0,217,132,72,4,45,15,129,74,88,6,33,200,23,72,184,142,68,150,186,176,41,109,250,91,168,132,250,50,178,183,102,16,121,92,58,190,30,46,238,108,30,129,237,100,26,177,250,20,198,39,88,222,214,175,93,92,205,89,15,106,13,85,6,96,83,6,174,11,98,148,54,48,30,7,144,4,42,127,231,161,143,76,49,215,129,69,68,85,68,181,163,19,107,199,0,187,83,32,33,149,130,134,49,127,109,250,15,139,26,27,24,182,77,170,250,159,238,68,243,56,203,41,57,188,236,131,149,226,241,129,82,179,183,186,1,118,210,156,86,154,23,92,173,88,138,184,18,120,13,93,168,2,37,243,133,244,254,11,157,104,211,166,68,83,197,25,66,211,243,118,65,146,161,132,170,147,119,68,18,148,70,170,231,109,66,68,249,21,165,195,218,175,101,90,6,40,255,204,33,200,197,182,192,58,8,50,66,134,80,231,121,151,22,13,106,41,115,131,85,127,189,156,238,192,77,216,13,165,61,159,88,7,176,240,21,92,176,143,91,88,200,51,14,155,66,56,218,216,252,28,25,251,151,141,108,40,25,41,160,15,126,2,112,208,244,31,79,210,31,23,209,184,146,58,12,132,182,128,151,101,201,160,81,41,218,213,177,147,130,182,80,74,127,130,187,32,57,74,32,3,230,25,210,134,117,95,68,108,92,117,16,3,148,194,214,57,98,181,225,46,98,156,119,254,95,161,130,212,55,210,126,123,55,31,255,114,105,165,0,225,55,167,113,247,164,77,205,153,216,42,197,129,94,131,71,66,207,79,223,20,143,10,136,134,205,60,77,171,200,167,21,222,59,81,176,189,113,13,200,204,155,168,105,39,63,227,229,8,130,224,23,129,220,67,181,130,168,39,16,95,87,167,223,184,221,200,54,88,76,48,70,84,157,27,202,65,194,193,5,66,7,23,230,110,42,6,62,21,206,2,50,61,241,24,246,190,105,47,140,236,201,151,173,229,150,99,169,56,39,162,63,181,44,43,150,224,15,86,91,123,135,142,129,203,192,35,237,101,127,117,83,110,209,45,177,161,253,66,205,148,210,103,69,106,241,124,215,62,198,66,215,121,30,166,211,224,204,107,24,250,43,122,135,82,254,14,71,152,94,89,6,138,140,105,76,126,129,189,254,23,20,98,137,157,210,58,227,188,151,18,171,146,250,211,129,88,29,239,27,209,135,154,191,117,33,60,113,206,99,205,135,77,248,183,131,108,80,122,205,120,12,225,44,142,6,31,80,151,227,117,227,131,217,108,226,142,225,136,168,197,183,254,147,170,64,32,177,60,191,229,120,151,214,206,52,120,169,129,239,23,12,105,3,71,8,41,98,219,93,164,235,115,221,23,102,237,160,156,189,93,236,180,0,93,240,28,116,180,161,105,61,29,225,25,39,136,234,248,38,126,177,129,208,194,111,202,149,172,19,230,35,21,56,96,9,132,181,91,75,59,182,201,51,6,90,153,12,237,13,230,139,24,161,129,214,100,244,233,166,82,255,216,166,80,62,149,70,113,130,57,168,138,16,233,106,61,217,116,42,172,52,37,250,233,113,83,217,123,80,215,58,14,204,149,109,214,117,193,186,215,19,103,196,214,23,26,233,224,1,216,36,186,170,71,215,105,87,241,64,69,245,136,228,32,123,236,242,169,145,159,113,136,13,236,45,20,80,107,253,34,106,130,216,73,170,85,241,235,92,244,66,15,217,1,111,21,38,100,55,111,214,245,1,79,108,93,197,128,53,158,106,154,188,131,38,26,211,78,207,187,56,199,30,227,57,29,200,100,234,84,58,99,243,17,127,210,164,192,186,77,45,85,123,236,111,143,8,132,141,222,118,88,92,40,17,3,103,91,182,252,30,245,225,223,18,236,30,197,18,191,251,90,102,52,179,76,20,46,169,146,211,192,227,68,171,107,57,176,82,49,63,128,101,152,55,205,164,185,184,147,250,35,141,82,3,52,1,120,222,196,60,174,230,85,125,116,75,97,6,58,190,250,59,5,79,202,74,129,83,111,118,137,84,125,18,104,23,146,118,87,158,39,118,54,18,227,70,210,70,137,251,207,106,6,43,168,89,234,113,72,218,120,236,13,238,231,135,180,193,94,131,116,228,24,0,104,114,188,186,58,31,217,2,242,98,63,103,74,189,23,103,213,223,61,30,175,252,205,74,89,101,205,77,251,228,244,252,5,191,124,101,73,191,39,109,221,225,166,21,220,35,144,162,52,51,18,111,171,204,87,11,91,77,144,144,37,249,15,141,162,19,173,123,48,52,251,185,85,72,63,87,58,139,84,103,86,13,173,80,24,164,25,168,95,154,192,67,249,197,81,150,245,18,109,199,92,93,54,192,119,4,143,187,5,77,224,175,140,199,169,118,150,66,72,156,20,244,178,197,12,52,248,85,94,57,48,170,102,115,25,157,172,37,119,170,31,227,70,201,245,221,166,202,220,181,253,238,189,52,193,86,12,51,175,160,136,188,205,34,121,43,149,86,25,196,145,62,84,43,220,87,189,84,63,236,118,48,77,2,121,156,28,165,154,36,36,12,29,85,26,144,240,140,234,187,36,100,110,253,241,95,174,172,198,0,198,105,99,21,233,9,163,55,50,83,207,157,220,80,134,255,127,70,134,83,220,40,182,80,184,233,11,249,40,141,27,165,224,180,131,245,142,93,110,182,215,101,91,168,130,236,122,220,12,210,6,210,229,251,236,145,163,35,75,182,187,70,126,53,108,182,246,217,175,109,130,219,136,214,142,242,106,214,197,165,146,175,246,243,203,158,121,61,142,36,2,100,105,32,46,141,28,234,226,72,97,49,103,8,106,45,208,73,169,64,92,144,22,178,85,12,191,39,189,220,201,123,113,31,144,80,20,244,116,222,74,207,33,0,105,139,53,251,237,110,224,47,89,12,9,247,27,139,201,159,143,146,70,90,118,24,199,249,126,133,84,156,57,112,135,247,1,58,138,231,43,229,219,125,175,214,126,159,223,181,35,43,130,209,208,13,14,15,208,140,199,120,153,30,183,140,245,33,5,148,128,114,215,48,98,217,95,127,123,170,4,96,14,249,71,34,216,175,253,123,44,133,134,156,83,248,151,97,54,163,86,159,201,32,213,165,216,18,48,23,176,47,130,94,107,216,69,136,165,76,198,214,44,181,246,128,174,127,30,102,110,159,188,94,142,253,50,97,70,142,14,205,202,218,167,48,79,187,121,100,105,187,142,251,192,159,153,228,115,80,196,196,139,169,65,173,115,104,198,194,12,107,38,49,0,160,100,109,177,199,99,67,157,58,246,159,100,191,114,163,239,120,55,32,219,36,212,63,220,238,130,157,203,169,189,123,78,46,86,154,9,115,183,56,26,139,7,9,210,249,14,7,107,241,74,14,51,161,15,193,37,152,166,31,172,254,0,235,154,159,75,200,102,110,60,45,187,230,69,44,53,188,241,126,207,225,96,89,95,180,241,247,164,21,175,28,223,106,208,213,248,165,81,125,126,55,78,217,225,212,160,26,69,9,55,39,84,18,186,1,129,162,235,150,40,211,38,43,255,159,206,253,224,13,201,183,93,147,192,214,253,87,70,185,211,216,242,218,93,146,101,145,246,139,24,14,21,65,8,129,44,99,170,218,59,230,77,80,91,236,253,84,242,45,177,29,36,161,243,248,237,115,182,47,49,184,19,212,87,197,142,122,46,22,2,96,8,215,0,126,74,9,206,29,214,157,19,86,15,93,106,241,148,179,238,186,42,27,186,223,130,188,57,31,194,190,4,228,246,217,4,169,236,98,37,237,111,12,183,74,201,80,172,91,176,222,151,192,83,156,22,158,63,42,225,160,217,174,235,90,220,16,159,225,249,180,14,193,33,69,218,133,130,183,184,199,122,9,186,79,118,175,11,33,123,142,47,236,185,118,51,217,231,158,89,99,92,145,187,186,23,39,101,16,6,144,137,157,33,64,26,65,211,196,184,217,242,254,217,147,83,20,114,88,238,139,145,10,223,15,194,38,8,247,102,249,202,141,175,157,127,102,194,221,25,57,142,47,29,45,74,123,242,176,235,110,60,5,181,248,120,204,66,105,27,10,27,192,229,43,146,190,71,43,81,69,240,69,202,166,87,77,135,136,76,86,42,115,221,125,30,114,161,173,123,220,58,78,108,63,159,122,84,198,17,179,71,182,102,8,129,186,0,46,117,59,164,160,131,222,36,176,40,74,169,87,83,232,26,0,255,99,110,42,135,219,191,128,6,39,201,210,144,235,50,131,244,40,196,238,168,125,155,118,238,67,234,27,144,209,148,88,204,100,229,119,221,86,239,115,13,199,42,109,5,100,13,177,79,101,13,87,161,0,122,234,151,137,49,3,44,51,242,191,207,120,130,209,114,141,101,40,117,8,119,235,178,115,198,81,113,146,189,235,255,92,197,43,178,243,76,66,207,137,5,216,111,195,216,124,148,156,32,33,107,191,149,173,33,186,63,174,219,114,100,210,115,219,18,208,181,135,248,100,153,59,102,108,143,1,55,46,235,35,123,232,91,156,210,144,38,130,94,93,9,76,16,200,138,171,93,133,205,123,64,24,90,87,194,9,15,6,235,54,242,128,103,131,46,145,235,45,39,170,254,232,194,181,184,251,18,227,146,48,214,69,19,158,184,253,31,75,32,209,71,135,125,202,180,165,102,205,194,190,199,157,62,190,49,8,107,198,209,45,94,206,180,231,34,159,18,59,154,117,152,17,146,17,75,133,214,241,251,44,252,32,230,32,55,1,242,239,73,148,235,12,190,241,132,178,143,80,23,238,188,198,20,79,129,24,196,161,144,42,170,98,16,110,178,1,59,199,241,50,67,166,207,8,116,38,137,166,123,31,85,173,101,96,202,223,156,195,222,46,25,184,96,35,96,173,90,4,155,103,1,67,208,195,123,196,111,172,43,175,50,196,63,157,95,70,56,50,0,61,116,207,233,26,180,46,69,131,90,190,5,42,166,127,162,155,225,97,252,229,38,45,11,126,30,95,190,174,202,76,133,172,168,215,104,95,229,76,129,244,179,36,140,40,33,107,229,189,188,61,89,144,46,28,185,175,221,205,31,112,129,200,237,78,115,235,162,40,216,216,217,110,114,151,34,155,224,119,148,199,42,213,227,170,188,248,206,111,117,251,4,213,140,155,244,57,73,25,237,104,190,209,122,246,172,117,89,251,216,152,214,155,54,142,202,7,94,248,22,176,193,178,128,166,100,178,51,165,115,147,72,252,176,218,34,175,123,32,188,36,164,253,253,9,4,173,97,228,189,4,74,242,117,244,181,251,152,15,22,212,243,16,243,68,244,83,55,179,219,192,230,116,137,19,90,7,10,119,173,196,0,21,9,188,134,239,39,167,61,169,170,239,59,62,123,190,177,191,39,245,242,27,167,124,154,190,170,170,214,61,28,126,68,174,92,254,184,97,80,190,89,8,67,5,35,62,188,62,154,232,65,114,132,120,241,210,214,206,3,68,111,180,153,26,143,93,166,79,70,72,193,77,130,54,225,119,0,17,122,247,81,178,214,22,92,94,187,198,241,55,124,233,207,37,48,127,168,100,188,134,218,250,52,49,201,253,91,62,36,181,165,53,47,199,229,133,61,87,151,61,239,223,76,90,112,165,21,222,5,223,56,23,35,49,125,125,38,181,67,208,185,102,91,29,19,183,226,21,169,32,219,70,141,124,81,77,25,39,238,65,123,162,134,76,5,38,81,230,236,87,81,20,205,169,131,33,136,242,65,80,108,189,51,127,222,76,241,122,5,228,253,212,118,128,136,53,194,46,46,228,174,4,210,107,53,46,199,236,86,92,214,162,154,131,245,66,109,129,37,246,139,81,143,198,184,197,139,0,74,196,241,84,24,121,144,91,63,205,28,62,228,110,189,202,164,37,98,101,117,97,57,26,232,145,161,250,74,24,193,140,95,80,205,26,28,238,7,98,72,210,42,60,55,97,233,158,169,113,176,95,98,187,97,164,111,243,129,145,217,200,200,84,144,10,42,145,49,36,62,210,240,241,237,6,125,85,182,95,250,181,165,141,85,123,248,171,88,173,21,161,132,3,194,62,47,27,162,245,24,253,157,75,8,91,117,91,62,53,97,20,14,167,130,196,119,162,63,25,249,87,208,11,188,142,185,192,149,234,8,63,219,223,223,46,211,116,169,5,102,26,83,188,198,151,116,10,46,235,150,192,246,7,235,27,111,42,102,197,232,222,69,160,93,216,171,20,231,147,216,172,107,120,168,229,67,194,32,183,150,214,168,89,20,41,212,135,30,103,219,157,82,94,44,56,62,152,81,127,112,176,112,178,70,28,109,16,233,237,19,82,234,218,36,127,200,38,145,167,216,158,60,249,164,229,155,30,182,5,115,168,5,147,63,42,19,182,79,142,178,209,226,27,245,92,184,57,181,76,150,114,30,96,56,128,24,159,150,194,13,52,246,84,27,82,174,59,189,96,160,192,179,215,99,227,73,6,217,50,1,76,158,24,17,202,189,220,113,117,117,1,63,170,64,217,195,85,251,218,155,52,50,189,245,146,64,28,168,0,184,234,222,147,111,123,4,181,92,67,173,222,66,176,203,165,163,249,67,157,143,232,110,63,214,88,4,28,154,168,131,161,195,141,245,47,68,180,13,120,59,23,254,98,33,213,130,148,154,219,47,83,222,10,48,152,94,79,4,25,230,116,95,77,90,203,93,116,216,238,0,213,138,123,36,146,90,79,28,70,61,221,179,198,190,26,193,48,245,222,9,105,143,211,242,239,112,153,219,165,83,0,189,189,120,216,187,254,28,148,255,10,78,246,73,234,34,122,254,89,168,191,32,83,170,7,65,133,7,116,33,144,201,111,243,206,231,116,65,152,159,114,57,248,255,227,46,115,229,209,13,148,126,1,54,101,77,112,213,208,39,191,10,116,62,181,2,176,165,211,173,225,65,109,206,91,24,243,123,203,18,94,109,41,206,137,95,83,4,203,102,222,80,114,142,88,46,189,115,43,105,175,238,213,173,89,85,124,252,122,71,115,255,93,26,24,58,191,10,140,38,69,59,201,40,10,2,20,227,187,95,209,165,158,115,245,232,77,39,14,21,45,229,50,88,246,4,94,47,3,112,165,231,65,223,154,65,161,239,239,103,254,19,208,39,223,88,166,243,131,88,164,194,84,71,72,48,56,200,197,186,143,25,66,195,68,232,203,1,141,94,165,71,57,187,170,154,203,156,175,86,111,212,197,227,12,96,217,43,37,216,216,79,148,238,40,238,84,163,45,28,164,111,183,11,78,132,26,72,203,224,35,18,206,153,69,81,96,3,7,113,140,228,150,84,169,16,93,78,1,209,194,248,33,39,58,98,141,180,63,236,174,91,67,62,179,205,8,178,151,118,185,85,208,189,136,185,226,133,39,71,60,226,147,91,149,4,240,100,90,39,74,62,211,43,156,12,39,18,138,213,27,226,29,202,194,151,180,122,144,202,138,236,221,32,39,211,246,100,177,84,166,127,216,236,16,147,223,245,5,139,226,243,24,73,7,119,100,137,166,116,223,18,89,67,213,158,72,194,174,240,220,96,56,27,226,187,90,168,17,66,196,225,239,253,12,43,229,61,85,245,120,244,236,247,161,237,94,238,69,206,85,147,42,162,194,211,147,72,42,32,120,44,120,139,29,117,42,168,32,176,60,192,52,42,205,166,169,9,56,84,50,233,221,121,132,43,97,18,157,170,182,19,37,97,209,7,237,161,49,203,194,252,36,119,181,208,106,108,17,118,64,25,232,186,56,236,166,69,150,218,163,241,73,153,148,82,149,225,62,209,87,173,94,19,27,31,22,158,50,28,224,83,20,21,119,171,12,46,199,206,211,208,151,255,131,21,72,95,115,71,249,90,178,129,182,67,72,241,50,134,181,241,127,67,96,218,64,68,32,133,122,71,223,227,198,189,113,9,143,137,126,169,34,41,110,21,64,157,64,122,195,174,19,97,118,45,100,142,153,245,171,31,175,129,91,33,77,5,23,55,243,215,252,69,111,184,64,118,180,156,27,99,93,131,94,104,143,56,102,114,6,215,180,70,186,71,46,2,181,225,54,81,248,62,117,184,70,131,81,25,252,167,157,220,78,212,34,87,141,2,56,79,244,236,248,164,163,93,173,229,201,205,19,62,17,164,120,51,120,152,245,139,79,245,71,92,180,109,130,217,198,104,57,140,93,51,12,21,18,14,122,232,160,222,1,187,3,176,209,68,26,184,100,22,77,109,187,61,98,107,105,236,30,71,223,141,132,36,110,245,240,205,199,98,215,207,7,142,129,230,174,136,232,116,134,182,150,255,82,83,158,120,113,181,19,212,28,221,99,231,1,53,67,100,8,241,201,136,60,19,113,21,53,245,189,251,60,94,98,221,58,41,15,148,13,126,6,89,119,201,134,179,20,22,54,216,175,142,126,184,76,112,220,76,48,112,167,235,13,11,192,104,186,42,155,187,18,94,35,34,126,216,134,182,29,245,168,124,16,122,85,36,77,180,2,168,63,50,158,120,206,112,126,49,181,51,17,34,68,239,179,79,4,48,112,66,60,60,141,204,181,140,117,78,29,226,114,178,174,226,153,90,50,174,76,14,69,1,246,175,35,206,121,14,139,12,222,142,88,118,22,114,167,215,206,79,155,57,9,105,151,140,228,190,160,53,223,134,31,50,93,146,208,218,54,121,176,96,2,108,211,200,65,27,149,75,164,178,202,108,33,64,72,131,152,160,119,105,137,40,51,83,151,200,60,118,244,156,16,20,124,124,188,9,98,181,195,231,223,39,233,24,214,121,104,104,154,62,41,0,247,40,2,149,227,25,242,251,128,28,197,19,128,60,157,250,153,176,170,253,152,120,59,51,64,97,64,219,233,180,139,37,59,160,30,99,73,178,99,135,220,104,36,64,100,7,255,210,68,43,29,159,124,194,103,214,147,246,100,45,184,94,166,83,193,217,189,148,40,21,226,105,4,38,154,47,50,100,138,32,161,71,62,139,9,119,154,140,152,5,57,63,35,241,58,131,39,205,210,22,25,94,92,50,191,226,118,2,141,205,159,195,104,213,44,34,19,185,141,213,57,89,81,11,40,104,167,94,69,241,103,38,84,81,119,26,180,112,106,28,19,174,185,25,146,51,47,221,64,219,71,252,173,149,252,34,201,139,48,240,180,11,254,68,25,128,118,174,253,86,100,188,1,200,14,248,120,49,242,111,92,3,220,170,180,64,253,73,64,116,49,161,79,110,152,17,33,92,130,190,32,13,229,65,228,220,173,181,232,223,149,177,39,168,172,41,239,60,244,47,67,175,126,7,89,42,183,201,103,43,190,183,64,168,123,72,139,126,165,192,241,208,239,176,253,114,147,49,71,250,213,38,190,229,205,254,47,143,254,132,178,124,152,206,220,244,92,227,11,47,67,27,108,9,113,246,192,203,213,101,113,153,178,245,193,249,42,99,191,89,107,192,54,192,113,148,107,138,184,25,39,112,88,193,39,148,77,245,72,87,58,91,221,49,47,77,22,8,207,126,229,51,228,165,150,227,80,62,145,95,18,29,25,133,13,84,207,200,239,199,201,161,154,21,223,52,207,3,121,5,35,112,185,244,1,21,121,32,187,125,236,97,152,33,78,120,97,245,206,6,22,189,21,77,9,141,11,28,228,154,126,194,223,0,88,65,142,12,195,206,30,231,232,238,91,141,200,37,215,213,53,17,133,166,112,115,93,7,80,223,6,46,102,202,234,30,202,110,59,142,20,19,104,189,228,204,54,91,83,46,145,144,98,73,37,99,26,153,215,176,188,227,52,104,209,146,109,124,102,176,123,153,69,217,159,165,13,42,209,11,153,104,101,158,98,57,166,24,110,138,89,104,31,229,127,140,119,36,229,194,19,131,189,144,34,214,200,45,31,62,50,165,164,55,132,143,168,199,0,151,110,142,52,145,238,2,45,77,60,222,41,121,57,232,23,202,186,75,139,86,40,207,87,22,26,40,41,242,183,12,63,160,61,173,49,90,75,30,226,125,7,52,173,4,121,119,89,64,206,41,27,166,245,213,223,207,109,78,77,26,107,237,241,108,240,11,2,211,50,16,241,89,208,4,166,46,150,243,147,166,236,175,111,20,69,203,113,224,233,46,184,18,40,171,186,116,160,196,160,123,118,58,113,156,63,55,22,134,141,250,22,69,18,103,99,132,80,5,93,86,140,7,174,210,248,176,246,1,14,219,34,175,141,246,81,216,158,143,31,76,198,201,176,252,151,69,246,66,96,249,241,195,33,18,41,1,135,199,20,157,103,115,204,116,153,45,12,254,252,236,189,2,137,36,173,85,114,143,92,251,248,154,57,175,216,226,98,2,183,3,132,116,169,175,250,131,33,176,92,162,187,197,170,102,237,192,23,9,191,142,169,17,134,177,221,134,171,208,145,60,70,90,190,245,122,6,19,63,112,21,212,14,120,0,194,162,193,104,33,250,91,179,108,135,210,3,97,113,39,25,62,199,51,208,229,110,115,189,151,229,181,206,156,162,178,205,2,52,31,51,30,87,210,58,249,190,189,172,49,46,219,143,50,52,45,121,182,110,166,229,96,75,12,185,76,173,107,150,95,12,236,148,213,45,54,178,53,89,193,181,202,65,138,45,133,82,189,43,228,8,85,36,193,133,2,5,245,109,237,179,22,103,63,47,150,226,116,172,241,46,48,140,167,216,5,79,107,71,33,12,237,45,103,62,121,182,44,182,184,217,46,193,143,39,27,12,13,148,71,230,234,50,118,122,60,77,104,239,45,155,178,166,67,204,173,163,240,57,12,204,199,103,75,20,237,120,114,42,249,118,33,133,216,246,114,214,150,247,197,174,103,146,3,248,235,164,36,222,171,242,184,168,31,203,202,85,112,107,132,127,125,152,40,29,71,110,173,111,30,221,130,146,131,215,168,221,21,90,41,173,6,159,255,87,88,11,8,44,163,49,80,163,44,51,78,162,49,134,231,234,222,125,66,197,24,183,245,71,122,92,154,77,28,59,253,183,233,181,249,208,12,244,194,156,176,170,42,96,220,213,233,121,242,2,2,138,156,34,138,25,245,54,92,228,106,247,149,212,139,199,126,237,227,209,3,221,163,52,178,11,208,86,132,122,133,42,102,128,70,83,207,73,154,65,51,181,199,243,182,230,99,190,46,86,9,50,18,137,28,39,50,10,13,155,53,68,208,67,17,248,58,206,91,161,11,7,184,75,157,40,96,61,121,159,175,84,241,185,228,43,154,64,13,14,206,171,16,239,88,139,89,89,154,103,74,185,31,163,114,56,248,255,3,193,216,147,175,191,140,172,249,227,27,64,91,37,232,117,149,100,49,166,62,41,65,36,38,17,70,178,217,175,113,205,19,36,43,110,160,2,92,34,208,58,101,65,148,109,223,45,62,13,141,176,31,98,227,14,253,68,9,72,248,125,145,81,148,1,104,123,106,25,174,230,249,184,227,17,163,163,223,115,42,31,122,118,228,215,204,26,62,164,146,56,53,57,230,98,231,167,170,142,88,90,24,167,150,91,180,182,70,48,214,145,79,127,83,249,89,172,34,12,229,171,255,109,156,60,1,69,66,0,229,14,237,238,142,234,236,240,145,114,149,63,94,229,37,165,6,179,150,248,114,186,173,121,242,28,207,16,30,4,29,211,96,162,165,70,211,113,11,141,103,92,229,178,239,226,22,149,107,17,74,0,202,156,104,146,55,130,39,25,129,101,201,21,88,91,249,129,238,208,241,36,136,116,115,229,27,157,7,226,153,111,100,43,5,85,217,247,60,212,150,80,160,6,6,247,199,195,245,93,212,254,27,0,238,8,218,13,227,216,141,243,90,111,8,155,123,174,224,61,216,197,147,243,166,161,170,75,84,144,61,34,97,122,16,136,198,101,121,175,230,159,154,67,126,114,212,160,252,182,48,227,35,178,171,2,200,73,194,123,229,67,120,33,17,12,21,233,77,222,66,3,207,75,57,183,132,85,66,3,54,222,245,158,196,169,79,52,17,148,193,147,67,147,173,48,200,62,89,86,61,232,104,44,113,194,116,32,35,18,93,22,137,170,17,215,244,60,173,159,225,243,236,9,191,66,22,8,169,64,12,11,133,163,174,88,219,101,247,27,166,164,177,118,215,158,56,5,106,173,29,218,68,140,126,9,154,221,190,68,251,18,161,51,206,166,216,92,199,141,79,142,100,14,61,217,122,225,240,226,196,37,148,8,200,174,134,145,24,134,31,211,8,151,121,19,191,157,78,96,157,93,175,0,221,36,2,146,198,75,196,63,204,199,83,147,110,189,111,44,164,249,251,93,71,199,76,43,27,36,110,64,52,148,155,42,174,210,10,131,242,144,80,130,188,100,169,91,167,71,102,82,147,129,143,16,8,91,169,204,14,162,166,52,68,27,84,100,236,119,88,216,100,80,63,135,37,83,125,201,203,105,195,213,129,190,78,186,237,54,48,35,76,21,115,20,124,167,216,106,167,42,0,30,196,169,173,154,92,8,196,195,155,185,54,134,29,144,239,223,238,70,9,58,199,245,241,95,165,162,168,165,89,20,180,22,172,78,189,103,156,19,95,146,185,156,39,141,45,121,15,148,194,25,234,230,235,5,137,107,92,146,130,19,152,77,17,9,130,98,161,154,42,8,199,84,17,249,188,149,187,85,122,132,63,105,222,193,180,220,5,225,186,168,192,141,99,88,60,102,131,110,30,237,100,213,202,108,143,113,55,21,24,249,35,200,20,160,230,10,197,92,178,28,214,185,54,224,133,210,75,79,79,88,193,77,159,47,1,239,69,21,233,196,63,188,203,84,209,232,117,101,71,154,114,82,211,144,152,159,8,25,121,141,179,203,228,44,119,2,93,246,161,29,206,161,16,29,0,230,163,185,182,83,226,162,128,42,27,45,160,90,22,227,150,115,203,174,201,191,255,17,36,40,106,188,78,32,101,63,214,190,163,28,80,26,196,216,87,60,176,41,2,33,219,147,92,217,76,218,147,106,28,182,138,1,87,131,63,184,44,85,149,87,236,54,128,7,95,208,61,229,245,247,20,89,234,224,244,125,161,116,112,86,251,190,151,68,67,170,255,91,230,213,96,134,41,101,14,63,212,147,109,74,39,158,162,194,174,95,53,243,68,228,26,56,41,246,242,231,134,62,150,103,122,188,138,206,173,126,196,172,174,57,140,4,77,65,35,173,219,205,100,229,224,17,228,110,126,10,242,252,254,17,191,201,51,156,84,112,205,80,196,210,168,168,211,66,87,177,90,4,21,100,90,162,45,30,40,94,16,67,188,113,190,65,150,147,77,4,96,26,200,31,219,230,137,91,68,43,116,81,186,18,164,140,207,19,251,205,170,38,5,5,151,131,85,235,121,3,23,47,246,178,56,196,179,56,134,204,149,181,216,94,72,80,81,8,54,61,139,58,241,55,144,23,243,221,132,32,69,14,116,60,2,190,6,231,84,135,199,187,215,26,244,161,155,222,220,246,207,233,7,116,140,195,158,254,115,237,105,239,7,7,23,233,42,63,194,213,196,176,163,41,139,186,241,147,50,6,85,48,136,31,188,95,44,2,229,117,119,250,18,136,102,54,2,145,72,83,254,9,138,178,160,121,233,65,85,232,138,228,60,225,184,123,192,102,154,19,60,174,137,132,54,49,222,206,11,185,158,53,255,104,105,241,183,210,126,126,6,242,88,161,63,71,12,247,190,114,81,209,21,171,196,78,112,95,65,160,73,147,70,4,58,57,221,29,176,187,71,45,114,16,30,1,194,234,29,126,229,11,168,88,149,153,95,28,64,129,178,132,99,25,74,17,9,48,109,61,141,62,109,54,223,250,208,40,70,18,210,187,10,237,102,204,215,243,188,113,83,239,61,133,26,138,187,171,108,50,65,16,126,7,178,139,198,98,133,119,188,224,159,60,220,148,83,168,248,77,206,226,33,65,157,198,227,114,116,143,181,160,145,143,240,186,143,102,99,158,152,12,101,85,24,30,137,51,163,29,149,180,26,163,167,232,240,157,93,74,32,169,68,119,153,205,155,146,127,244,25,144,183,177,225,180,131,9,86,77,93,40,50,25,120,166,25,240,105,117,80,238,88,211,217,207,76,44,130,76,45,238,246,205,86,103,25,231,229,122,41,218,126,235,135,113,223,53,105,109,109,169,31,125,189,14,107,67,136,183,126,185,242,131,18,201,139,70,40,148,208,98,164,116,78,11,240,89,146,12,129,68,86,208,140,78,73,47,99,34,25,109,24,225,193,160,113,223,200,14,50,151,37,130,135,42,15,160,65,240,88,174,81,62,50,175,65,178,0,212,203,95,228,225,27,122,228,246,162,171,83,170,22,156,230,208,221,9,79,108,199,76,241,189,138,58,234,55,77,104,146,2,114,66,51,202,240,25,185,40,179,190,89,80,137,50,29,234,97,140,38,80,33,127,7,2,6,73,78,177,122,50,248,48,208,94,141,179,246,192,74,158,238,68,173,191,216,163,215,17,217,215,78,241,134,28,135,183,242,169,100,115,126,78,244,170,0,126,138,92,69,104,231,19,244,150,205,96,229,153,189,210,226,210,110,12,255,174,91,7,205,232,251,141,161,136,33,121,59,50,243,108,205,251,21,154,169,221,141,172,16,86,12,152,190,210,218,54,44,112,162,52,150,25,173,212,146,220,218,199,156,72,221,10,224,255,44,134,174,129,235,99,250,133,211,7,75,179,243,85,96,107,175,142,159,113,143,189,206,178,70,183,175,105,45,213,240,7,143,226,27,33,211,132,135,161,159,99,103,181,36,45,188,44,208,228,114,26,159,21,206,237,191,126,86,108,220,121,65,112,209,85,59,114,127,254,33,105,66,11,82,134,101,247,78,148,37,65,116,115,251,139,130,67,88,183,83,255,246,241,64,131,163,43,224,219,248,147,162,112,48,243,107,91,26,5,183,179,183,224,227,199,204,60,117,38,152,11,204,253,119,39,147,45,44,28,232,26,184,142,114,71,152,136,88,98,90,240,205,178,196,33,241,119,3,243,203,174,66,139,81,15,117,219,23,140,218,242,63,106,239,141,82,220,106,237,3,83,130,3,74,77,227,158,60,191,56,226,49,143,201,48,186,210,193,86,1,227,13,112,153,86,113,211,182,57,10,66,100,175,40,17,154,176,241,199,236,158,133,253,59,58,197,58,235,88,119,203,83,94,88,37,11,85,83,78,105,78,45,59,196,139,127,13,49,247,102,78,149,238,217,20,129,18,134,48,229,213,107,87,157,101,81,70,94,34,59,162,60,60,193,202,147,30,102,95,149,192,5,194,58,78,25,229,204,48,10,178,1,191,170,93,6,138,21,50,21,125,157,77,120,19,33,37,227,150,239,29,70,100,253,192,209,227,173,181,92,166,13,181,61,237,48,243,38,213,97,71,66,229,179,195,204,244,168,173,127,141,126,117,36,240,127,60,176,33,19,230,171,15,241,246,57,178,78,43,147,248,142,142,215,175,217,22,85,14,188,100,69,174,222,33,167,237,170,168,157,146,213,217,226,110,243,227,232,131,91,240,124,177,7,105,76,225,51,232,3,68,163,100,218,69,148,28,214,162,214,201,232,91,68,247,106,39,121,246,69,25,120,208,191,91,2,86,50,248,156,218,155,74,215,110,136,13,239,165,183,243,64,22,190,116,228,9,76,87,237,32,115,215,193,25,244,181,250,133,134,4,24,60,30,214,160,44,176,7,27,173,16,113,13,166,182,85,26,179,247,118,152,44,74,155,197,66,67,47,104,152,68,206,136,149,54,109,164,200,95,176,187,243,205,141,44,144,18,24,104,87,40,68,15,120,90,3,222,53,129,19,255,237,246,125,245,251,180,151,110,185,102,56,102,211,155,84,33,232,101,248,173,195,92,60,59,233,162,121,209,113,112,142,118,136,148,248,194,222,108,241,36,158,16,220,148,90,98,128,187,70,2,198,63,114,33,215,126,243,161,67,15,4,141,2,58,134,7,121,177,184,203,174,251,11,1,240,64,189,227,106,139,25,165,201,33,12,202,94,154,80,88,252,1,149,140,45,37,202,137,223,224,52,96,163,10,157,216,240,20,1,81,243,31,38,147,126,180,192,0,218,145,238,239,255,162,254,245,20,16,100,237,16,212,14,154,112,154,229,172,26,225,145,156,221,167,249,169,46,72,241,214,114,18,142,161,4,128,191,58,128,171,181,66,154,227,14,229,106,188,198,180,123,85,252,230,174,187,29,29,113,141,212,174,251,102,56,205,223,245,113,170,89,166,2,15,182,54,45,168,50,186,121,75,10,171,7,171,64,32,190,48,38,7,89,211,132,105,249,75,154,116,214,101,6,207,242,90,67,117,27,211,213,144,182,217,107,217,208,227,46,112,104,250,183,13,194,213,125,181,134,223,209,73,35,172,241,84,12,174,106,102,64,255,65,131,12,150,178,73,247,116,149,100,213,29,50,50,153,93,76,28,240,133,140,174,158,242,100,96,88,173,203,246,244,212,194,44,153,110,124,247,231,223,50,58,53,50,195,135,78,187,252,228,82,209,207,65,214,171,86,238,224,210,123,170,100,127,3,67,121,79,124,220,158,191,8,46,204,226,116,164,223,142,99,6,128,82,59,98,73,22,28,166,253,60,206,189,247,186,232,44,76,76,39,82,184,225,48,173,209,152,47,80,207,8,221,153,229,140,119,123,20,109,191,101,184,251,235,5,137,43,101,121,47,63,191,183,93,178,203,143,113,126,195,56,74,207,84,4,41,11,221,180,44,163,1,224,159,2,86,77,200,252,184,170,159,22,68,76,239,5,14,182,51,224,106,46,178,119,173,214,108,6,190,131,122,190,228,97,57,237,231,92,218,30,35,96,233,141,225,111,110,141,167,201,193,41,13,174,14,65,159,17,115,197,107,167,162,102,238,229,233,132,207,229,115,121,165,205,65,30,161,167,243,35,94,69,0,102,188,135,1,3,139,211,75,42,2,110,201,158,105,237,206,11,111,96,67,52,72,50,223,218,203,193,155,83,58,103,141,206,192,154,193,175,172,75,7,134,71,28,142,25,187,33,129,44,130,7,229,20,104,187,63,78,34,100,148,92,164,211,74,36,154,94,80,165,251,164,154,54,64,207,26,31,121,162,29,120,199,151,107,234,21,249,82,32,105,115,224,132,151,109,209,237,106,54,210,102,167,125,46,137,44,251,196,54,195,168,48,18,255,59,6,157,176,188,230,110,14,234,116,44,219,186,217,196,233,193,124,228,163,222,17,235,78,29,201,138,24,88,167,202,223,119,184,77,131,194,34,119,53,210,173,165,125,203,223,190,49,42,88,166,169,111,86,38,40,233,99,148,116,67,23,31,184,73,168,12,185,125,234,148,248,105,241,254,7,221,232,195,188,249,51,144,16,69,252,140,105,236,20,122,96,93,170,116,146,43,1,247,206,113,251,128,26,58,74,234,25,232,102,100,21,44,157,28,111,236,205,228,5,244,24,71,37,62,130,92,33,113,103,79,52,24,254,139,182,173,179,165,192,247,8,177,242,204,58,185,127,119,11,221,3,227,78,163,164,250,9,46,89,116,154,54,220,11,254,130,23,196,240,241,240,25,170,134,113,49,86,241,100,23,167,1,169,179,29,97,47,210,226,29,41,252,114,57,44,122,209,240,140,51,223,165,198,105,225,252,121,244,80,147,75,235,89,208,37,10,172,65,25,99,119,126,52,72,5,150,154,83,88,38,75,28,147,76,144,235,235,27,0,13,102,238,169,119,182,66,128,127,19,225,180,201,54,207,65,58,180,151,180,141,141,104,122,241,38,96,7,174,245,52,54,253,198,15,184,25,42,96,204,137,94,59,201,173,63,197,218,145,231,242,122,238,233,238,12,190,251,147,49,242,98,236,245,83,209,176,224,222,80,114,156,29,36,223,144,204,3,249,8,168,214,231,235,111,167,140,197,208,97,102,229,17,77,169,63,144,148,98,114,45,168,249,176,7,134,132,234,77,241,202,4,94,186,107,214,214,91,179,253,58,107,85,36,22,170,72,87,253,247,35,151,32,94,227,2,180,204,205,159,186,165,193,126,213,34,130,122,28,70,152,89,16,161,186,88,31,173,138,67,103,6,212,220,128,157,213,77,29,91,10,227,53,40,6,14,244,41,186,248,198,202,139,203,101,148,25,17,140,34,97,88,252,76,242,8,122,149,237,248,235,119,138,34,196,25,32,94,246,34,223,26,228,147,244,30,120,21,46,53,156,131,239,11,118,45,7,43,134,52,74,159,37,197,174,129,105,52,231,21,192,16,108,194,72,201,120,98,75,122,126,91,220,119,105,9,30,39,30,154,97,61,99,43,26,28,53,167,63,252,17,142,143,201,7,117,3,229,196,152,150,67,160,42,1,165,139,23,73,153,45,242,135,122,177,245,125,142,233,105,225,208,145,205,214,76,210,179,213,106,11,131,59,144,67,64,231,183,41,81,159,104,36,72,98,153,226,172,66,93,166,78,197,185,252,113,123,102,183,39,85,178,60,146,164,65,43,97,17,149,234,52,100,134,136,76,231,12,23,62,202,141,105,97,111,79,254,75,142,75,94,119,9,228,104,168,6,101,116,208,189,109,33,190,9,254,205,19,216,224,54,126,211,46,78,112,187,207,80,44,10,194,245,42,137,53,0,73,131,155,140,162,240,240,221,199,84,132,216,104,182,235,39,237,46,54,42,204,41,199,14,213,103,173,230,51,26,10,2,184,126,27,133,123,114,138,54,141,194,13,109,103,87,243,98,135,23,197,208,31,64,247,231,246,8,128,144,232,172,20,154,54,128,37,191,52,248,141,8,102,187,94,93,198,34,198,25,148,245,43,41,243,243,216,152,91,207,210,236,195,193,5,123,124,138,204,102,117,32,42,195,97,86,88,28,64,226,155,123,67,19,75,90,90,80,190,81,155,147,72,221,102,251,242,95,167,20,58,107,109,84,93,172,175,109,22,2,221,39,32,59,12,59,115,13,185,56,198,128,58,9,102,126,177,155,89,155,241,38,224,37,228,186,125,199,97,77,34,142,175,111,34,161,242,94,211,60,227,51,44,9,253,172,87,115,76,85,132,93,230,168,185,156,201,166,186,75,186,194,149,208,87,105,120,177,164,61,226,255,197,125,81,129,249,178,232,0,6,190,212,178,38,207,243,114,206,90,203,114,206,250,87,241,175,249,30,177,32,236,204,53,2,155,163,39,189,137,196,203,127,59,198,53,241,116,157,147,135,138,220,95,229,84,3,236,194,134,75,29,32,24,42,160,63,213,206,252,130,22,193,69,80,218,19,85,86,82,178,224,203,116,164,220,44,10,75,53,46,188,91,110,29,252,40,25,161,101,98,196,155,211,156,148,166,101,33,89,217,41,37,218,97,238,23,4,161,83,228,213,165,186,58,246,17,249,164,151,108,3,82,175,83,136,194,101,203,254,88,217,91,79,59,92,131,31,183,139,162,253,248,142,184,116,182,228,29,27,104,254,211,59,217,235,56,81,229,216,83,64,115,203,35,157,241,219,125,112,81,176,95,21,33,32,149,128,114,187,8,95,189,170,165,210,50,156,46,163,14,19,231,196,41,234,128,198,155,35,233,138,181,14,6,225,230,197,44,20,40,98,59,50,11,156,156,139,228,164,16,25,130,255,7,234,127,137,211,249,76,105,162,61,147,100,23,22,57,239,208,62,80,89,228,176,91,12,129,50,123,181,58,197,76,250,147,57,240,42,51,96,109,254,94,162,148,237,232,127,77,111,80,118,107,178,207,181,88,0,215,27,102,225,224,194,154,74,69,4,235,8,242,137,129,226,47,124,147,228,101,110,183,1,74,67,30,106,117,41,223,249,128,128,99,204,130,197,183,221,3,51,155,97,153,203,82,194,56,73,245,168,154,13,52,107,55,251,251,94,173,196,14,202,234,43,220,176,201,230,144,178,93,61,129,119,173,255,46,172,178,192,11,212,56,57,186,36,22,9,167,132,120,175,84,88,10,91,236,198,156,57,82,1,73,118,250,19,206,152,140,206,53,211,168,184,98,182,197,22,245,237,47,123,64,126,76,165,91,76,145,250,127,214,209,181,51,109,70,161,38,190,155,71,58,242,91,212,166,56,115,112,141,19,148,246,105,252,246,145,173,96,235,72,197,94,163,13,175,235,162,32,112,32,213,1,13,210,44,94,92,29,38,192,45,5,155,114,66,151,254,138,140,209,223,173,67,126,95,123,150,93,201,187,210,5,124,13,10,76,242,69,220,172,89,92,41,135,238,95,194,60,240,91,156,74,250,244,219,99,148,110,216,64,131,224,113,77,213,33,210,33,57,213,44,56,167,75,238,242,229,94,17,171,59,140,12,17,166,233,82,243,51,145,168,153,67,117,63,252,213,229,65,108,117,158,239,109,16,82,204,168,106,76,10,154,152,41,62,129,173,230,212,213,115,3,34,87,204,29,39,154,246,58,82,33,181,78,45,101,190,154,167,13,200,142,132,230,96,46,131,38,27,211,191,62,0,81,169,231,162,134,189,62,225,52,167,81,196,225,43,203,216,232,190,232,95,185,58,194,205,184,250,13,147,109,194,85,156,150,10,25,251,220,223,91,50,44,150,108,117,214,10,171,42,60,32,226,220,23,175,168,31,161,170,117,103,217,62,100,222,246,235,3,207,255,186,89,0,73,88,94,47,2,66,3,175,105,195,200,190,3,28,27,40,213,14,189,187,124,254,29,124,167,181,64,231,132,214,205,192,224,141,97,60,186,45,189,109,123,45,70,112,157,22,123,220,151,227,235,12,211,144,18,78,23,231,192,95,74,101,167,123,46,141,147,61,95,46,140,41,70,156,67,92,214,125,234,200,94,165,240,65,98,15,78,179,141,140,178,79,135,134,81,160,40,185,246,30,235,225,138,143,172,47,91,248,64,161,73,40,51,17,219,140,215,76,130,15,147,250,212,210,47,108,88,29,28,62,146,104,250,172,195,162,234,54,188,152,189,109,69,173,118,77,61,196,179,191,68,194,126,113,111,4,46,180,75,215,93,190,200,112,87,42,149,254,183,73,89,48,116,66,118,162,209,201,160,237,201,244,131,199,55,55,65,173,222,26,43,53,204,4,185,83,120,116,19,67,99,179,205,137,246,77,135,134,24,246,7,184,203,220,164,6,203,189,223,126,51,102,154,220,92,56,20,96,122,243,130,25,223,37,37,194,232,61,72,124,14,212,68,131,221,229,49,228,242,245,26,228,174,1,136,156,39,54,15,125,79,216,80,88,176,117,91,4,2,183,103,130,205,167,226,52,231,3,200,12,255,194,217,26,21,178,128,64,67,224,204,17,86,2,74,35,57,78,223,249,139,109,222,115,88,78,39,198,120,218,196,242,114,59,152,30,237,167,150,72,52,133,178,124,139,254,139,89,255,138,157,165,63,37,165,246,229,52,5,37,23,66,85,99,211,181,225,68,202,95,125,16,111,101,174,21,111,101,100,56,134,65,131,13,81,124,25,79,176,57,183,235,212,30,41,15,88,12,171,150,190,144,54,128,39,131,48,152,139,130,102,47,24,141,19,26,141,140,209,10,116,182,214,214,84,38,72,62,161,114,183,197,85,125,230,92,150,72,32,93,141,225,193,206,213,37,115,152,181,188,5,2,104,200,117,42,92,22,145,120,175,99,90,31,254,132,189,107,181,73,188,110,111,9,122,15,59,100,72,185,34,96,186,244,45,118,55,6,14,143,153,35,162,125,132,0,64,227,224,45,236,2,146,81,250,121,121,22,239,43,116,242,157,221,163,86,20,101,1,102,111,124,180,94,15,248,174,90,249,251,14,66,10,255,154,55,76,84,35,58,227,176,234,57,69,167,139,180,217,219,42,5,185,6,246,92,75,89,55,239,100,147,235,121,39,10,84,133,106,166,238,6,8,249,0,46,147,201,206,173,213,71,245,254,52,87,143,166,71,219,206,134,44,36,164,143,204,72,253,12,97,150,171,206,75,55,183,62,37,133,0,164,38,94,165,184,102,124,171,129,178,43,25,85,197,179,207,44,212,215,103,1,111,143,141,54,100,159,19,146,222,194,113,98,148,16,131,78,65,157,31,254,65,39,238,207,31,37,252,13,221,9,115,35,106,36,6,170,113,19,177,52,74,46,125,212,56,178,132,49,236,217,176,98,8,157,236,72,198,38,65,63,185,113,56,199,218,166,202,193,169,84,24,201,59,132,98,71,221,142,188,27,146,207,20,106,152,65,121,79,109,151,3,163,202,216,185,66,40,163,104,182,238,2,20,99,202,206,210,25,171,128,27,220,235,35,248,85,251,241,86,44,127,228,137,38,175,235,176,224,2,54,105,222,70,18,158,251,87,22,31,211,227,177,90,51,79,183,27,7,96,227,75,133,9,35,75,13,154,135,230,183,219,246,182,36,202,122,245,40,180,102,198,245,5,212,92,51,46,175,56,244,24,89,110,11,186,98,44,203,217,171,121,85,78,12,61,68,81,142,254,159,181,152,120,98,220,119,157,238,163,76,165,58,200,114,27,70,87,97,22,96,63,37,20,76,231,182,30,128,59,240,134,21,232,87,231,112,249,143,188,217,60,216,251,96,36,36,230,185,134,55,5,245,33,234,94,124,225,116,27,192,140,95,18,17,230,218,75,108,3,154,74,148,78,224,166,80,108,0,205,40,128,90,4,15,64,228,98,176,122,112,211,101,146,83,105,73,204,212,78,243,64,17,217,249,142,189,92,193,99,252,191,55,108,155,145,45,17,151,134,71,133,47,24,242,119,126,216,247,98,110,76,193,237,30,0,170,175,56,165,175,191,217,247,94,252,10,20,218,80,174,100,214,55,77,108,104,223,31,86,140,142,227,7,176,249,100,89,129,16,242,215,11,229,159,252,40,161,45,93,57,226,124,105,33,207,201,38,9,248,100,98,89,220,40,211,1,115,200,32,255,59,151,132,59,244,187,147,151,41,196,63,42,21,198,18,84,45,223,45,83,184,10,118,61,235,10,74,221,23,74,206,197,232,80,83,183,250,160,43,22,234,206,117,168,198,248,65,178,246,101,201,193,146,160,126,168,39,64,162,17,143,14,222,255,130,186,202,86,15,197,130,176,176,40,224,122,71,210,77,55,215,69,81,106,127,65,184,13,116,98,187,180,151,211,100,203,166,106,18,35,136,132,240,143,52,54,154,88,160,199,232,37,148,152,61,155,164,74,113,64,201,121,119,133,87,249,235,31,88,10,177,76,247,55,199,73,69,223,72,121,198,10,235,218,210,70,175,107,251,51,216,125,11,97,48,40,211,31,21,118,108,16,70,81,7,146,76,118,40,51,183,124,131,146,127,208,135,250,207,206,177,250,12,180,180,162,30,208,253,123,163,82,19,188,99,11,85,150,80,24,241,65,188,64,157,205,186,130,246,181,51,191,216,43,196,102,37,70,105,221,237,92,65,19,219,35,8,179,64,125,149,81,228,81,231,193,245,46,35,3,62,178,178,44,189,100,18,31,49,175,246,84,247,77,88,51,165,43,164,228,60,2,141,74,41,143,78,233,146,158,26,44,231,158,82,166,171,114,209,171,197,241,112,59,41,12,197,135,122,48,114,230,83,70,180,14,177,222,81,178,193,198,41,196,204,18,47,208,203,106,107,123,69,119,112,163,246,175,220,66,208,179,91,8,196,70,199,152,189,116,176,239,76,165,108,155,96,1,235,111,252,157,115,27,124,131,83,209,225,226,165,211,107,36,29,251,34,61,114,237,156,27,54,228,230,31,237,128,59,35,90,183,151,59,129,245,6,148,200,14,229,120,58,234,68,156,12,183,229,51,138,99,93,59,141,1,139,102,153,77,120,4,237,43,70,110,118,41,141,145,26,203,226,196,32,22,70,82,236,173,45,71,133,113,249,90,71,112,59,163,47,96,45,203,135,111,7,243,101,12,244,30,67,223,97,239,19,162,180,75,109,87,1,57,60,185,84,245,46,160,89,57,195,55,36,178,156,20,3,64,25,41,41,6,35,6,129,207,121,185,15,18,94,118,96,158,202,112,230,97,26,239,250,21,31,136,59,141,189,15,163,101,114,73,122,44,244,28,103,245,134,15,196,199,108,12,3,117,12,16,205,220,118,53,10,137,88,22,140,9,77,73,121,198,203,203,125,103,100,66,94,53,239,74,255,215,184,72,118,67,215,92,38,205,178,221,113,249,241,175,199,27,24,239,21,141,210,18,207,105,66,6,253,170,143,240,136,133,183,134,78,227,189,18,167,17,52,185,174,61,246,141,142,113,90,183,97,224,201,138,131,113,172,118,186,176,212,75,144,66,93,147,66,245,5,64,160,66,62,100,136,200,132,52,151,91,209,15,191,54,50,2,103,214,173,52,84,85,117,59,180,218,90,104,238,96,73,245,166,3,226,144,51,4,175,173,44,241,149,48,87,89,248,122,252,70,189,91,164,251,105,171,226,9,10,199,95,82,137,182,176,186,164,212,12,220,65,237,171,248,168,53,79,58,98,173,255,202,71,165,226,115,174,172,129,153,196,109,60,76,23,220,50,84,43,76,150,41,85,223,185,225,231,160,112,126,188,233,58,136,147,204,254,255,202,49,194,167,80,246,241,209,224,56,84,210,10,85,173,159,36,187,197,158,80,24,81,197,1,218,104,92,179,116,249,201,125,161,86,254,179,128,93,114,160,44,248,47,199,42,34,92,219,177,130,19,92,43,234,119,229,87,19,87,207,147,17,225,209,210,61,182,84,216,196,250,58,70,237,62,218,189,227,148,134,220,29,5,7,90,172,173,172,168,48,233,214,34,134,104,20,82,125,213,219,12,68,219,234,24,163,130,74,184,105,11,218,207,134,129,215,253,230,232,226,76,134,16,151,225,72,79,17,195,50,84,48,171,45,124,153,245,112,27,218,226,71,222,71,26,231,157,43,58,85,165,252,134,252,255,88,154,154,221,204,32,255,255,11,8,218,16,253,132,100,171,208,107,137,132,90,5,145,213,85,5,44,60,228,251,168,61,124,189,61,36,123,181,44,224,6,116,135,120,161,236,71,135,39,80,181,106,28,87,55,93,221,129,195,116,135,110,16,186,138,114,71,151,135,196,80,105,107,245,122,54,126,97,145,13,31,73,68,163,9,141,57,56,121,177,91,178,221,132,156,185,175,227,122,108,32,151,109,72,40,160,172,57,121,15,158,252,230,242,167,76,138,176,230,47,62,165,176,238,210,51,110,15,20,136,202,39,227,97,61,2,202,71,164,136,187,107,47,147,60,16,87,128,10,217,103,160,114,47,40,128,126,58,218,181,178,7,223,209,145,176,111,64,62,117,181,101,164,49,178,127,15,43,59,146,120,14,169,165,216,22,138,64,27,173,174,115,54,207,229,115,164,216,112,232,123,155,119,10,236,250,30,178,81,215,46,227,201,148,250,58,136,131,121,91,80,196,78,237,112,52,175,177,240,166,205,202,173,250,254,136,85,99,89,188,179,85,161,76,143,252,249,161,36,102,204,229,45,181,171,93,133,55,220,183,253,187,17,244,24,70,83,8,50,137,41,181,43,89,197,213,238,208,63,110,81,127,97,191,76,242,59,114,23,14,164,190,228,195,193,195,88,166,255,201,152,240,8,54,156,24,229,19,252,203,209,234,12,52,38,142,19,163,71,51,117,103,15,221,248,164,57,44,153,210,31,245,126,132,47,70,110,31,159,215,109,73,162,137,195,159,37,76,30,211,176,62,32,58,142,99,80,142,41,214,110,166,229,198,100,46,250,247,181,163,117,194,47,109,202,219,78,130,18,246,157,132,208,101,104,143,56,74,41,88,45,165,189,126,153,5,158,153,105,199,185,14,147,209,181,66,61,160,100,181,77,71,134,164,2,190,166,83,47,255,138,109,222,24,108,125,103,68,44,205,18,168,233,208,16,183,1,155,248,187,78,189,19,87,14,219,117,173,14,155,84,150,68,137,40,33,74,17,190,169,151,27,50,244,136,220,10,5,9,90,101,6,128,131,186,37,97,228,175,46,126,29,127,47,91,154,61,102,36,254,29,164,80,113,57,160,112,171,112,249,91,232,27,186,60,0,12,164,214,214,175,198,131,176,61,231,196,205,132,150,145,200,238,79,200,85,154,45,110,142,193,147,2,17,220,168,220,83,15,14,53,217,20,131,84,41,172,144,233,161,169,155,135,28,16,217,32,11,138,159,115,118,80,116,128,221,63,1,127,149,90,43,119,124,217,87,67,169,157,7,27,7,254,244,144,88,73,185,115,53,235,112,191,17,189,184,121,212,251,22,12,81,209,82,240,179,13,20,74,129,1,115,251,89,98,101,29,123,93,181,254,211,198,50,187,227,207,121,175,147,149,106,158,204,83,207,79,252,72,188,30,205,25,244,69,30,201,138,1,178,135,46,41,239,112,76,176,184,60,83,193,35,21,234,117,184,81,220,153,72,134,220,251,203,51,154,174,115,125,112,127,221,29,191,112,40,28,200,96,163,133,253,37,54,185,203,165,106,203,208,229,128,19,16,94,232,30,1,200,219,110,220,46,194,100,114,255,15,195,80,10,123,159,75,135,15,162,137,204,251,164,79,214,55,153,91,15,119,172,246,185,174,112,39,134,3,79,252,185,145,36,91,123,196,200,183,4,122,60,96,104,227,251,154,157,227,224,20,113,192,218,165,96,87,249,147,139,4,137,130,151,58,166,116,96,139,100,101,34,73,6,195,230,225,54,145,204,169,126,159,112,218,132,213,2,155,201,212,40,92,222,41,15,225,104,139,7,197,244,127,77,139,82,97,89,171,158,203,214,65,156,231,76,53,63,125,19,95,181,101,236,234,188,34,244,165,182,89,72,193,196,227,168,117,15,29,177,15,21,236,159,219,154,164,74,39,162,57,29,62,235,195,30,11,232,73,26,255,183,135,240,15,129,117,79,193,243,156,166,112,207,142,115,72,50,26,168,232,152,146,145,96,226,131,232,251,21,113,229,52,39,4,68,219,65,67,226,95,64,198,152,128,11,110,122,235,83,64,15,133,50,190,76,197,123,86,238,98,52,88,250,203,36,175,190,62,123,174,42,236,54,51,163,100,35,135,174,156,215,0,132,77,139,17,233,146,206,85,202,71,15,125,61,94,58,52,43,255,88,69,2,185,57,242,109,81,176,180,86,138,181,182,22,105,133,138,131,49,48,205,25,59,242,38,0,62,245,83,114,68,187,232,49,155,79,169,153,218,155,128,110,160,4,41,57,124,30,171,81,78,218,90,246,185,251,0,126,129,206,172,122,37,186,171,53,114,95,148,21,151,91,148,148,186,105,133,235,82,47,86,207,161,131,18,70,102,130,70,235,198,195,174,112,55,248,204,7,193,82,175,238,245,135,62,155,11,206,234,75,173,81,4,223,93,31,147,191,211,159,189,32,162,190,28,73,12,187,114,92,95,148,35,9,14,217,109,22,231,31,23,66,53,172,188,145,31,90,235,252,164,114,180,121,161,89,130,12,77,246,60,78,124,84,51,152,50,184,184,71,239,151,202,171,25,210,171,63,137,140,114,249,201,95,158,110,223,81,67,1,83,164,62,72,227,102,117,109,243,190,226,169,21,8,54,247,108,209,15,15,81,83,14,178,205,150,212,168,222,173,249,80,99,235,34,91,146,12,52,180,128,18,157,127,1,135,25,69,224,239,186,83,125,210,88,168,225,77,144,157,143,18,135,148,162,192,229,94,105,244,200,111,4,57,76,31,109,177,173,171,206,200,55,95,141,98,150,3,151,225,6,6,138,117,186,25,41,23,147,9,80,233,220,171,66,27,204,253,221,171,94,84,63,76,68,5,231,20,254,62,123,157,230,95,228,241,200,38,221,63,164,142,95,82,34,207,69,101,51,117,236,205,67,21,178,136,139,160,204,111,203,9,249,191,147,253,22,249,110,37,142,252,222,188,25,0,22,141,241,11,34,90,91,63,66,216,21,110,43,142,245,242,252,210,192,242,40,182,117,34,26,85,244,216,66,143,163,91,48,1,155,97,80,195,104,29,75,203,42,25,116,60,158,179,157,106,224,166,237,152,156,115,240,39,190,147,6,128,16,228,28,8,108,122,59,85,142,234,36,42,172,153,251,40,244,238,248,140,190,139,57,179,69,50,21,251,189,230,146,46,190,7,149,44,153,172,90,120,180,96,122,138,160,60,193,97,6,37,83,4,183,96,130,29,188,2,233,173,27,228,146,78,30,37,164,133,251,29,69,222,151,91,157,69,172,198,77,34,4,245,13,119,200,214,224,29,217,240,142,235,82,235,39,157,227,105,126,168,190,103,188,170,7,54,147,146,4,46,60,193,255,190,35,168,148,63,125,167,135,129,13,5,129,240,122,170,108,99,179,40,184,172,118,202,11,59,85,51,11,120,64,147,246,35,252,191,94,184,2,48,89,58,213,157,216,102,18,216,218,84,174,84,211,96,92,121,46,228,158,181,110,194,73,251,78,118,18,6,79,148,179,139,183,107,57,36,68,221,89,174,172,251,159,30,204,128,246,102,207,50,204,205,69,38,3,170,116,213,236,107,0,113,208,72,234,221,162,177,89,139,32,5,139,68,141,98,98,176,120,80,53,15,72,52,83,126,142,100,120,232,95,14,180,169,37,249,13,95,202,59,49,73,207,175,238,14,237,92,210,141,255,226,179,247,151,115,186,136,106,61,134,41,179,188,16,35,18,181,110,188,202,88,126,53,29,244,11,207,199,241,201,216,225,252,76,128,242,8,58,125,244,242,222,120,71,68,244,201,19,94,128,76,215,189,161,217,34,64,233,77,202,84,136,252,228,94,177,255,130,146,153,79,206,132,88,234,7,182,255,117,223,81,177,108,22,80,242,117,62,198,93,85,11,159,196,60,57,70,183,162,192,110,84,174,87,197,89,61,232,146,235,218,218,203,139,11,33,49,230,40,108,148,224,23,184,41,188,47,232,163,91,112,78,135,159,152,205,185,2,71,38,18,200,77,157,41,13,224,196,198,178,74,135,160,10,54,93,254,40,18,249,15,229,253,109,181,133,237,31,4,56,16,91,138,247,218,92,197,166,164,159,78,64,51,112,74,23,81,15,108,70,101,145,94,186,14,93,164,83,150,214,165,51,21,215,114,158,140,48,168,148,131,45,179,245,112,183,241,34,37,59,145,236,145,77,112,1,28,29,89,152,217,174,58,167,147,141,49,127,76,20,98,168,35,245,176,166,243,41,191,61,118,251,115,76,118,173,161,4,163,85,6,83,108,216,254,29,183,11,21,141,95,90,99,71,162,216,81,121,127,202,118,38,80,16,115,255,70,119,45,8,245,127,110,117,22,181,143,97,206,207,207,134,78,224,37,134,217,147,167,193,139,55,89,61,148,135,189,61,148,9,241,191,54,135,189,142,128,213,45,113,142,143,23,220,247,114,167,1,188,135,205,16,189,76,148,213,16,207,131,186,119,170,24,142,205,130,79,148,246,71,11,128,159,144,200,58,113,187,228,13,13,107,63,107,179,13,6,5,46,162,177,180,182,158,225,208,94,96,160,127,85,174,218,192,136,70,144,170,97,100,248,167,221,119,47,161,14,22,221,247,219,136,32,57,145,16,173,252,29,44,36,102,13,38,215,169,9,166,6,64,151,185,184,90,53,72,23,160,134,66,37,199,170,74,213,100,180,44,93,83,189,162,127,8,208,18,138,79,144,146,164,222,106,78,207,222,122,250,132,81,218,247,6,99,162,228,149,69,233,72,125,165,98,83,98,87,116,70,255,248,13,166,239,92,60,18,94,157,224,128,90,129,241,7,16,238,56,184,210,23,221,145,238,196,215,39,68,200,185,129,217,18,186,3,182,40,164,183,13,72,2,73,28,207,86,26,83,7,13,252,197,167,31,118,56,179,156,228,134,92,242,228,89,58,235,182,16,104,144,111,195,182,130,202,127,249,91,190,242,47,190,44,177,71,79,54,108,171,187,219,105,240,44,45,96,165,154,132,143,228,92,161,136,141,235,235,19,92,203,11,146,16,168,251,19,210,53,129,106,1,26,125,168,224,97,119,182,210,116,223,56,85,255,13,17,83,7,92,65,37,227,172,125,152,43,103,13,139,93,24,136,183,198,150,223,172,227,68,23,54,216,14,78,237,92,70,171,153,152,84,60,78,233,202,6,62,194,163,133,213,19,213,79,99,49,240,15,55,60,107,61,95,222,87,158,241,243,27,20,253,183,215,22,141,3,24,140,57,227,54,49,211,166,2,219,54,166,227,88,108,73,180,232,221,43,52,82,77,196,92,159,12,221,160,45,46,91,144,13,194,166,108,184,53,43,250,39,216,201,190,98,184,25,230,163,33,110,17,84,164,0,242,104,117,233,58,166,76,170,50,183,24,51,227,79,202,226,3,99,128,71,155,66,142,241,32,20,118,120,195,110,210,254,212,187,174,161,169,60,67,149,135,134,194,81,218,208,33,133,238,49,192,100,102,239,181,37,84,94,64,61,137,206,21,110,1,106,246,50,229,13,149,197,175,4,71,126,133,141,92,84,70,168,47,147,127,252,226,112,76,163,76,82,41,83,51,1,166,82,74,37,227,115,128,189,190,222,167,5,211,27,116,42,199,0,155,50,179,116,216,36,228,230,200,22,41,240,99,176,152,94,149,176,30,231,94,141,181,127,251,17,118,69,240,11,117,89,252,232,200,208,189,78,105,55,50,6,106,33,244,42,156,8,185,226,77,5,248,90,225,185,99,221,143,235,34,18,189,126,14,91,228,103,211,46,141,35,143,178,82,248,202,182,247,220,160,172,99,101,155,148,128,166,153,135,206,158,163,43,155,20,100,136,44,201,241,136,167,215,174,203,164,11,193,114,222,245,145,103,43,8,208,74,128,18,171,42,20,129,24,206,111,66,82,53,40,144,159,162,243,165,36,75,89,231,108,217,45,247,41,247,144,86,145,175,9,77,198,7,68,251,216,243,34,66,142,193,236,19,221,155,92,140,248,227,149,244,54,39,14,198,119,144,23,234,24,124,50,176,19,0,150,142,5,138,147,212,47,68,64,210,14,197,118,242,132,21,43,229,22,14,193,82,142,212,94,202,18,200,217,64,66,46,11,74,195,15,99,250,22,52,29,95,86,134,135,109,33,118,127,58,251,137,240,133,3,229,37,180,52,173,120,97,70,80,24,251,245,154,252,168,29,226,85,2,14,250,22,218,85,72,137,112,154,217,219,237,68,100,186,52,241,164,4,167,219,90,71,190,11,121,121,235,185,74,213,74,139,167,173,170,140,0,152,214,187,48,165,101,105,135,10,186,215,219,120,54,94,75,202,99,98,98,233,187,103,58,84,125,198,182,209,251,243,163,96,9,253,119,137,152,207,59,101,85,29,27,35,222,48,24,244,18,32,205,222,22,80,56,228,250,156,6,69,125,101,239,60,197,121,53,181,39,151,39,79,4,201,173,50,216,84,150,186,156,152,42,20,51,120,21,210,200,225,106,252,131,115,133,94,95,170,137,179,4,53,199,235,77,235,38,238,180,63,0,58,94,38,253,78,231,78,38,20,205,160,177,71,114,125,1,54,192,85,234,69,28,163,5,52,41,56,130,103,16,184,132,43,67,24,36,8,54,21,119,250,0,163,52,168,96,203,60,160,223,56,64,118,64,73,197,58,169,31,247,243,110,125,113,206,119,200,118,220,178,26,62,67,146,202,228,52,68,108,7,154,9,92,45,22,38,175,1,202,229,174,84,132,10,180,133,126,58,16,245,59,105,92,66,30,60,48,57,46,152,187,249,189,202,183,216,193,243,241,147,168,3,191,70,7,173,237,37,96,61,21,110,163,183,120,189,12,127,134,109,27,72,207,67,210,121,44,227,114,115,14,88,216,171,73,45,99,133,160,50,162,146,210,22,216,130,26,7,229,135,167,17,205,18,20,12,242,129,79,207,90,233,233,231,139,81,225,54,77,130,115,99,106,157,90,12,5,66,70,188,103,179,51,159,16,29,18,244,63,131,122,113,254,240,130,236,248,186,157,85,221,196,145,170,228,127,73,226,137,192,70,15,239,149,44,60,100,169,153,69,94,35,16,98,16,140,174,86,118,29,12,29,76,158,240,64,75,43,102,15,187,95,210,63,28,218,131,181,25,227,45,60,249,68,136,172,211,144,193,81,112,241,157,101,130,20,197,64,106,194,23,243,89,158,7,88,200,125,97,38,78,84,244,128,164,238,25,233,245,172,55,240,158,5,229,92,82,139,82,221,116,86,48,63,151,161,230,136,213,151,49,88,56,165,46,162,68,201,80,108,133,178,90,77,48,222,149,102,164,166,144,74,143,145,3,130,137,76,136,144,92,195,79,225,17,104,217,175,155,106,123,209,129,237,94,49,64,23,88,5,125,247,72,193,110,67,198,115,63,82,104,56,31,118,84,190,200,41,13,101,214,81,32,184,233,158,90,203,8,168,115,37,216,199,208,53,193,253,1,147,156,239,1,51,188,125,92,187,136,56,165,142,1,73,250,121,111,87,14,73,33,39,21,0,12,98,202,163,150,98,146,190,135,243,151,199,76,28,43,156,144,129,249,42,39,150,143,166,160,140,44,65,224,95,48,244,163,255,107,183,93,3,245,7,157,251,64,107,77,180,57,207,109,142,232,152,204,120,166,177,243,148,76,89,237,240,128,144,40,86,42,111,236,47,112,39,248,145,181,7,66,37,123,157,59,66,235,1,144,46,12,148,38,237,255,101,160,135,211,82,74,29,216,194,42,255,165,44,92,130,103,148,146,185,72,172,241,216,148,217,4,183,244,24,205,86,208,122,188,128,207,74,31,158,117,4,61,161,85,78,246,59,58,21,207,255,227,224,248,131,122,188,149,248,195,34,85,217,75,70,5,37,233,141,35,232,227,25,58,137,91,103,177,90,229,134,96,80,92,220,198,132,234,171,50,207,55,80,5,161,185,156,245,34,115,140,209,208,144,128,66,2,70,137,199,133,82,221,212,136,254,114,59,227,38,46,186,110,203,67,20,234,22,247,5,233,36,99,118,81,138,216,182,225,255,107,206,132,43,227,154,253,223,133,90,163,60,61,124,23,37,29,236,113,33,44,74,219,202,99,75,195,21,53,87,115,170,71,165,245,223,16,230,223,206,215,236,28,195,119,38,235,244,208,62,83,124,7,59,7,198,131,153,80,163,42,9,25,187,223,237,193,122,3,236,236,205,108,10,160,189,179,57,38,11,117,140,72,229,187,96,148,215,22,16,38,245,219,175,220,151,205,69,180,208,96,158,23,75,94,48,26,180,203,127,35,4,132,56,28,209,241,1,38,248,155,57,103,60,8,42,42,226,168,72,20,247,39,53,151,135,0,103,237,88,157,49,60,22,21,220,95,154,236,137,38,217,227,217,95,87,140,133,98,3,40,43,76,100,249,135,181,189,60,20,111,55,186,254,242,5,208,192,118,207,62,116,233,144,74,9,83,95,183,21,217,67,70,95,120,98,193,1,43,76,184,55,132,42,100,127,15,135,253,23,69,181,234,187,70,70,233,205,152,136,107,0,199,187,143,246,40,36,224,151,129,18,201,187,52,186,107,225,250,114,239,14,248,221,190,46,83,211,224,219,243,75,80,159,94,40,5,207,52,152,194,161,186,52,111,248,61,205,33,84,152,145,126,47,179,155,170,227,111,206,237,73,26,232,230,64,224,196,113,22,165,198,140,199,236,171,209,229,187,192,95,141,85,174,191,134,206,70,104,199,246,125,176,3,255,153,228,58,248,225,158,61,53,147,148,16,135,183,18,184,176,92,39,21,22,177,165,178,81,191,208,14,84,247,15,222,181,16,224,71,86,254,218,155,39,18,57,91,31,95,201,231,111,33,16,71,161,169,144,92,0,145,177,2,253,220,190,204,8,232,134,95,214,69,103,43,160,136,115,251,157,127,241,216,79,224,160,183,17,87,75,212,150,115,16,153,225,32,200,76,90,80,147,169,174,7,92,84,180,183,151,111,122,239,213,109,3,144,192,176,1,108,132,123,146,175,218,128,255,82,196,118,99,62,175,5,157,234,69,246,167,98,102,153,76,111,196,83,200,117,216,172,95,112,89,234,148,129,46,9,212,125,189,63,106,201,120,120,253,121,33,185,237,235,54,182,188,9,161,195,48,35,231,197,49,117,95,200,47,170,52,247,13,25,195,183,190,187,246,110,20,6,241,205,110,54,18,6,233,230,213,103,63,108,135,137,64,20,232,73,49,209,10,56,204,77,33,74,139,190,22,96,215,39,74,47,168,197,118,223,231,36,213,124,145,75,134,190,216,192,3,71,246,147,243,17,45,233,110,92,72,101,218,45,102,66,15,183,204,51,26,88,95,83,62,172,139,104,212,0,25,122,204,228,104,34,93,248,91,96,142,96,137,63,124,156,90,96,209,184,235,245,212,131,112,9,23,200,127,110,218,191,162,64,12,75,182,207,140,59,126,172,71,144,230,207,145,146,236,210,123,228,156,120,8,160,19,52,222,203,96,135,189,240,38,14,168,216,218,200,227,251,128,71,38,47,9,16,172,162,120,228,187,107,235,187,233,75,13,11,68,110,5,106,206,59,226,135,233,12,171,146,102,125,218,33,220,168,221,34,213,182,34,67,135,109,201,9,112,175,12,210,39,109,164,55,110,47,172,10,67,125,169,124,127,244,235,118,113,225,119,105,235,54,76,28,148,149,167,6,27,104,62,56,175,16,152,32,49,62,202,243,251,122,72,182,38,226,104,134,115,30,132,33,82,143,82,56,203,142,133,234,165,14,205,194,105,59,79,142,105,186,174,217,12,249,8,48,100,118,127,95,117,203,152,127,38,54,16,232,255,154,13,48,173,199,147,105,120,175,46,149,245,139,223,147,21,22,0,90,180,33,193,107,201,140,249,161,188,16,111,132,106,85,220,228,31,210,175,181,54,47,178,150,115,211,221,22,190,250,112,7,156,138,40,168,27,253,172,196,139,36,154,60,199,98,104,97,121,107,76,79,44,16,207,62,172,53,124,108,72,189,138,3,45,100,64,133,236,247,117,2,1,94,221,67,63,135,120,9,118,41,131,249,140,210,219,232,174,142,119,224,5,214,194,171,89,179,102,46,52,18,206,210,244,165,169,32,174,117,165,149,7,109,229,7,27,183,134,2,62,45,171,31,36,140,155,3,37,107,29,82,191,62,117,225,121,66,32,185,52,195,86,122,224,73,117,3,101,204,61,66,239,93,240,17,89,56,230,255,242,179,51,175,38,255,242,156,200,124,137,245,82,252,161,99,244,16,121,160,149,182,158,235,114,130,229,220,104,81,13,184,220,215,59,72,127,207,46,18,66,36,95,22,170,175,129,62,7,148,165,231,5,75,79,234,169,107,159,165,184,86,243,146,239,118,110,7,139,36,200,223,49,218,252,180,61,228,110,68,156,209,215,25,12,83,248,121,223,172,16,115,140,43,89,118,68,126,51,172,139,59,161,46,168,233,173,66,15,61,58,136,74,107,11,103,59,109,68,224,123,62,56,18,87,23,97,205,178,70,70,255,40,195,132,91,244,1,36,61,197,245,71,55,42,17,209,63,34,41,246,206,227,100,254,197,196,233,118,77,208,239,134,195,74,117,213,234,198,234,16,108,43,192,20,192,56,244,94,195,200,81,203,32,148,228,56,99,58,216,142,130,132,66,165,45,52,154,11,71,156,247,18,31,113,80,137,68,183,27,110,190,54,114,119,59,126,241,218,106,27,227,195,181,177,52,246,9,221,124,33,56,41,150,91,49,204,115,38,251,73,106,96,68,79,138,52,204,33,221,14,221,138,104,173,240,254,249,146,217,12,139,59,201,106,86,77,27,213,226,44,58,23,96,8,26,13,203,231,99,84,207,198,243,179,10,161,37,175,90,138,223,117,135,74,118,238,165,133,139,229,197,148,185,134,84,33,141,182,253,179,28,59,238,110,210,101,81,8,46,162,231,145,193,223,174,100,115,72,48,3,128,168,85,245,208,232,246,228,246,249,176,204,97,106,110,39,167,35,95,243,211,69,51,206,41,97,114,115,27,110,213,189,67,238,87,63,67,23,109,1,106,41,110,98,48,19,99,219,7,162,120,81,253,125,156,231,191,253,160,190,198,161,94,67,38,229,243,212,238,172,38,36,218,88,217,53,100,196,23,253,75,81,229,27,225,119,175,227,129,37,98,189,187,135,147,135,89,97,199,224,218,23,0,74,71,210,145,61,230,133,118,87,189,110,254,28,59,193,33,15,117,202,144,178,44,125,211,214,133,82,112,143,133,25,193,116,97,46,131,105,240,173,240,234,234,118,210,80,191,150,216,75,64,152,7,174,241,53,241,64,77,127,70,48,244,151,45,13,144,33,246,143,234,49,9,45,45,193,35,234,197,246,86,150,185,63,22,120,111,94,111,74,216,69,107,148,198,139,53,37,201,37,86,24,223,134,69,10,52,90,6,252,53,0,146,42,245,203,143,183,240,139,122,170,70,172,10,88,207,140,2,0,14,137,173,113,73,142,242,41,131,90,21,0,222,216,192,204,43,36,87,38,166,254,111,213,9,226,74,45,175,127,188,109,237,114,56,170,117,0,147,102,6,23,33,191,203,54,85,24,157,51,229,53,23,226,163,253,193,238,97,145,193,111,126,218,147,66,65,199,3,39,67,59,8,36,205,242,158,12,47,193,86,245,206,31,86,115,240,164,210,181,242,39,129,155,49,20,35,135,73,4,17,50,74,105,215,64,97,11,37,80,143,62,64,234,160,251,31,178,194,165,46,37,193,221,239,63,112,215,64,18,59,159,126,178,199,129,186,218,79,22,191,145,8,201,211,66,14,34,89,221,163,207,157,83,108,179,57,103,183,9,13,46,123,99,251,164,64,178,59,211,4,154,240,223,134,180,23,109,48,210,10,213,49,139,202,49,1,151,249,222,46,213,99,199,122,131,164,169,199,211,232,119,246,108,208,102,52,110,147,4,124,83,69,56,93,242,59,148,92,180,92,124,252,178,92,37,35,187,103,145,94,112,61,41,214,139,198,66,243,98,235,104,138,81,188,65,15,86,250,86,97,153,95,153,2,67,134,133,23,215,50,119,162,26,78,50,0,42,140,167,54,191,28,49,210,155,27,135,225,187,42,199,166,31,177,224,62,21,143,250,54,9,199,177,40,48,144,225,13,132,116,144,125,248,169,72,95,107,123,236,25,124,30,122,91,77,28,141,55,28,202,64,154,123,162,124,167,57,52,96,253,14,96,59,150,130,67,254,142,10,156,45,192,180,23,241,56,63,214,193,17,101,102,54,176,242,63,94,35,232,101,70,241,55,129,69,91,104,86,211,63,122,63,201,105,7,67,240,61,4,9,21,248,148,112,104,130,49,104,244,201,185,129,128,251,67,171,214,127,108,176,135,23,217,234,43,63,132,231,202,15,166,216,81,127,186,156,163,39,128,244,46,243,252,228,248,113,174,222,0,236,29,153,92,193,82,141,6,83,184,6,1,33,115,194,80,140,205,146,215,217,43,145,161,248,40,34,55,81,79,10,12,209,68,114,114,52,221,134,69,81,63,97,151,23,233,181,115,133,182,92,99,5,78,172,81,81,197,240,15,180,71,42,145,199,8,27,2,115,253,163,198,230,156,234,89,213,200,89,146,224,208,71,105,53,138,139,245,136,6,6,69,249,30,205,81,6,160,160,248,243,66,71,72,121,177,94,190,230,0,15,132,223,117,130,28,142,71,118,66,7,113,205,229,158,26,46,19,61,42,216,162,235,127,8,195,162,209,51,234,127,202,162,147,236,82,70,100,30,151,219,30,247,24,38,87,200,44,252,81,253,212,188,72,192,1,93,8,183,46,157,54,247,59,197,254,101,228,234,246,133,177,160,21,170,14,133,204,156,231,230,177,228,21,27,114,124,162,188,206,195,213,150,32,37,88,145,147,24,161,65,253,189,241,126,135,207,87,240,197,57,126,108,185,64,3,66,22,78,137,38,6,249,228,213,225,222,77,167,57,39,41,255,231,53,139,72,206,183,84,164,59,80,232,49,240,254,45,248,125,66,60,139,79,25,17,101,171,205,223,191,144,10,222,128,181,221,242,132,125,26,27,178,223,247,230,169,145,128,136,22,159,54,234,138,40,190,131,113,251,193,174,42,175,124,192,207,15,162,64,156,164,242,208,252,239,193,216,85,150,121,77,64,185,31,138,92,201,9,88,190,74,248,54,196,108,58,33,95,159,149,7,206,252,88,154,11,230,201,46,244,20,66,105,83,70,91,40,228,231,59,122,163,167,209,35,95,4,235,138,243,172,7,38,96,96,25,33,192,15,40,216,172,69,134,49,14,91,177,50,123,223,193,239,170,105,21,147,117,130,54,171,193,57,203,203,156,181,122,149,57,120,145,126,236,6,151,62,5,135,71,203,156,104,117,148,150,83,208,71,152,0,180,74,4,178,212,54,181,88,181,84,29,58,211,80,1,29,175,251,6,103,194,179,241,195,80,112,4,122,22,4,163,220,104,53,18,100,72,102,130,129,58,77,220,218,112,80,7,197,210,122,251,134,116,197,193,79,203,93,183,113,54,97,101,157,230,66,89,83,197,6,18,178,71,234,189,71,47,206,110,25,238,56,185,164,244,139,162,194,213,169,255,35,249,76,243,176,241,106,103,167,30,60,50,26,194,167,9,105,98,201,113,84,29,167,88,106,211,198,16,228,232,13,96,207,231,13,178,139,143,121,105,84,3,252,55,13,10,42,158,181,74,143,146,209,222,237,90,83,220,56,27,67,223,8,231,104,69,204,253,9,133,53,212,214,93,45,171,105,185,197,219,25,190,212,161,185,56,54,31,204,17,80,105,155,1,17,253,4,2,211,220,89,228,14,158,153,174,18,76,67,227,184,145,157,40,34,135,180,104,186,79,90,191,184,243,41,33,125,245,254,82,72,239,48,250,12,41,186,119,221,44,187,157,186,43,176,21,154,93,38,7,78,76,181,189,19,53,21,159,112,89,97,159,106,188,30,131,114,147,50,128,60,241,235,30,177,50,232,1,222,106,26,105,70,45,103,85,210,34,203,64,121,185,215,90,179,242,2,132,79,191,59,50,27,153,160,98,160,25,73,248,28,44,231,78,196,78,168,15,144,184,10,136,54,167,74,99,226,194,114,65,207,87,37,150,209,192,53,41,9,204,227,255,29,10,63,79,195,143,96,83,77,108,216,148,36,210,222,233,252,167,43,237,26,234,41,217,222,112,206,172,96,169,229,232,239,232,8,225,113,239,78,109,230,237,180,58,71,245,200,51,169,116,86,142,139,47,50,91,148,117,165,254,13,204,183,166,232,226,189,242,192,101,103,235,20,141,109,155,59,216,178,144,195,227,230,87,155,0,221,16,21,74,23,168,62,233,167,177,190,155,248,241,100,98,27,41,0,231,252,81,113,92,46,100,180,21,232,101,15,198,251,82,137,120,128,122,126,96,130,254,124,15,110,24,197,149,254,21,55,84,184,59,113,230,209,211,155,181,43,108,7,75,10,149,236,11,87,143,189,125,213,130,252,132,164,178,200,142,11,130,52,64,74,16,120,32,144,255,219,104,254,12,66,20,143,33,36,162,55,251,120,137,217,2,206,253,131,151,43,30,113,84,49,183,239,61,107,101,81,159,217,163,140,127,187,123,221,194,7,131,211,60,163,35,13,76,179,249,138,34,214,199,249,97,104,155,141,108,44,241,173,163,159,7,222,252,122,136,109,84,71,227,241,70,147,130,136,145,29,252,252,107,162,217,152,172,192,19,243,109,87,145,30,59,184,77,246,254,218,158,234,165,214,176,103,246,233,187,94,87,245,166,54,143,186,161,113,32,181,124,240,19,20,62,34,234,191,89,150,175,147,96,6,35,54,242,129,172,82,75,86,202,170,150,139,150,188,213,188,246,94,92,240,18,177,206,20,245,62,43,60,120,137,142,215,210,147,106,104,125,104,49,85,33,174,194,201,181,109,248,25,177,194,22,180,134,128,128,199,217,233,132,211,49,37,118,193,66,22,47,55,179,37,199,131,118,117,109,225,131,201,198,142,49,206,99,126,75,90,114,38,98,106,190,51,133,116,205,49,222,132,226,9,229,123,154,170,113,79,97,151,58,231,14,188,118,115,44,83,197,100,191,32,218,4,239,166,89,142,148,172,205,213,69,207,197,96,187,39,139,70,223,106,60,172,5,214,50,119,2,222,188,31,1,195,157,159,179,140,84,208,156,77,166,35,6,202,249,136,183,220,43,126,164,62,83,72,242,98,108,155,163,15,78,128,239,70,127,128,192,181,147,137,51,184,110,134,246,86,14,65,29,83,22,148,48,210,74,40,175,250,19,167,14,66,21,217,222,43,196,197,138,205,247,197,90,103,241,190,102,244,16,56,175,159,239,210,221,250,139,46,244,127,149,70,208,18,250,118,8,71,35,6,13,0,17,104,236,144,95,40,220,108,50,39,209,109,70,236,100,108,77,112,16,199,165,20,208,188,150,72,163,165,190,60,224,27,215,24,79,99,151,63,180,68,69,153,120,149,234,144,53,240,235,216,49,127,85,215,92,217,15,90,176,45,217,65,63,27,46,212,227,141,140,190,18,93,251,54,7,5,42,38,66,104,6,212,95,80,197,167,55,212,9,231,61,79,187,121,78,179,181,24,161,238,94,32,31,151,143,122,239,1,41,107,235,65,189,220,194,89,186,211,245,169,8,149,178,202,52,219,143,182,47,172,22,125,18,101,255,20,210,127,16,160,89,130,163,141,147,109,183,146,178,3,173,217,17,161,158,95,162,194,81,42,73,17,102,204,194,148,234,251,76,202,243,38,48,248,113,124,240,107,113,73,222,107,242,97,191,116,93,25,18,120,160,157,28,32,175,231,129,159,224,1,198,166,44,132,218,13,74,227,216,224,160,8,23,21,121,209,160,255,26,37,152,24,53,66,201,96,239,54,204,84,165,216,248,140,201,149,196,42,76,90,209,51,94,80,196,201,196,206,94,40,87,105,55,0,124,105,179,83,60,180,1,17,80,152,98,63,169,160,169,142,111,51,133,211,94,3,122,52,238,141,6,214,111,53,235,11,140,234,30,82,12,225,30,171,54,20,193,149,62,30,222,201,149,227,85,141,51,47,72,60,98,50,74,169,169,115,101,125,128,195,25,5,142,31,104,38,131,205,120,167,110,25,251,153,183,254,18,34,96,55,94,238,26,240,118,14,64,98,161,248,104,139,54,109,59,63,43,203,196,88,19,72,65,155,176,252,61,23,52,187,137,116,107,239,154,224,38,56,12,191,179,242,215,15,3,125,154,172,164,22,118,200,172,144,48,3,65,203,191,62,114,127,33,233,174,117,144,230,117,212,216,194,245,129,13,17,197,24,254,245,0,225,104,22,36,32,160,69,120,144,190,42,30,9,215,219,4,137,66,72,130,234,234,49,48,13,119,173,34,16,137,77,20,136,7,180,230,143,189,175,121,124,14,160,231,218,32,137,228,255,55,204,242,137,90,59,255,114,151,85,72,139,152,164,53,130,60,45,144,169,12,42,139,54,89,80,103,189,40,162,96,26,94,115,213,57,193,108,98,190,89,149,238,191,68,188,84,86,212,208,26,22,135,9,97,141,204,3,231,14,225,188,140,106,238,162,200,250,8,128,187,149,85,108,235,88,62,254,52,149,52,171,74,10,43,118,251,127,73,197,47,37,115,63,149,120,147,202,151,240,220,30,52,166,172,58,120,198,154,120,86,145,143,73,78,29,166,97,183,172,82,143,7,186,138,250,27,75,170,198,165,92,102,62,94,9,243,164,236,234,188,58,172,233,54,56,240,95,161,86,58,182,161,224,228,42,2,253,66,73,39,152,98,117,164,158,164,226,79,11,206,99,127,176,227,157,14,201,176,239,128,37,51,41,44,36,143,88,94,185,12,203,147,94,21,5,101,145,40,150,39,225,52,62,48,2,182,249,7,79,239,32,203,38,95,96,38,14,102,40,95,82,29,142,138,179,183,81,124,28,209,39,14,29,127,44,84,255,15,169,199,144,51,125,119,64,177,22,194,171,149,168,100,182,103,211,172,155,254,81,6,216,55,102,2,205,24,134,116,4,54,173,69,219,61,22,248,155,57,98,10,95,223,201,233,156,183,233,80,76,5,156,55,81,135,177,204,164,150,43,47,201,146,249,204,239,200,90,199,149,96,228,52,87,236,217,108,22,129,191,148,10,142,104,67,237,238,72,4,101,73,41,73,0,175,148,121,119,225,172,84,45,245,146,67,4,171,114,99,243,113,24,104,180,100,43,126,59,130,26,234,231,165,226,155,188,131,37,65,143,168,240,2,178,70,112,59,148,44,236,30,12,197,221,145,25,49,68,230,57,120,135,180,68,39,177,253,43,62,229,148,93,60,209,165,208,145,2,121,97,145,137,106,222,235,157,125,139,184,7,83,106,200,77,79,131,150,147,128,133,121,56,218,164,38,55,212,210,101,39,35,182,186,193,93,106,110,235,255,71,65,207,99,146,36,2,223,13,177,97,211,107,212,13,191,200,235,206,145,154,95,1,149,168,146,166,8,214,222,173,240,118,69,88,102,27,61,83,187,127,19,57,170,45,229,21,4,215,84,86,152,148,247,42,53,58,48,128,48,154,108,176,184,162,6,209,147,157,213,114,52,9,83,225,2,37,172,26,250,186,78,12,82,132,166,182,236,127,18,50,245,129,127,6,22,186,119,49,66,199,13,206,100,174,110,26,79,220,247,227,63,56,189,181,221,223,3,194,208,148,224,139,80,177,107,223,250,237,77,6,61,252,59,214,110,135,138,224,252,222,192,206,246,27,32,51,239,132,96,209,86,187,116,130,167,233,72,227,38,148,186,112,232,235,87,13,115,78,250,102,66,165,253,143,77,138,159,35,240,159,37,66,102,165,199,129,119,16,42,230,194,191,196,221,238,247,19,79,175,167,166,249,131,92,81,57,50,191,167,65,219,26,58,167,205,146,229,124,84,41,59,38,63,3,157,210,154,239,70,25,60,81,227,22,230,83,220,0,29,143,50,220,93,87,3,43,212,145,81,87,69,13,15,70,117,6,218,176,67,26,225,237,2,248,209,45,175,127,66,169,204,128,2,71,55,250,164,10,202,75,27,234,216,240,128,100,26,70,175,127,211,57,94,101,234,214,157,171,53,253,202,222,61,234,95,52,213,76,115,53,115,168,181,32,20,249,239,220,148,33,196,202,250,229,130,75,82,159,170,52,199,62,102,248,25,12,119,23,90,143,82,43,9,88,56,181,112,69,23,190,234,182,240,25,117,157,81,152,187,149,202,29,85,229,185,29,130,45,79,3,123,81,144,135,73,133,19,110,82,246,162,185,212,71,196,218,0,168,131,153,32,93,97,158,190,93,73,180,193,168,111,255,89,157,253,166,83,193,161,69,6,139,128,50,71,96,133,26,15,173,75,56,195,235,16,54,223,46,152,124,122,188,215,118,59,13,110,150,230,125,130,183,67,13,71,68,111,75,222,140,47,170,46,72,128,128,181,2,129,160,179,58,164,253,103,11,98,208,82,202,133,188,255,91,64,167,90,15,66,206,190,71,87,238,74,248,188,56,43,156,208,207,32,100,69,75,146,160,192,146,22,69,218,252,175,59,208,67,32,19,83,130,134,236,190,139,32,42,143,165,45,115,244,144,24,80,234,225,91,136,20,101,194,252,160,149,112,7,182,123,56,175,217,98,55,1,200,199,245,238,116,228,169,128,225,231,57,138,58,106,201,16,145,210,182,85,172,36,124,136,141,179,66,26,199,179,86,57,37,52,8,103,140,14,8,113,116,174,19,189,110,3,60,172,53,46,75,112,236,2,107,59,84,225,185,124,127,186,139,222,17,137,235,82,175,11,165,84,34,131,86,23,151,121,254,206,64,213,207,186,173,31,201,68,57,216,250,118,208,226,82,159,249,14,136,23,134,104,77,59,113,53,237,71,155,180,9,192,7,127,228,71,232,9,38,68,125,2,38,132,158,234,125,54,54,7,190,9,141,132,170,1,28,16,232,30,8,182,64,146,176,49,207,246,145,192,130,8,59,150,14,36,167,253,117,111,148,252,196,160,45,239,18,28,60,157,178,103,195,7,152,146,55,143,119,7,235,2,20,235,31,227,6,61,188,19,231,131,202,109,205,245,25,30,22,143,68,90,25,180,153,8,47,35,230,67,114,185,198,109,118,246,251,247,166,21,22,226,245,241,167,85,195,238,135,160,58,243,72,200,131,16,249,251,196,255,229,132,231,192,35,72,65,214,35,184,243,50,70,7,10,83,95,120,203,181,40,71,44,187,76,181,59,56,22,189,15,234,148,145,30,92,210,100,92,11,146,21,198,241,81,255,219,81,10,186,74,163,94,203,183,224,135,210,34,195,7,201,130,23,5,112,55,115,100,158,5,253,19,0,39,111,225,12,253,62,144,62,223,105,67,207,93,198,99,104,87,113,131,206,193,125,184,119,79,100,184,223,222,65,32,59,152,224,11,226,219,16,93,176,249,225,46,82,25,113,169,108,255,97,254,53,43,124,162,177,233,8,149,79,224,135,68,62,155,172,32,147,53,75,208,153,128,39,101,207,154,223,20,13,65,141,223,204,201,212,244,249,169,149,156,117,7,16,7,252,131,126,106,163,63,5,244,95,70,249,64,59,156,117,179,7,215,82,146,157,153,250,186,163,157,197,76,235,10,196,28,204,219,25,39,135,112,40,183,80,72,102,245,40,181,130,166,64,218,156,57,208,30,233,212,76,69,213,120,245,190,178,132,146,241,19,174,226,181,115,172,91,126,179,192,137,95,129,240,72,32,86,5,126,10,110,201,19,150,70,8,225,11,184,26,40,37,184,107,227,146,106,191,232,212,23,91,214,144,115,41,35,123,106,208,27,20,158,85,169,56,1,25,3,213,69,70,223,186,243,229,241,170,129,25,157,221,153,60,221,208,185,217,91,151,138,79,233,34,178,202,66,116,134,1,98,72,78,72,22,123,159,168,13,152,54,253,58,131,71,217,253,1,121,224,12,72,61,90,38,56,209,38,94,253,78,225,24,98,142,57,246,70,82,192,80,218,97,167,79,241,108,32,246,249,242,105,96,175,183,244,2,214,222,69,163,249,71,144,118,5,4,243,224,195,227,141,217,78,138,238,85,122,54,65,192,80,108,8,84,126,48,42,193,140,153,38,107,237,73,145,70,151,13,196,16,172,244,241,242,180,207,61,34,30,230,206,9,136,16,141,247,75,140,1,171,87,199,113,113,222,179,155,54,137,98,156,119,117,49,249,27,134,164,177,185,132,1,24,190,62,43,192,244,69,201,8,174,248,32,149,189,51,135,176,84,214,221,249,10,90,70,135,50,120,167,54,250,21,106,169,94,247,23,69,17,52,52,41,17,21,5,41,184,184,253,164,243,96,113,180,102,5,194,140,90,0,243,166,11,103,12,71,184,153,136,115,119,218,168,36,178,66,241,140,122,21,233,92,106,157,120,196,232,4,54,3,244,62,203,75,231,25,161,114,89,71,9,106,247,139,14,36,145,158,181,145,83,169,19,255,247,138,12,71,72,212,74,235,175,165,52,141,119,229,15,221,71,128,197,52,23,59,101,185,211,209,127,98,186,210,174,157,27,221,36,57,233,229,104,97,234,33,64,17,62,221,24,114,26,105,30,7,10,166,253,16,245,94,174,193,220,124,106,147,93,134,121,77,90,182,130,188,56,178,204,69,216,126,240,48,131,63,119,138,17,165,59,249,85,175,107,112,147,145,143,215,210,226,210,149,91,70,37,208,51,228,59,105,77,152,32,115,94,23,23,235,24,4,168,209,124,190,61,224,21,176,34,237,70,68,41,196,246,136,132,126,183,172,25,84,117,150,126,82,167,84,169,60,112,181,133,136,51,209,57,240,136,163,16,3,85,118,91,196,47,103,229,130,76,192,248,36,157,71,173,125,66,29,70,146,20,198,27,36,42,255,162,147,142,94,138,71,170,12,110,3,31,7,129,239,207,175,162,21,154,144,238,59,85,184,195,122,252,67,24,129,106,160,158,249,158,174,236,82,133,134,206,238,57,218,84,172,153,119,210,39,234,59,212,200,35,63,91,200,146,181,226,125,171,39,85,12,236,118,65,69,141,226,0,49,8,36,49,222,27,84,97,240,212,126,9,189,169,187,162,181,176,174,112,68,20,136,58,23,152,133,166,12,50,18,229,223,36,110,109,136,210,11,30,191,198,169,242,186,164,139,103,93,38,105,210,66,122,97,206,96,29,243,245,215,186,176,46,209,250,144,60,159,128,49,82,226,39,191,67,39,26,136,215,47,200,100,210,96,30,116,141,131,55,156,45,96,145,139,170,200,30,144,156,153,42,39,246,217,187,18,133,87,28,72,8,136,60,160,247,28,113,114,9,6,137,122,213,22,26,52,81,216,164,154,48,179,29,202,62,79,125,13,25,0,140,246,123,219,100,124,89,56,171,51,87,241,237,112,109,134,108,66,214,216,87,40,198,118,253,149,13,113,198,50,10,163,229,159,32,130,53,238,206,155,240,239,180,120,174,160,86,204,251,108,69,193,124,17,170,188,207,97,172,54,68,249,45,235,44,152,217,37,148,176,17,113,250,99,54,106,135,184,85,213,0,15,1,165,64,93,113,244,129,219,70,40,113,220,8,41,175,84,46,177,91,81,86,147,89,95,112,92,50,159,22,38,39,141,199,163,120,156,88,36,108,187,175,231,25,4,59,84,138,176,97,189,236,201,21,84,16,5,99,155,135,160,28,251,157,212,160,33,150,93,255,175,29,249,63,34,202,158,105,22,193,206,25,219,170,195,196,168,37,203,37,106,105,157,116,70,245,79,232,39,241,82,58,224,35,245,141,48,51,60,104,70,223,141,64,9,65,154,9,108,35,164,155,23,226,224,206,208,20,232,11,102,224,29,195,252,151,0,57,56,28,150,91,147,167,244,90,94,210,70,135,92,170,219,188,3,149,150,48,118,116,173,37,15,13,131,225,114,179,44,131,49,236,22,154,177,74,180,85,118,214,116,22,13,1,203,209,87,95,208,237,17,25,17,49,174,4,147,131,182,60,135,100,146,211,68,87,246,146,167,237,10,35,158,180,178,20,94,52,131,143,18,102,65,44,224,149,101,37,73,166,111,51,195,95,169,17,214,242,22,66,93,64,96,77,17,177,100,128,249,208,135,214,146,134,241,117,166,208,53,94,217,96,225,36,188,243,161,70,249,46,59,79,140,228,188,199,200,32,221,4,203,6,1,223,198,11,3,80,28,219,209,97,168,164,8,190,58,63,136,177,72,102,249,235,244,149,9,160,207,8,229,254,11,37,170,67,18,80,233,67,245,90,2,29,172,84,45,240,252,138,81,16,62,38,205,70,153,56,105,16,110,53,107,224,4,170,160,225,68,71,202,144,68,175,53,75,92,133,11,45,197,13,210,249,144,237,41,177,172,248,123,129,56,24,100,87,113,253,125,58,118,124,105,215,176,8,2,51,76,83,169,232,250,8,13,78,67,47,11,139,105,199,19,169,62,34,171,172,23,58,193,173,241,253,51,177,44,74,196,114,171,98,78,132,7,158,30,235,158,17,64,81,214,55,4,61,96,6,178,140,238,101,207,117,35,170,171,142,198,86,252,45,184,101,136,79,237,187,186,137,109,48,255,142,224,140,231,223,106,245,86,5,105,166,180,159,63,122,164,213,206,145,0,33,180,111,194,237,125,155,202,152,41,110,65,14,68,103,103,117,99,108,252,100,193,54,97,10,144,209,152,21,31,8,245,68,166,1,133,228,18,53,145,160,154,119,87,7,244,255,47,156,62,73,197,198,107,23,28,195,185,105,218,122,242,173,106,53,72,120,21,105,236,244,167,27,121,71,198,49,225,131,144,184,31,158,176,22,92,114,20,118,98,157,85,213,100,152,243,122,178,141,173,145,35,83,47,211,12,181,70,2,220,124,124,41,136,19,18,122,130,131,148,3,130,92,254,50,230,94,158,152,160,237,204,58,231,35,176,217,10,42,190,217,172,122,156,142,126,153,198,52,89,102,65,185,147,148,126,96,4,115,114,128,228,221,103,119,215,98,213,117,110,143,89,15,81,32,236,243,166,37,201,36,170,252,174,115,186,237,20,40,221,95,113,40,0,146,21,8,72,231,31,229,29,211,225,215,235,197,208,126,239,225,126,75,209,12,103,95,30,65,156,65,23,56,171,227,164,187,179,173,46,154,117,140,120,180,156,200,148,55,200,232,12,181,40,209,65,246,131,221,62,69,183,28,229,193,89,223,244,30,196,14,163,220,224,225,225,14,239,201,48,192,71,41,32,107,64,141,197,21,20,177,159,101,135,192,85,253,53,175,60,41,202,224,109,79,129,126,47,30,56,71,20,170,111,79,162,17,150,206,7,255,153,213,171,94,161,206,69,1,247,35,19,207,167,164,187,240,14,75,135,176,173,101,29,60,53,58,117,113,98,40,13,99,91,75,24,201,115,171,110,121,236,32,158,130,32,114,253,115,11,150,223,221,199,13,133,40,38,213,178,212,84,85,220,151,113,117,13,51,99,36,102,40,206,136,167,19,167,92,184,231,128,110,17,15,121,2,80,253,117,165,208,123,240,141,5,171,44,192,78,112,244,183,68,158,84,60,246,248,4,58,3,167,230,210,45,70,59,252,37,71,234,11,206,222,23,110,97,79,19,216,197,100,81,101,93,12,207,162,151,175,251,146,224,249,110,223,110,62,202,222,24,247,38,49,97,105,90,221,167,7,206,232,142,20,242,137,25,215,199,134,137,53,123,74,68,209,24,54,118,204,95,9,202,214,20,76,118,231,38,226,129,109,177,187,187,95,48,21,148,129,145,81,221,36,111,34,134,237,51,82,245,172,90,15,78,101,165,41,95,115,107,141,71,14,181,77,33,2,246,130,155,65,179,200,80,112,169,29,255,228,181,101,15,164,2,132,142,202,65,221,227,233,120,65,121,230,1,132,50,43,48,103,242,217,232,49,135,203,120,233,168,195,76,65,153,55,192,238,110,183,44,254,153,70,175,127,222,3,212,228,8,15,190,200,22,39,239,132,108,132,32,63,164,8,124,181,250,15,118,200,246,21,168,134,121,142,116,87,160,233,98,198,57,208,241,27,250,87,44,178,117,48,255,31,179,14,143,244,89,34,53,65,212,199,74,246,15,190,194,213,163,10,110,104,133,214,100,81,154,183,236,81,188,24,32,235,150,163,50,233,61,210,208,229,80,73,223,222,80,89,40,178,183,62,218,217,70,82,215,239,129,24,12,136,29,163,114,120,111,182,194,28,229,201,126,30,32,144,236,117,81,98,28,109,12,138,189,255,252,2,109,204,180,151,53,34,253,109,190,207,148,88,198,97,36,239,103,37,126,250,147,194,44,221,253,0,2,120,98,115,239,233,214,127,141,162,252,154,203,204,253,172,243,171,55,252,1,49,71,240,16,28,95,184,99,9,236,226,129,128,44,91,140,200,47,229,37,213,165,5,84,9,132,176,240,87,44,81,117,44,155,156,192,49,198,125,16,254,166,35,38,78,52,186,38,138,103,31,201,76,11,34,81,163,37,1,151,32,17,246,183,15,209,140,96,53,180,59,8,147,61,181,196,106,60,72,255,225,70,64,210,128,204,59,142,15,230,103,56,150,78,240,150,196,77,50,27,34,143,240,13,93,63,89,101,66,177,129,19,160,233,27,0,240,49,168,146,255,142,47,169,191,141,252,25,131,123,160,41,101,74,95,240,49,166,230,59,83,151,87,37,119,132,171,141,71,17,202,37,218,19,64,16,43,186,112,174,116,192,124,232,47,114,212,45,48,122,90,245,244,103,64,221,132,219,145,165,197,173,241,255,253,141,100,55,100,110,119,148,157,9,138,239,248,6,5,231,7,193,238,217,178,67,61,133,119,217,14,125,167,4,4,186,214,233,77,3,100,252,199,223,133,86,251,213,12,125,232,10,239,214,10,154,85,90,84,83,38,196,244,2,240,43,110,74,134,3,89,129,56,99,59,164,227,73,161,54,209,62,219,251,141,233,44,162,119,172,58,123,241,48,224,250,64,253,16,80,239,51,27,192,88,200,79,88,80,124,115,21,182,26,198,228,224,161,116,1,233,209,140,69,168,151,125,186,26,210,144,243,57,230,241,68,49,32,210,208,95,134,196,0,50,172,143,197,45,174,109,121,29,73,114,175,114,179,93,22,30,218,68,92,126,72,159,215,49,27,123,52,50,160,92,158,46,237,117,97,186,31,208,116,72,193,156,3,241,142,228,111,39,224,105,94,134,1,207,20,62,22,135,47,210,221,145,176,235,71,251,230,132,78,172,148,42,148,44,26,12,163,66,40,5,230,10,69,184,192,66,246,103,218,105,141,143,17,138,114,253,144,119,55,24,44,147,220,132,148,149,89,81,243,121,234,131,54,68,91,13,9,76,58,55,201,240,146,49,99,15,148,26,148,141,56,8,122,134,59,135,6,146,56,181,49,57,187,8,220,198,8,169,81,83,113,14,157,13,0,42,205,89,187,136,114,24,175,166,61,53,241,112,21,70,162,226,71,196,250,9,145,174,171,60,123,194,2,33,94,164,57,120,160,57,35,45,186,12,99,17,97,186,185,94,27,34,59,232,117,112,189,137,221,63,189,233,108,200,120,17,40,143,112,101,173,234,215,125,207,73,126,69,75,30,95,248,55,227,249,241,203,199,189,231,91,25,7,118,81,144,146,183,122,130,76,209,123,122,253,167,182,245,156,180,28,203,176,163,17,238,227,236,252,115,75,132,78,253,17,200,15,206,44,101,220,249,73,161,109,203,224,9,96,210,58,145,6,29,183,42,86,250,224,119,26,159,187,99,110,77,26,57,237,52,219,173,48,14,35,205,114,15,86,188,91,68,244,9,82,198,191,185,115,14,158,235,153,44,48,143,84,7,21,152,73,48,68,160,27,91,223,225,154,248,37,211,248,86,227,28,35,128,11,73,33,83,103,83,9,90,40,246,3,180,85,238,226,212,216,92,167,242,130,123,173,173,145,230,160,114,123,98,164,228,6,80,95,30,144,205,16,35,13,136,191,21,167,17,54,74,232,61,198,197,104,192,240,245,3,99,118,238,11,206,60,50,34,66,36,253,157,87,232,212,189,140,128,38,49,91,204,98,191,77,114,175,145,101,145,74,122,189,33,188,153,115,200,205,158,250,53,210,63,190,157,132,94,187,102,156,80,0,216,68,204,30,232,2,6,70,180,79,245,125,180,145,154,215,116,86,35,193,164,37,49,98,244,143,186,110,226,73,111,197,21,182,38,167,99,47,55,77,144,206,114,143,165,19,188,10,84,4,242,158,66,195,164,15,112,104,210,249,60,84,116,89,72,171,84,174,65,1,171,213,82,187,82,6,157,60,64,102,20,244,7,91,226,91,7,230,150,231,133,200,224,200,3,131,14,199,87,132,115,253,91,130,78,182,185,253,101,85,77,51,214,113,125,116,53,117,158,174,27,81,102,59,81,194,70,31,138,145,32,6,175,136,237,33,162,34,68,2,26,209,234,243,217,220,155,196,240,188,12,25,37,148,147,226,191,95,126,136,204,224,147,4,242,174,84,60,214,98,63,57,223,242,240,139,118,19,1,57,155,86,108,84,96,72,78,162,85,141,138,9,109,81,137,52,18,79,201,57,4,217,161,109,233,220,64,46,122,197,183,228,28,68,154,242,87,13,102,201,184,103,209,123,62,153,179,215,45,19,8,181,132,141,195,249,86,86,160,122,57,184,40,39,116,72,41,152,69,144,166,85,185,7,221,13,35,193,26,148,113,84,0,135,219,112,86,150,30,59,111,237,178,89,110,118,202,165,144,250,163,240,86,37,141,82,179,81,185,113,41,130,249,64,165,235,201,107,223,123,8,223,206,37,220,132,154,153,5,101,22,93,186,29,126,179,18,18,101,168,36,183,176,154,240,91,51,156,158,177,204,213,238,137,221,123,31,78,247,252,18,21,151,19,253,3,41,77,213,216,43,35,81,49,133,113,1,134,82,179,44,139,119,178,50,100,220,96,178,73,87,123,40,77,44,86,22,53,63,60,48,66,10,25,62,160,89,15,87,164,145,191,4,245,199,151,173,55,55,182,34,79,174,95,89,168,17,142,94,141,250,31,224,46,186,221,120,194,223,103,224,45,197,234,139,171,240,172,109,150,15,26,242,92,228,120,212,57,17,218,187,228,209,53,155,230,67,198,15,123,230,77,142,107,129,50,246,146,202,145,15,231,64,235,223,241,14,91,136,83,109,220,228,247,161,220,11,119,64,43,96,9,122,115,209,61,227,118,50,180,75,24,189,89,124,21,41,109,237,237,225,3,180,169,226,71,2,34,254,103,21,57,110,230,218,117,236,153,243,57,139,242,113,53,154,189,72,216,179,134,75,199,137,227,213,243,155,217,237,138,102,236,108,185,79,85,21,4,193,193,29,91,89,117,187,14,244,223,111,100,216,205,9,28,179,247,110,226,204,133,213,113,99,226,149,46,8,30,220,20,26,216,211,188,46,149,67,84,148,228,104,58,242,221,112,76,7,139,189,47,250,139,60,128,40,56,193,113,243,179,194,206,153,104,251,181,52,121,199,127,215,209,20,193,175,198,15,166,206,127,224,253,175,24,195,176,37,158,98,225,127,218,172,229,55,24,185,233,20,205,38,53,235,218,134,152,19,22,80,78,14,250,93,39,34,77,212,207,190,11,164,41,79,2,92,70,216,169,149,255,131,155,160,105,157,103,95,1,214,40,123,147,72,228,241,22,182,201,187,26,172,105,80,164,235,197,51,248,100,54,212,41,229,28,213,226,208,27,25,31,149,104,178,7,231,185,212,103,128,29,60,199,50,106,132,135,238,250,9,101,22,60,143,50,252,96,212,177,71,94,198,232,65,253,59,106,69,135,86,43,135,249,172,56,190,12,193,180,117,232,132,75,206,13,93,203,152,167,43,98,251,157,37,245,248,72,235,105,106,41,210,14,179,113,196,122,139,7,28,32,45,140,62,196,88,141,181,195,29,208,171,59,103,153,16,7,64,47,35,237,241,137,214,56,8,229,222,234,127,166,76,178,246,188,114,152,8,177,103,91,115,224,163,21,135,131,81,71,81,183,45,206,99,132,140,137,242,126,39,104,94,198,12,138,115,3,124,51,192,145,74,42,28,124,23,232,218,184,149,182,191,189,39,7,135,96,213,14,126,132,120,112,220,205,40,206,23,224,110,151,123,203,17,101,190,100,38,70,128,197,44,146,223,245,167,73,95,121,72,16,135,131,210,215,64,112,83,33,36,115,212,4,137,178,248,40,250,189,84,36,247,107,117,205,253,219,88,59,2,52,248,238,59,75,233,137,77,88,245,221,254,117,7,242,253,150,57,118,78,107,153,51,117,173,211,136,18,98,91,104,201,136,18,46,155,159,244,239,42,245,103,37,220,88,151,122,243,153,58,18,107,46,224,169,84,74,44,7,243,39,188,56,231,98,234,61,9,166,76,208,247,160,198,109,250,147,31,11,87,120,247,196,37,102,30,99,187,149,208,47,68,0,86,102,162,4,199,210,193,31,254,242,100,41,249,89,155,127,126,185,102,24,220,2,80,249,52,210,16,172,106,90,100,254,73,110,33,43,172,228,177,65,216,236,81,206,24,97,238,255,77,225,187,91,112,127,203,110,46,254,204,215,95,183,109,91,17,57,12,177,30,45,187,91,165,40,94,211,247,49,242,102,170,248,228,246,54,255,106,33,42,191,72,115,71,164,234,226,148,112,110,110,72,184,77,201,4,104,25,41,52,97,67,9,122,6,118,244,26,114,195,191,17,132,240,230,32,25,210,192,173,234,145,164,239,224,92,185,202,75,116,232,173,73,2,205,12,10,236,111,245,72,125,192,233,161,85,67,9,213,89,200,45,38,66,93,206,152,228,115,94,224,186,88,46,142,26,0,185,247,244,14,221,174,189,215,237,207,106,246,123,19,187,201,56,113,169,253,6,238,215,179,118,69,99,193,143,59,57,241,172,91,201,189,231,137,209,252,99,51,19,215,67,185,174,188,62,59,88,0,246,192,68,10,168,152,211,199,120,115,118,42,223,109,245,51,17,192,211,27,68,161,3,55,122,169,74,229,131,120,136,66,246,233,210,39,67,40,79,254,209,198,41,181,58,47,63,70,73,186,233,220,212,73,122,223,160,245,140,75,213,235,237,80,23,192,3,8,19,29,196,139,47,157,202,136,6,252,147,180,48,248,195,108,34,48,95,226,143,132,101,2,176,201,185,183,23,69,198,16,170,189,74,173,117,153,95,221,71,180,138,44,223,89,186,154,60,24,101,200,116,153,202,124,52,0,68,45,231,152,242,34,172,142,125,57,212,157,241,218,151,236,13,204,73,102,15,203,123,123,27,2,102,238,14,173,40,33,143,139,192,15,139,114,180,249,114,145,25,28,249,136,74,224,212,35,157,181,20,207,100,126,236,113,116,245,39,98,112,62,118,92,129,233,19,245,176,53,79,157,107,10,63,214,40,180,130,180,202,120,39,123,211,215,25,178,8,24,79,68,228,79,69,124,50,237,75,63,234,7,244,42,246,60,37,120,80,174,159,110,231,141,190,21,31,104,184,251,77,21,83,70,107,130,67,150,6,217,229,19,173,50,219,22,124,47,77,180,46,120,224,101,1,219,236,213,195,103,214,19,117,236,11,247,69,200,250,180,15,63,151,193,115,173,99,139,217,201,179,96,134,104,120,207,20,165,54,149,59,84,35,31,202,47,167,160,203,242,100,91,94,68,243,226,142,12,106,90,126,193,241,96,94,24,160,69,247,128,138,201,50,239,43,31,44,10,87,78,239,232,25,238,238,46,168,112,200,237,38,199,68,63,131,255,142,249,189,31,254,123,151,113,138,214,172,36,153,155,232,251,193,205,116,20,156,146,195,23,255,56,199,245,109,167,122,168,8,118,161,29,74,194,18,143,178,55,242,56,150,240,128,50,78,9,200,87,76,193,61,98,166,207,189,208,65,217,229,81,76,105,112,101,178,84,78,5,191,66,223,75,166,46,51,162,90,94,72,11,249,69,98,10,55,5,230,94,6,20,211,45,62,214,42,250,91,203,182,42,37,150,106,234,103,135,68,191,175,213,14,171,77,232,170,207,191,173,122,83,53,58,97,37,88,89,205,166,47,249,210,189,18,240,60,31,83,135,165,149,61,82,170,254,19,49,203,145,122,58,221,255,255,222,146,207,132,65,232,139,228,24,43,68,109,155,171,243,31,20,68,52,252,130,252,81,121,194,176,53,122,88,82,194,10,35,14,28,227,77,107,92,234,173,92,78,208,37,207,36,118,169,225,16,151,3,87,4,158,198,93,228,103,124,235,26,80,67,231,31,235,143,11,247,149,235,216,134,200,118,131,46,241,104,234,97,232,63,198,189,229,167,222,193,169,89,207,38,171,176,109,154,86,69,184,96,181,14,154,70,141,99,29,105,237,45,190,63,164,220,237,94,244,39,168,3,60,70,203,252,44,88,193,2,171,162,3,71,20,69,243,186,45,113,25,144,131,36,18,253,235,160,88,92,123,169,231,44,137,168,168,159,23,167,80,159,60,86,148,28,7,12,27,188,254,172,168,72,29,108,15,174,228,225,239,90,135,58,13,101,114,31,49,152,195,7,42,176,236,230,16,35,177,28,205,238,106,33,12,64,46,223,87,145,53,174,105,245,70,147,80,249,95,242,154,77,29,212,199,33,85,151,115,181,146,191,210,45,191,46,46,198,172,86,249,157,78,198,246,205,62,171,113,109,195,18,118,154,98,110,115,1,187,53,56,155,62,176,81,11,6,193,237,175,202,38,113,5,211,41,43,212,26,0,231,95,10,220,16,39,52,153,238,75,117,175,210,210,108,238,244,213,188,159,201,247,17,203,167,203,173,46,127,121,27,232,128,255,192,33,130,191,35,11,13,86,124,208,121,37,154,230,5,172,222,77,230,24,212,220,172,24,135,153,108,114,89,56,181,65,212,168,89,82,37,221,7,201,61,133,178,60,37,56,218,2,80,62,138,44,50,103,242,13,170,178,98,112,214,83,142,201,190,159,78,250,135,134,37,43,83,249,191,11,88,164,213,97,168,18,189,87,166,87,29,63,202,108,216,233,125,181,129,228,197,129,252,75,169,101,220,220,70,80,229,6,121,140,224,236,49,205,230,55,173,36,236,1,207,205,233,185,88,182,225,200,148,231,108,64,159,1,231,102,18,65,103,147,51,253,69,165,248,126,102,185,88,179,234,144,83,191,193,147,125,177,93,144,163,96,215,231,40,240,64,232,40,213,188,36,10,188,127,182,78,12,80,238,24,121,95,59,197,81,241,254,58,122,79,52,160,35,9,239,44,102,61,25,128,43,165,255,181,139,130,74,56,13,174,56,224,2,106,115,140,113,169,91,126,33,177,130,105,123,102,21,250,79,0,26,95,56,81,244,177,137,29,128,236,11,243,205,118,72,107,129,179,184,161,48,88,34,93,173,14,219,233,169,58,24,161,175,247,89,8,0,156,11,143,150,139,82,132,225,60,139,215,200,81,28,165,2,5,232,17,102,81,110,102,8,79,227,118,18,103,149,193,250,76,134,125,188,194,189,116,169,188,251,195,199,110,95,11,113,229,64,94,5,19,174,21,14,87,156,172,29,76,43,148,177,152,159,107,114,162,203,86,160,135,201,140,154,199,34,119,139,157,255,117,50,33,170,165,71,81,50,199,203,88,148,1,108,191,54,221,116,127,90,103,203,160,84,165,87,69,126,218,159,183,100,198,153,70,75,244,236,146,207,63,90,195,117,42,115,196,76,201,152,32,186,51,51,199,88,95,230,7,98,177,235,202,71,202,194,21,165,39,5,175,60,114,232,182,118,25,28,217,64,212,110,165,113,204,99,165,51,4,104,178,233,232,91,135,121,217,80,235,212,238,167,61,53,124,34,28,164,241,31,150,107,0,11,108,13,95,57,167,201,51,234,32,148,76,232,196,70,195,170,210,155,38,188,242,217,26,119,225,106,130,226,100,154,59,244,151,114,75,200,194,27,2,204,93,84,154,59,33,71,178,41,161,115,228,13,227,175,183,113,36,21,131,97,41,172,197,216,48,24,80,81,84,31,118,40,35,144,215,34,81,93,56,255,51,139,163,143,130,139,53,99,98,39,105,61,106,57,95,110,188,98,155,21,73,66,75,105,38,73,194,79,88,180,215,64,116,19,42,203,239,24,6,181,54,20,243,200,28,72,133,218,112,244,254,11,206,76,183,221,96,41,191,61,154,53,248,133,145,13,139,220,241,114,31,150,44,7,31,255,9,133,176,28,49,60,56,243,34,245,154,120,101,166,42,45,31,106,162,61,52,110,205,53,209,48,147,215,0,28,29,236,233,98,9,164,131,234,239,239,197,123,68,40,112,252,140,114,65,200,206,219,244,141,119,117,252,251,33,37,248,200,236,18,118,73,147,46,14,254,99,236,72,58,222,19,175,166,1,29,246,199,135,163,37,26,111,232,51,93,55,192,154,185,79,67,221,28,231,119,96,79,24,86,12,55,199,123,214,13,105,205,226,67,198,116,15,149,218,61,62,86,5,55,120,142,208,151,28,102,159,141,163,56,117,88,169,101,213,64,221,48,87,102,221,116,183,248,173,157,18,17,47,113,244,186,167,63,252,171,187,200,53,218,214,215,64,151,209,5,129,33,166,206,71,74,62,41,166,203,50,241,88,116,129,228,47,145,29,125,202,28,65,0,35,199,183,155,138,222,91,5,155,233,86,224,109,82,160,94,83,237,151,218,211,19,217,131,58,32,77,88,41,161,17,63,147,170,106,46,106,47,211,21,65,203,205,248,224,214,115,215,204,245,55,150,50,154,228,124,118,216,9,62,105,190,89,11,157,108,22,166,37,67,125,14,170,147,226,252,49,52,127,129,226,186,189,102,248,119,251,184,55,16,20,199,44,249,96,21,163,70,56,235,81,38,44,5,109,195,67,107,217,223,104,123,105,240,151,162,202,179,166,190,221,246,213,233,39,239,230,191,85,34,49,89,80,227,24,197,194,11,180,6,8,183,194,10,181,224,90,182,58,198,54,223,119,103,119,15,22,207,33,229,161,128,218,122,164,250,194,63,56,47,53,145,140,24,154,23,89,62,249,139,244,77,73,29,151,98,202,32,104,23,241,233,140,112,212,137,70,47,54,194,209,158,5,77,199,52,38,227,255,75,188,140,106,26,153,76,123,166,236,12,245,118,223,181,78,212,63,72,141,11,117,16,42,62,88,143,79,65,234,243,212,115,67,198,86,46,20,150,182,89,14,192,154,69,20,185,83,246,147,14,130,221,121,240,139,97,19,216,241,179,154,112,169,248,11,190,36,201,72,46,61,92,249,113,122,95,151,108,121,6,190,120,159,145,45,154,19,180,175,117,116,5,29,24,89,138,144,245,64,189,79,212,225,49,178,66,88,149,95,12,251,110,53,160,183,106,8,35,109,185,149,217,96,163,172,91,58,130,8,95,176,78,90,117,164,149,95,77,159,127,143,144,196,183,106,131,89,66,30,142,8,43,165,113,120,62,208,88,40,157,22,167,218,94,160,199,144,107,217,245,40,190,127,102,49,50,11,244,173,100,205,200,130,139,52,9,27,111,136,135,27,183,231,35,145,192,187,178,240,190,34,90,60,249,7,134,183,9,253,188,53,108,205,160,48,205,72,95,57,33,250,76,254,103,176,17,68,110,208,243,92,87,19,26,237,69,90,165,235,200,27,242,58,235,1,75,155,116,189,206,206,254,122,195,86,214,208,69,253,236,192,95,197,32,61,144,253,170,159,158,184,169,184,130,33,154,192,40,197,170,115,167,120,94,182,113,199,209,35,182,180,142,238,95,157,252,180,206,118,174,194,4,149,158,155,11,186,161,243,140,208,19,8,78,226,122,214,107,92,70,197,224,104,245,31,20,3,110,155,24,134,178,212,247,225,170,186,150,33,22,228,84,182,204,69,122,14,190,104,183,2,4,238,130,23,223,63,193,146,191,98,21,242,200,92,142,79,237,132,245,46,204,234,25,243,165,84,163,14,148,226,98,1,87,177,217,44,104,170,242,241,119,6,33,243,26,76,51,22,139,26,129,14,249,53,141,145,20,95,150,129,255,210,31,218,31,129,114,49,154,132,139,93,89,110,188,226,188,194,26,84,222,197,72,178,142,246,21,246,66,194,141,129,214,213,160,102,141,186,106,236,105,91,141,29,65,180,132,78,140,96,81,240,197,127,95,27,147,35,24,228,225,141,212,129,72,103,168,105,173,1,152,200,145,223,73,117,218,108,167,195,75,85,29,23,23,103,250,193,248,249,27,165,30,185,216,18,69,72,239,174,130,104,89,138,39,70,225,252,115,137,54,129,81,32,159,226,181,197,161,145,34,196,172,164,127,233,195,38,244,2,67,194,172,199,228,81,172,143,5,20,81,18,107,217,49,248,87,250,61,105,31,213,9,94,187,200,44,166,135,60,226,88,232,29,73,111,159,48,57,253,244,178,111,25,34,197,41,61,9,116,2,27,247,86,75,218,156,23,9,14,132,182,210,194,122,134,235,241,45,162,99,185,147,170,189,254,197,188,160,164,130,140,122,98,65,23,128,228,133,22,176,123,20,166,107,125,227,25,178,241,110,77,14,209,242,42,241,79,67,212,25,135,250,43,68,111,113,66,71,149,88,73,229,45,135,149,43,112,53,17,242,245,36,2,143,254,19,17,14,167,1,48,170,95,232,200,38,250,248,107,44,62,88,245,22,229,26,153,208,5,124,189,51,189,132,252,57,73,143,30,168,119,146,76,202,50,119,51,177,18,39,235,161,39,144,241,181,186,121,76,208,68,139,86,41,137,14,137,94,126,124,126,57,1,118,199,27,139,111,193,29,213,217,246,26,31,234,55,235,230,255,90,175,201,79,236,111,80,157,117,123,210,209,49,160,221,208,150,113,178,10,4,3,253,224,232,168,199,70,38,40,55,1,244,141,98,47,82,36,204,140,149,176,170,248,68,151,229,52,206,159,13,131,255,155,211,187,222,41,226,177,89,210,164,111,22,200,107,222,251,59,121,246,199,231,21,139,219,24,224,200,104,237,107,57,252,245,111,205,141,168,27,158,175,185,227,219,219,205,250,108,130,81,67,73,181,78,156,12,26,1,149,48,1,204,34,62,173,168,254,215,177,107,202,203,189,242,220,11,33,26,141,133,79,56,172,169,22,198,42,24,47,100,73,117,102,149,56,255,54,195,1,243,108,71,109,73,203,144,143,134,31,23,106,135,226,67,144,85,4,226,0,251,76,192,229,47,11,156,195,201,80,221,180,140,40,169,68,1,165,35,211,244,158,95,37,47,16,250,179,175,61,200,16,143,128,238,240,118,158,227,230,176,218,216,96,56,49,76,169,212,160,158,24,55,235,121,145,239,106,154,13,135,33,112,44,178,126,254,31,7,42,117,121,6,207,172,44,147,252,43,196,22,122,202,246,232,149,197,201,139,106,243,54,239,248,51,74,76,58,165,225,175,201,227,248,220,221,236,234,99,162,178,8,104,247,6,200,70,142,189,209,138,18,44,246,200,205,145,205,90,205,161,162,68,177,242,247,226,109,117,0,156,132,63,99,2,62,162,137,191,91,199,225,90,137,108,203,21,184,96,248,193,206,50,133,23,197,81,244,251,239,61,87,71,131,199,42,30,194,87,102,220,159,217,107,177,63,128,77,136,243,149,30,123,128,18,42,130,115,129,46,195,255,154,174,168,18,227,79,49,237,240,105,131,248,118,83,123,249,100,168,52,20,200,12,14,0,128,21,146,104,207,224,157,100,84,165,78,210,201,98,230,144,203,28,17,37,248,199,112,174,143,121,17,159,19,171,197,85,27,144,35,247,142,54,96,150,47,241,49,78,10,186,37,190,113,26,17,16,197,98,126,242,248,181,208,119,88,154,24,205,168,240,86,251,127,193,75,127,209,18,114,65,69,69,98,0,215,254,3,249,163,7,214,28,165,184,1,247,89,174,100,98,50,255,152,45,244,8,20,215,108,149,237,170,165,116,94,169,100,98,84,127,32,112,127,99,182,199,144,247,117,109,228,251,236,164,248,172,231,209,190,177,107,143,254,155,109,21,170,0,41,20,5,21,225,194,155,162,63,15,72,235,175,105,252,231,23,119,202,132,185,178,102,108,196,33,165,248,4,161,251,136,253,227,181,9,107,243,232,193,5,97,243,76,131,117,222,207,132,245,246,81,209,59,200,148,181,121,158,10,64,80,47,175,146,112,0,142,45,219,93,251,44,159,232,198,49,48,234,204,10,211,151,145,192,25,138,85,28,17,30,3,131,26,15,226,76,190,126,218,180,129,42,248,64,5,57,74,25,56,43,129,21,148,133,138,227,22,90,89,227,80,163,209,15,129,48,157,196,93,29,96,98,41,17,248,69,78,14,0,162,253,143,67,208,156,85,124,138,137,59,78,120,90,207,33,124,50,118,216,204,151,163,78,11,109,221,231,151,165,187,47,214,1,109,26,144,225,164,106,217,53,252,6,203,155,42,177,68,57,201,31,175,92,72,251,219,177,109,229,246,23,57,137,31,113,238,78,248,167,185,201,240,224,221,162,146,28,194,234,64,97,216,235,137,161,237,210,110,216,155,168,143,206,129,26,140,193,138,217,250,100,255,179,110,4,53,255,30,112,33,38,35,184,94,3,222,190,175,240,181,32,28,218,10,127,107,58,178,139,30,50,79,137,230,101,180,90,39,41,105,132,37,116,59,244,87,223,171,130,125,212,42,201,52,50,118,252,75,45,55,220,231,14,59,144,82,59,196,221,49,192,55,129,151,251,251,179,171,11,180,2,213,219,182,249,13,16,203,215,72,2,79,76,5,92,26,71,166,201,61,19,82,15,72,248,33,244,138,14,146,253,89,99,88,118,13,85,215,37,143,242,45,92,182,248,22,255,129,244,107,96,41,31,118,145,223,104,88,172,210,141,222,162,207,133,136,83,113,40,176,118,42,26,238,121,111,173,74,210,114,237,134,42,203,186,101,156,188,137,15,115,75,95,232,55,148,155,99,248,128,201,245,8,233,102,238,11,39,42,113,18,175,33,81,60,157,245,212,213,29,247,21,188,250,230,65,204,156,226,254,199,212,130,55,218,224,148,160,185,219,213,222,190,18,21,80,16,218,141,234,61,41,195,188,246,130,88,223,34,53,150,199,125,193,212,221,86,23,219,119,197,146,224,156,11,227,13,29,181,46,140,190,171,129,14,82,87,209,142,1,232,221,56,144,199,124,116,188,88,124,29,54,8,128,108,216,117,159,155,235,34,43,55,64,46,140,15,201,239,162,196,43,254,2,177,32,133,251,210,79,143,41,170,127,230,246,229,141,24,119,135,138,13,224,108,184,165,148,185,115,65,142,10,14,53,248,34,21,91,118,167,129,11,218,232,82,19,42,95,84,154,137,164,191,168,35,129,111,12,159,183,219,176,48,243,188,177,248,56,220,166,178,26,216,1,176,70,154,168,147,116,192,107,96,165,0,119,230,3,8,79,174,133,227,141,105,187,0,147,31,141,255,242,51,44,186,63,207,246,2,154,54,30,147,80,114,224,49,217,159,142,168,134,86,127,99,228,226,129,65,59,234,200,142,6,51,128,102,147,140,115,16,232,0,11,20,85,117,123,56,183,184,222,14,187,3,66,233,29,92,129,140,208,210,90,37,128,197,179,205,167,64,43,56,182,26,81,70,152,15,54,43,66,254,92,126,76,21,243,169,154,83,160,253,153,83,25,234,47,62,71,25,91,18,91,101,25,62,186,96,220,160,59,245,190,33,105,196,193,122,234,228,15,24,149,137,37,203,107,29,17,209,214,49,246,193,183,36,74,204,21,247,183,45,182,70,140,114,10,50,95,166,38,67,33,77,93,55,78,158,197,87,175,26,161,2,147,176,81,52,78,146,72,107,245,73,115,241,73,231,39,200,238,89,34,94,227,92,159,86,29,17,139,27,111,188,146,82,251,146,199,91,233,218,188,104,60,242,157,83,118,121,146,201,251,196,2,134,102,144,122,130,242,26,99,198,199,64,233,114,121,133,183,80,145,64,57,230,185,205,43,165,211,124,89,252,136,83,193,15,135,38,255,110,192,181,252,51,125,224,203,197,231,57,106,80,154,136,159,83,89,123,203,142,174,158,117,135,125,221,162,30,94,20,30,228,141,102,22,65,253,16,48,43,204,247,13,165,101,206,139,183,194,195,205,66,132,14,65,108,251,197,243,79,162,214,160,140,146,36,113,116,214,115,155,40,141,117,61,165,64,136,109,30,38,25,222,141,227,69,110,170,118,213,209,66,233,197,145,59,1,52,19,231,162,240,141,128,230,187,67,56,126,86,114,210,201,176,215,194,252,185,186,155,124,30,63,228,145,4,7,6,153,136,222,129,145,70,85,180,201,217,75,216,156,132,47,142,187,116,224,64,159,175,186,104,195,216,142,56,124,140,93,185,225,161,28,133,124,50,114,77,75,68,211,7,60,251,87,141,232,34,234,138,3,164,66,98,44,133,134,123,30,151,217,169,112,196,240,207,216,30,142,243,168,28,2,170,249,101,4,37,154,63,179,10,104,122,175,18,89,97,12,120,127,181,151,223,26,25,128,244,74,37,22,174,27,217,48,52,175,181,60,121,26,72,116,96,55,110,38,190,99,95,168,55,15,169,102,90,207,120,165,93,254,38,58,128,175,184,8,90,158,206,23,101,187,173,134,96,252,136,230,179,220,241,194,31,38,184,109,166,160,119,237,26,221,190,49,205,226,242,162,202,33,53,189,204,163,82,151,22,102,182,229,16,147,46,233,234,47,122,87,106,224,184,65,27,80,209,164,140,250,54,206,241,250,225,121,153,135,49,167,106,56,145,206,41,105,65,21,105,72,244,61,65,46,184,144,92,137,222,248,224,234,38,38,245,132,159,224,81,15,248,130,151,123,32,54,243,163,122,149,165,12,113,104,90,139,150,174,148,229,222,16,60,174,71,99,177,253,248,180,45,135,200,159,186,182,226,190,238,5,159,70,173,221,79,220,239,159,246,219,142,20,187,186,126,88,151,211,171,253,210,193,143,224,211,142,102,76,106,71,56,235,236,121,149,62,46,66,217,163,176,199,49,235,245,194,196,38,185,244,161,101,61,158,86,246,88,110,221,247,37,249,155,141,117,185,204,223,193,15,142,59,239,84,63,96,105,39,143,170,228,3,207,184,0,162,218,139,98,188,185,243,157,145,63,11,8,18,63,69,154,46,167,189,29,22,207,184,142,240,152,181,162,185,241,166,42,44,241,230,225,89,219,61,75,47,117,211,231,73,203,192,102,205,224,94,235,254,77,13,66,23,49,217,39,19,104,179,213,26,212,154,21,95,34,156,148,248,135,40,2,67,184,55,176,116,26,196,192,6,247,229,38,217,43,113,102,252,202,133,11,235,90,24,134,61,235,108,96,26,124,163,27,80,23,5,114,17,218,194,200,67,192,246,106,91,162,133,123,56,98,168,128,146,138,178,6,6,193,141,207,240,30,240,103,75,3,139,32,192,72,147,110,0,77,65,45,80,222,95,180,16,217,67,160,61,205,34,47,5,231,42,206,119,203,22,63,53,253,73,169,67,100,186,238,132,98,221,161,107,217,200,131,81,107,85,201,110,104,124,229,195,150,114,82,244,49,97,212,71,152,207,100,188,26,52,11,95,72,252,214,185,251,19,129,32,162,100,236,189,242,24,92,60,9,5,65,46,250,79,255,197,137,81,138,150,230,102,98,231,11,68,219,35,37,149,72,9,229,169,162,166,14,102,55,211,4,172,35,132,146,3,141,115,248,153,56,82,115,58,187,61,8,82,200,126,48,32,134,62,205,88,148,221,253,135,171,166,204,89,99,65,92,255,241,55,250,59,81,22,88,9,199,13,24,117,24,110,212,192,96,71,245,61,51,73,136,130,255,172,61,137,221,222,79,123,73,16,105,226,84,141,65,7,1,61,249,114,36,212,133,229,201,92,100,100,178,156,225,172,2,250,57,106,150,110,212,12,144,64,195,121,25,17,157,166,184,87,216,2,93,4,95,232,204,43,76,119,184,35,18,127,239,169,95,237,0,29,251,71,252,211,20,102,42,180,54,253,37,132,210,226,172,239,95,87,226,99,91,66,48,179,39,127,203,146,239,250,88,178,160,185,31,239,108,230,125,189,29,245,35,55,127,66,112,79,242,153,78,195,98,42,72,86,141,176,28,216,42,8,212,169,230,225,137,205,15,43,149,156,80,244,238,128,175,131,235,151,73,31,169,200,163,1,225,189,159,251,231,100,182,245,211,213,171,71,198,114,226,180,230,132,166,218,200,193,31,32,205,217,62,164,124,99,100,162,140,176,197,141,183,50,82,120,181,243,15,48,176,63,140,236,138,118,154,179,75,209,122,241,128,237,146,50,104,113,41,167,194,19,235,50,128,193,96,66,73,230,20,157,229,114,49,103,74,242,245,110,74,47,218,211,183,45,35,123,78,185,19,148,89,35,119,149,0,125,74,161,249,120,66,235,248,186,105,75,64,239,165,137,183,211,97,230,106,212,169,251,71,34,198,108,222,107,178,95,193,105,51,210,175,40,220,72,169,129,26,243,225,11,221,200,68,193,89,231,31,118,175,71,116,246,175,66,214,85,164,50,118,251,8,127,62,92,233,161,212,239,255,159,80,11,74,60,82,182,18,49,111,201,158,144,186,146,113,177,66,126,8,191,125,97,43,227,178,173,236,22,72,210,83,134,142,15,1,85,48,63,95,24,243,156,89,211,59,178,228,72,69,47,187,250,18,162,246,248,110,126,45,40,223,87,176,213,56,169,18,228,46,37,61,154,31,182,139,166,212,162,214,184,19,200,31,156,197,156,252,231,175,137,160,189,182,17,40,105,14,118,150,178,229,77,6,215,86,101,181,210,143,229,238,94,22,12,212,41,255,27,229,199,57,69,4,36,225,87,118,101,177,81,1,86,176,221,37,10,229,205,190,53,162,69,114,106,152,107,54,138,113,239,145,80,234,66,175,55,147,232,124,154,92,233,56,124,117,255,123,201,196,4,164,10,103,147,248,20,238,182,29,113,227,85,64,209,198,52,107,65,41,153,151,252,19,61,193,107,250,241,220,210,131,209,19,109,135,34,76,186,169,240,12,99,135,85,31,50,78,16,143,155,13,132,105,191,110,108,118,240,88,232,228,72,62,70,90,182,25,132,42,198,77,115,105,139,19,184,165,40,109,43,232,175,181,153,73,75,172,106,115,183,44,47,147,64,66,40,123,114,2,10,183,92,175,197,218,49,204,49,134,187,39,230,184,150,143,227,3,254,132,240,116,103,117,176,248,61,93,215,61,159,57,70,233,163,152,94,139,116,220,169,134,244,111,159,140,44,195,152,236,121,44,165,215,231,190,77,92,211,218,11,231,165,192,246,239,204,218,216,185,129,118,153,38,107,235,199,7,188,131,54,143,239,239,47,45,207,79,167,252,99,62,37,38,158,15,106,70,80,156,212,171,187,82,3,201,179,71,88,217,115,196,140,238,1,244,204,14,235,227,238,181,118,21,200,255,90,121,153,185,240,189,215,10,68,95,31,244,35,0,124,69,145,140,128,237,10,211,26,119,241,58,112,183,5,186,219,233,82,145,196,179,138,36,202,22,199,150,226,100,113,125,184,234,104,28,136,79,211,221,161,177,9,133,130,96,91,43,111,214,38,123,255,159,138,8,61,211,101,248,33,236,125,229,49,130,43,186,179,5,13,46,170,24,154,46,181,194,47,114,198,95,48,65,173,153,170,136,151,180,181,172,162,3,121,163,133,170,40,11,254,188,125,110,33,13,163,155,239,18,222,159,85,21,154,53,97,172,106,14,141,181,170,237,35,142,132,100,99,199,7,70,123,152,103,227,163,12,131,45,54,205,149,194,206,50,3,135,106,217,143,231,66,126,66,17,154,175,212,78,24,85,111,145,229,6,5,218,252,181,130,200,223,239,139,131,235,153,21,218,64,157,108,8,59,187,130,208,130,170,179,221,12,132,190,252,69,195,79,117,58,19,131,154,59,25,141,44,225,36,225,246,191,245,53,114,97,72,131,24,82,161,223,59,8,18,101,30,155,201,248,111,111,43,179,3,64,199,31,3,74,83,157,251,245,48,206,72,115,145,203,36,151,87,192,168,252,164,123,10,215,150,199,237,41,135,120,23,227,208,228,151,55,71,213,190,98,96,149,197,219,184,13,85,182,222,9,225,227,36,202,54,190,228,90,88,54,91,192,116,182,123,244,203,137,99,111,143,113,103,129,35,107,99,177,67,143,153,127,33,208,81,120,151,48,178,49,96,169,175,53,168,106,105,102,148,46,182,6,69,218,250,230,39,213,202,103,183,230,147,126,163,170,40,54,46,37,217,240,93,97,153,65,39,151,125,6,102,245,14,178,239,104,96,152,110,187,195,108,233,45,137,87,117,233,59,5,78,116,133,194,33,92,231,105,65,170,201,112,157,161,211,151,22,54,229,143,17,81,40,81,238,29,244,136,188,81,177,161,150,197,166,133,130,81,179,224,69,207,148,58,98,213,249,183,57,111,55,41,39,85,98,233,171,207,187,111,37,31,201,153,202,94,60,89,107,143,183,16,33,100,235,216,86,176,213,236,0,213,253,12,160,122,161,31,74,166,157,134,162,104,196,252,74,93,172,126,198,121,195,238,174,220,36,46,133,150,69,246,211,121,181,104,249,226,163,99,15,115,231,164,254,12,170,133,181,130,131,118,115,204,114,82,109,149,247,114,36,51,218,144,235,102,139,87,176,244,21,217,31,28,166,129,179,244,12,178,7,82,245,138,18,158,117,188,143,255,201,217,241,66,247,194,240,204,139,34,252,142,97,176,85,43,7,66,111,203,244,84,42,103,212,252,88,70,254,187,116,239,5,205,109,237,229,66,206,244,141,138,76,211,66,87,96,131,25,184,8,248,93,100,135,161,84,61,53,193,146,95,156,189,56,141,157,59,195,120,63,24,240,35,229,165,208,138,230,129,109,102,86,184,214,184,212,53,136,139,16,17,156,16,108,36,209,215,51,133,129,196,98,233,87,49,46,140,1,232,11,165,199,166,77,81,232,207,97,221,226,240,229,232,109,25,196,184,163,209,210,151,28,86,75,223,205,26,151,165,184,144,167,165,97,196,117,222,165,144,195,187,134,196,223,46,223,220,198,48,97,159,194,124,35,252,26,213,92,139,24,2,88,72,144,26,65,219,50,49,80,107,97,65,224,77,118,142,55,178,190,168,129,99,240,96,92,147,206,99,171,59,164,86,56,169,67,96,118,96,151,130,75,235,193,1,150,206,118,211,70,224,66,4,214,66,155,3,150,46,209,142,140,128,29,135,174,181,36,44,16,153,168,17,88,63,57,86,250,66,160,48,249,65,82,131,96,176,224,149,209,194,67,193,89,73,13,35,139,18,172,129,202,67,53,170,190,254,231,61,242,152,212,154,88,157,140,19,239,3,241,236,82,75,174,172,24,91,108,109,217,210,209,189,12,193,247,14,204,97,237,72,255,192,153,36,142,171,31,187,198,6,109,106,167,87,17,103,149,94,126,85,228,170,180,232,172,196,189,8,196,110,156,46,191,166,144,201,250,111,199,198,158,45,179,44,194,58,77,231,7,68,93,217,206,150,187,132,168,35,79,17,61,203,41,149,100,20,46,163,4,140,213,241,70,65,210,48,131,30,203,15,19,134,110,242,21,45,114,47,21,71,243,211,178,85,155,251,64,124,211,233,223,220,64,201,48,68,173,38,133,115,164,176,44,69,217,130,72,123,165,51,116,173,239,182,149,232,115,165,116,81,203,35,38,142,133,67,54,151,235,225,225,233,210,12,131,6,81,98,195,87,71,202,208,186,20,238,120,29,116,231,79,68,19,123,152,90,170,88,227,252,31,208,164,12,96,89,25,211,37,190,18,157,113,14,191,138,207,64,36,19,219,114,2,116,230,235,73,139,51,78,243,50,141,17,31,34,140,30,175,185,118,202,243,110,174,238,44,27,183,15,66,94,11,92,1,111,13,188,195,42,22,80,156,194,78,152,74,79,120,170,198,245,211,246,246,238,203,252,186,60,254,109,106,170,129,54,114,110,232,78,197,2,217,239,203,157,83,63,137,230,109,122,166,129,232,73,189,137,241,4,106,156,228,204,143,238,244,105,29,168,7,38,100,48,78,18,71,194,50,168,227,112,195,49,184,172,225,149,9,25,119,15,139,79,126,215,8,221,54,95,128,39,50,206,180,238,225,6,23,36,110,126,94,198,215,141,191,194,6,15,229,242,40,72,35,184,237,174,193,230,189,224,133,80,130,213,215,126,107,145,226,99,254,78,105,143,138,71,32,254,165,248,34,125,58,36,234,203,148,129,113,3,18,223,26,1,123,139,159,14,248,92,67,78,105,98,56,21,27,188,145,206,12,28,104,239,126,228,202,139,195,241,93,160,216,94,226,186,143,199,151,16,160,4,185,174,164,242,58,107,233,161,121,244,161,51,247,84,204,72,94,167,212,185,126,190,120,45,164,193,36,8,162,245,231,94,80,102,5,71,167,93,216,169,25,164,199,54,67,125,87,164,162,188,55,153,143,6,6,47,171,41,115,252,202,61,137,172,58,26,214,54,33,92,121,92,210,118,113,103,131,202,178,249,126,152,140,97,217,24,149,232,1,122,184,221,42,59,112,194,41,224,29,4,30,195,24,1,223,4,97,77,15,144,30,224,140,194,213,55,202,173,35,49,113,101,173,58,108,225,170,233,87,224,217,108,230,170,12,174,227,22,58,223,81,147,21,252,81,195,108,57,193,114,154,56,218,216,130,190,65,97,145,210,71,198,128,174,24,54,24,125,85,36,71,110,165,15,74,8,40,184,61,224,200,73,128,24,74,240,100,234,226,235,205,35,150,250,186,238,43,24,9,80,95,107,52,158,0,64,145,154,2,92,60,136,69,26,167,193,137,26,33,255,154,205,231,204,236,241,134,48,192,179,124,185,192,2,233,104,199,215,27,31,166,230,226,60,14,36,89,117,246,61,110,24,105,55,78,203,13,153,42,148,239,193,136,142,189,96,34,107,212,82,235,247,240,48,198,131,168,185,45,16,222,152,125,221,129,1,65,5,28,232,72,233,36,199,172,98,119,68,117,99,172,222,137,112,172,155,25,164,221,87,231,155,202,243,63,132,193,234,253,0,222,57,184,3,112,164,94,122,198,104,24,44,158,109,43,1,102,255,219,23,251,129,122,110,53,145,101,83,125,255,203,160,21,134,247,39,168,179,14,35,62,191,184,123,94,22,27,146,202,233,119,144,219,60,171,85,68,235,184,69,22,74,240,169,43,93,190,20,216,230,0,13,175,252,76,44,145,251,198,196,197,207,157,163,48,198,254,40,198,56,207,204,20,191,72,11,58,89,186,150,94,139,240,131,11,249,46,57,89,190,35,69,158,212,126,121,228,216,144,230,97,11,179,231,231,102,22,140,204,184,123,121,5,180,124,220,228,249,56,128,162,58,187,230,97,122,169,114,250,133,150,249,25,67,51,158,23,182,155,26,207,106,96,14,72,202,208,201,141,214,204,174,5,202,119,38,76,215,184,147,251,230,254,184,164,227,46,65,83,150,171,171,58,183,88,74,113,187,172,254,239,61,40,84,52,196,131,164,239,203,16,149,61,154,115,157,189,75,130,88,137,251,17,51,123,235,200,17,165,98,125,21,148,210,92,253,223,122,130,45,0,35,147,253,171,46,89,199,1,212,178,168,183,236,128,219,123,107,90,112,111,237,10,60,167,104,138,190,202,62,120,104,235,91,82,157,17,131,161,0,198,148,208,158,214,203,137,73,189,215,165,138,245,252,217,185,7,142,139,99,129,215,8,186,248,218,100,226,218,59,109,96,81,49,171,50,167,187,34,142,107,170,219,34,149,216,240,56,24,132,181,106,9,92,223,74,250,200,231,213,242,111,9,33,67,203,108,0,212,227,63,87,0,79,99,97,43,201,194,58,248,220,192,95,176,201,86,22,222,215,81,123,5,75,78,160,225,0,170,83,182,197,18,219,245,81,251,54,105,29,70,71,102,141,18,124,127,238,191,36,48,188,241,62,232,216,158,172,174,114,250,254,37,97,114,243,58,125,218,140,184,7,169,173,84,19,182,137,173,217,210,113,32,79,131,128,231,99,169,9,137,247,196,0,130,132,217,0,86,223,252,181,5,138,23,249,101,63,243,163,13,237,25,252,21,127,223,64,232,27,86,236,130,247,249,174,189,63,180,67,118,124,246,57,55,169,53,202,18,26,114,17,71,70,221,115,231,177,215,16,195,199,178,154,239,245,211,56,47,138,160,187,175,192,1,115,113,89,7,120,67,102,189,70,171,59,203,8,132,29,90,213,177,64,112,141,235,192,146,126,204,165,26,156,145,120,104,19,217,174,98,34,147,174,243,137,218,225,255,232,241,243,131,253,126,65,129,120,232,186,85,192,72,224,39,57,188,239,193,45,208,139,150,168,146,233,226,26,68,140,238,45,134,116,252,166,138,247,168,250,24,46,216,104,184,65,36,48,152,78,124,170,19,117,111,48,10,140,132,33,23,11,99,74,17,177,71,90,26,156,104,4,118,97,78,128,24,12,81,41,116,71,75,17,190,114,155,51,219,106,226,223,175,230,103,32,106,163,211,233,123,152,164,69,200,176,101,228,122,44,84,50,60,145,47,106,253,220,154,36,85,202,201,103,38,137,164,233,121,76,116,231,255,155,87,151,237,101,245,245,126,194,246,137,32,192,39,246,224,95,239,3,169,82,66,115,2,174,195,110,227,155,192,202,92,217,224,246,70,223,239,254,204,23,45,187,166,110,42,15,249,132,117,85,132,227,88,184,201,1,179,120,251,32,207,247,105,106,10,43,29,42,28,46,181,94,197,52,153,153,178,181,217,197,83,157,78,182,46,165,226,233,156,198,104,102,93,154,14,212,219,217,250,90,240,139,240,146,79,91,155,133,178,100,24,177,165,213,238,75,56,105,27,30,234,186,197,66,133,90,114,137,72,17,24,73,210,236,104,138,160,234,109,233,28,93,3,84,154,124,192,216,136,31,6,144,211,39,83,214,88,159,230,150,245,90,29,96,16,186,73,216,13,120,211,85,154,231,74,72,164,5,209,47,115,193,199,32,32,54,54,224,67,194,209,10,84,217,255,246,254,182,17,57,221,191,97,211,96,147,156,225,206,225,102,242,141,0,221,221,80,1,18,56,180,197,85,41,231,254,109,237,250,128,34,37,50,80,129,78,41,34,249,107,81,55,172,72,16,154,87,13,207,136,114,91,128,149,235,218,37,250,203,75,235,113,22,53,117,180,237,135,188,58,41,193,203,77,245,50,160,80,241,170,215,45,196,118,144,248,6,58,172,92,190,101,83,41,44,40,217,189,121,2,10,187,211,61,181,190,105,114,51,181,61,59,121,191,26,235,213,80,138,79,46,241,104,153,144,235,149,45,233,171,180,161,105,182,112,137,4,100,4,48,106,188,219,249,193,97,110,57,41,117,106,69,82,12,221,221,101,202,205,216,213,16,141,162,241,231,69,248,19,61,68,217,85,207,190,34,86,22,6,151,141,0,109,6,25,6,151,60,88,65,82,209,227,80,117,82,25,41,161,163,154,111,213,19,140,171,112,27,11,2,128,240,117,70,76,204,114,94,89,194,42,17,122,116,93,149,144,164,196,179,237,135,172,254,57,9,43,120,225,224,137,27,159,220,49,171,43,177,215,71,120,210,38,214,59,179,53,209,209,51,26,12,82,221,125,21,40,189,36,84,132,122,106,46,81,21,65,69,146,212,20,16,123,232,74,38,90,133,60,50,157,241,149,163,104,172,233,16,243,115,25,82,164,130,188,78,11,216,3,96,44,89,117,178,234,129,60,86,222,247,183,234,51,60,119,66,72,236,103,9,166,233,93,213,45,212,246,35,184,106,101,52,154,38,191,55,236,3,191,86,179,177,202,30,173,235,253,104,253,56,5,102,128,236,73,213,115,90,38,88,29,12,183,157,61,92,212,228,39,199,133,55,34,234,150,223,181,193,197,236,166,34,200,145,51,145,231,97,4,41,66,150,223,212,220,165,177,135,60,55,71,188,27,112,149,119,242,1,54,103,43,252,156,157,194,50,20,12,172,231,187,179,198,102,113,88,243,59,253,199,237,136,119,163,77,234,45,128,179,218,22,84,246,210,177,230,45,173,105,93,62,155,147,54,78,129,198,239,207,49,122,82,153,65,20,250,184,70,97,108,94,225,199,208,74,154,114,176,38,24,228,96,59,230,136,101,133,113,183,134,48,12,41,36,89,99,198,139,28,87,141,167,54,200,160,75,135,40,70,11,158,95,38,56,129,31,85,100,70,234,112,217,211,249,0,126,101,243,132,85,204,189,223,252,112,182,250,179,36,32,1,240,85,250,139,28,102,132,162,184,138,89,207,160,188,120,246,86,43,209,193,69,254,64,18,14,56,249,43,50,229,35,179,11,96,214,250,71,53,154,67,55,218,151,94,138,107,246,204,75,205,11,34,246,26,87,83,247,231,101,223,91,201,67,202,242,219,103,247,125,139,89,24,153,2,80,54,170,163,217,130,172,123,13,23,229,117,16,46,93,53,14,190,144,27,181,128,142,173,219,93,116,197,115,177,120,117,228,67,146,124,58,154,58,190,135,146,52,56,31,179,82,151,37,216,201,202,245,193,115,24,69,221,52,216,236,166,239,87,248,167,39,169,230,131,175,32,178,38,150,79,42,153,173,170,107,221,213,144,129,11,183,244,164,112,141,246,93,153,108,230,102,226,193,161,33,91,116,203,223,226,200,163,175,99,48,23,22,149,33,229,37,207,84,145,97,125,31,106,66,129,96,26,182,252,3,218,63,84,125,149,29,68,44,28,240,203,48,29,115,138,111,166,126,17,198,212,50,34,96,220,242,69,108,82,233,123,177,208,33,161,147,211,181,130,171,151,190,73,202,143,242,91,215,115,76,149,73,241,187,105,88,58,23,104,102,190,26,191,190,9,230,209,161,218,255,45,67,166,144,238,240,239,130,84,239,37,186,165,42,133,251,207,199,120,63,194,197,119,189,70,176,8,138,247,78,249,252,230,47,86,164,64,134,232,188,139,252,82,214,71,5,177,4,94,97,192,248,55,103,139,229,202,73,83,80,114,55,8,34,198,27,104,80,129,199,239,35,255,44,212,190,114,78,228,183,120,19,133,134,121,82,180,224,37,238,126,228,181,37,94,93,237,36,199,7,156,185,0,144,223,163,220,50,89,227,36,121,171,172,248,154,158,86,27,11,5,126,157,93,220,213,183,190,92,191,189,4,212,182,148,37,22,43,88,138,90,113,85,155,51,210,228,84,134,77,27,61,40,74,161,189,174,112,30,8,45,29,203,46,196,147,153,224,136,15,157,160,52,88,130,61,153,74,21,44,40,13,75,19,104,204,174,116,172,39,45,46,135,108,115,222,50,31,159,196,92,19,53,226,72,194,46,117,1,10,131,119,228,21,117,31,45,124,184,178,131,75,59,64,174,164,168,202,224,81,9,214,13,245,237,140,206,60,23,164,158,20,77,227,3,214,151,238,41,72,188,142,161,218,182,71,68,152,54,173,21,158,214,227,184,51,154,165,99,170,127,155,220,8,3,147,64,181,132,188,228,147,155,28,77,65,160,213,108,137,145,139,139,38,104,28,73,99,28,67,57,170,92,128,106,84,144,235,218,196,115,188,15,21,154,251,24,202,151,225,120,100,10,231,7,0,77,233,102,180,6,252,47,201,36,82,30,105,171,119,176,100,4,208,59,109,130,178,67,152,95,31,37,65,20,79,247,152,204,46,93,215,128,73,66,14,255,55,94,149,176,197,180,46,211,110,232,36,99,133,185,218,177,45,23,128,138,193,170,104,14,249,93,120,161,158,173,114,55,1,117,77,63,221,184,250,213,31,129,178,153,224,39,125,72,244,182,39,7,11,239,64,49,185,81,95,6,65,37,158,8,113,132,67,247,247,204,148,207,253,160,128,38,219,19,208,240,36,98,144,118,41,151,65,202,160,63,141,228,130,93,70,150,126,79,70,68,3,43,1,232,143,116,26,202,196,184,244,49,33,68,110,254,105,153,209,243,15,181,52,169,80,117,13,238,229,83,204,78,224,32,180,55,92,8,24,133,35,23,159,231,51,35,73,40,165,0,91,12,242,97,101,173,117,75,159,81,207,63,186,116,42,173,238,231,109,127,243,23,245,88,132,7,64,179,66,53,49,124,243,108,103,1,29,221,8,117,60,210,15,121,109,89,177,152,5,158,165,7,210,210,110,0,214,197,143,42,19,138,193,95,210,37,52,172,236,218,21,185,108,94,193,120,172,92,85,239,147,113,224,186,198,130,59,132,24,231,40,214,249,5,117,248,51,246,140,159,215,182,125,242,173,22,192,55,133,224,170,218,116,118,60,121,35,231,91,155,42,85,205,217,89,107,248,96,218,206,46,129,154,137,180,58,143,26,174,196,6,154,166,96,159,113,193,56,71,216,203,72,45,172,58,74,32,149,216,144,209,122,199,156,122,153,177,227,1,70,19,155,126,0,248,81,94,61,142,81,96,142,167,168,131,171,196,121,225,203,70,114,25,203,106,65,160,165,75,207,45,7,110,188,173,46,28,170,145,15,250,92,62,186,112,102,193,193,49,41,200,73,159,65,176,215,73,174,181,212,192,77,198,58,131,157,130,84,51,227,46,8,81,15,220,43,7,50,123,38,189,199,144,246,184,196,86,131,27,226,211,194,156,17,161,145,7,11,212,86,246,98,123,129,31,173,88,153,113,143,180,215,44,161,2,97,56,203,28,129,236,153,102,133,113,248,166,6,238,118,99,192,243,251,94,180,17,168,164,142,183,141,109,121,70,124,25,195,170,0,20,22,126,101,107,176,109,10,189,73,18,115,96,103,11,216,91,137,41,7,239,220,218,146,222,237,123,81,18,45,75,103,44,204,18,211,133,2,178,130,236,222,22,237,214,107,12,68,183,76,112,224,221,152,204,159,153,8,14,159,106,106,164,100,139,71,132,25,149,223,3,246,86,19,121,218,167,245,168,151,183,27,130,168,249,46,228,250,36,33,17,127,31,22,89,236,177,156,85,174,144,231,221,82,167,64,205,183,238,16,136,108,77,245,154,70,9,181,200,162,14,154,62,186,183,95,154,76,73,112,219,167,19,14,45,211,72,90,132,10,49,36,235,132,190,215,242,213,136,222,122,222,23,195,220,49,196,35,68,76,74,252,118,145,225,156,29,212,89,146,42,91,9,251,225,199,69,167,206,64,212,149,37,133,33,98,88,10,119,75,163,170,12,236,40,199,13,82,190,197,253,230,201,82,184,114,161,239,185,167,58,153,58,224,3,210,50,135,8,64,252,159,239,135,232,38,110,121,225,100,173,218,120,65,67,247,96,153,240,67,52,196,25,86,194,138,154,246,62,38,142,105,178,145,53,254,11,188,171,89,52,237,146,134,9,152,155,173,236,111,245,219,116,245,149,68,171,31,254,156,25,214,90,211,88,143,106,241,16,14,41,146,149,35,34,38,208,93,103,50,150,183,42,54,193,76,192,81,49,224,86,190,145,229,228,19,11,188,4,91,87,88,83,79,69,112,154,117,202,123,74,82,56,97,237,99,191,105,39,48,84,142,201,36,150,81,177,238,117,8,156,110,189,73,169,75,85,25,41,31,195,212,220,103,18,220,9,191,11,76,47,9,205,213,212,127,22,54,140,137,106,58,85,20,15,223,14,54,230,65,33,132,120,144,35,133,168,135,190,189,58,144,254,96,120,135,144,2,144,70,245,10,70,70,204,91,24,125,125,97,57,247,35,167,206,198,83,231,18,213,151,119,127,40,187,109,205,233,230,151,249,163,133,212,21,252,14,236,178,193,229,52,122,64,203,240,179,158,236,173,122,226,169,161,33,23,142,55,171,92,42,207,243,227,227,250,36,42,156,228,191,97,59,33,87,51,200,53,192,178,35,203,243,94,55,136,171,56,238,13,47,17,208,44,82,58,21,80,245,232,105,89,174,212,240,238,136,109,206,10,214,96,109,52,110,19,216,248,18,177,117,75,96,56,164,44,77,127,218,216,75,37,78,145,34,59,1,205,138,114,113,129,16,51,131,253,48,127,159,39,145,229,172,222,31,168,157,98,143,113,17,100,249,228,217,130,132,242,95,9,108,230,207,240,23,0,217,250,62,123,213,237,130,198,148,175,43,21,9,138,234,71,129,44,140,20,220,178,184,79,232,160,192,101,193,44,144,43,11,121,24,88,30,180,179,55,236,15,152,129,22,72,157,40,87,37,5,52,12,228,164,167,170,46,60,139,19,111,241,56,134,192,113,0,3,62,202,48,248,171,26,21,250,8,58,144,143,195,85,205,205,1,57,132,123,112,245,109,248,27,147,60,48,137,36,222,212,63,44,98,113,226,200,214,243,4,185,24,191,29,148,80,193,243,112,108,223,94,101,211,189,243,39,44,10,68,170,186,58,121,187,125,16,0,175,243,40,246,247,212,134,190,164,148,117,172,219,105,58,235,226,143,114,217,51,64,44,211,145,6,66,54,115,175,107,181,163,214,242,179,3,232,31,218,199,236,145,210,199,80,231,127,69,198,159,33,26,205,26,214,205,213,160,166,154,199,52,81,48,172,111,104,118,97,255,96,84,251,25,109,159,166,128,43,32,16,241,175,204,98,79,1,225,132,165,254,239,193,54,37,167,216,252,195,41,97,13,140,220,192,171,213,80,74,22,172,127,45,107,159,57,247,211,209,162,86,145,209,136,29,137,110,193,41,60,232,2,211,26,179,233,81,115,37,62,109,228,6,154,227,77,135,67,234,142,118,190,189,80,25,83,65,170,208,212,92,147,57,133,104,147,25,22,117,51,230,43,175,152,93,88,198,74,137,48,100,51,229,28,159,18,56,124,157,18,163,53,143,73,1,94,84,25,141,222,86,10,44,19,134,46,72,213,191,26,174,154,243,170,100,11,112,217,46,186,165,208,145,143,136,200,227,111,93,122,90,166,140,21,178,123,48,114,136,173,71,83,234,87,47,177,120,230,111,107,81,66,65,41,34,214,9,12,48,194,79,197,155,167,49,150,69,17,230,194,150,78,240,234,246,98,79,14,195,226,103,147,58,218,151,235,249,105,234,201,228,73,194,4,233,16,248,99,204,190,60,13,10,235,243,241,59,186,250,5,239,184,146,28,232,212,7,80,110,41,247,249,121,121,238,119,252,223,175,113,93,84,148,167,207,69,37,125,78,13,162,140,85,244,84,192,78,188,70,18,241,207,196,198,72,62,209,33,107,167,21,200,84,65,55,228,71,94,174,182,132,193,108,20,218,229,8,185,238,146,127,199,122,18,57,26,216,118,69,96,233,200,13,135,197,34,198,70,148,240,93,150,210,98,100,122,17,228,183,250,78,16,251,238,206,3,154,202,140,95,187,102,218,91,15,240,43,235,11,143,101,242,185,68,193,49,131,216,110,59,9,72,119,244,94,16,177,230,65,60,37,31,31,225,190,7,219,59,112,116,150,200,73,159,145,227,23,148,57,158,239,191,23,142,251,150,149,60,179,130,66,152,147,169,38,28,254,106,48,45,171,195,21,192,167,209,221,231,236,189,55,123,180,90,104,88,248,133,205,128,197,3,118,170,12,194,248,192,161,16,116,161,226,182,129,231,63,135,124,176,166,48,18,250,187,40,209,239,183,8,239,14,94,248,100,159,219,80,8,247,211,99,246,86,155,199,201,177,23,0,187,222,82,239,10,89,176,182,63,223,143,108,3,66,33,184,211,91,157,110,8,152,230,121,149,134,217,228,178,130,193,218,195,74,49,111,156,169,75,60,147,197,116,144,87,156,113,75,25,218,54,90,192,226,49,103,251,31,27,231,17,9,155,213,1,220,235,158,178,225,113,222,26,142,69,7,154,224,217,142,48,207,213,23,66,75,105,235,33,213,198,42,25,64,12,61,148,223,4,191,55,98,115,69,2,8,155,50,237,95,250,77,222,242,227,182,225,15,150,26,129,214,53,62,111,123,46,102,11,179,201,175,142,175,106,65,186,86,100,60,108,34,83,76,184,169,117,97,90,118,187,74,241,177,200,13,103,251,41,234,133,62,68,26,33,248,48,128,100,6,29,124,50,145,177,33,193,172,6,77,17,172,191,27,155,188,159,199,127,147,42,82,163,235,15,109,32,240,163,100,100,156,94,205,120,125,190,27,67,222,138,145,109,11,209,139,54,216,93,18,254,31,17,137,117,99,42,72,159,108,83,204,8,29,190,199,201,194,222,207,136,62,198,243,57,250,6,66,242,216,221,178,175,6,72,174,249,71,219,194,92,234,127,190,195,209,195,117,245,106,67,242,212,194,14,93,93,12,160,249,108,113,144,255,190,235,27,236,2,12,62,145,203,149,32,21,18,142,165,142,32,22,217,0,59,4,236,91,234,121,10,140,236,44,255,211,147,72,57,70,131,41,115,233,244,89,244,175,196,225,11,220,156,228,231,17,238,170,24,119,4,204,205,194,53,11,128,170,136,94,25,8,80,42,42,27,21,162,91,181,87,159,19,86,64,42,192,166,46,164,239,169,142,59,86,59,84,201,23,17,93,167,33,173,13,104,64,229,126,205,151,57,11,117,240,57,229,119,148,36,106,25,51,135,245,210,43,93,122,42,49,245,215,196,161,34,246,14,14,102,242,251,6,129,222,235,152,198,89,96,239,117,145,225,40,180,162,222,136,211,39,51,144,121,102,161,104,213,1,65,36,240,53,174,234,230,229,247,174,110,63,212,192,133,126,137,132,102,24,41,144,215,215,51,237,61,39,243,165,108,103,83,74,52,160,76,195,15,176,121,42,158,9,15,216,14,195,162,253,31,107,118,200,36,151,117,104,42,156,233,170,223,119,61,152,245,77,190,103,44,128,116,151,166,232,182,255,229,149,65,12,205,204,156,76,13,46,184,242,36,210,115,160,208,162,25,80,18,101,174,148,13,116,15,4,232,174,52,251,6,246,90,151,173,217,80,241,219,148,111,22,0,215,0,239,128,100,99,167,1,24,87,196,238,139,173,125,232,141,166,174,81,224,154,134,148,20,127,172,169,36,101,142,91,182,252,246,78,75,205,133,224,148,5,201,205,193,100,31,243,127,187,149,134,228,116,129,207,112,4,92,194,75,66,17,82,126,67,165,139,73,54,8,249,242,35,194,249,206,89,35,19,36,94,24,62,28,188,137,225,91,196,123,173,158,103,235,248,160,190,66,46,111,246,32,135,185,217,4,239,138,160,98,175,186,89,120,114,36,91,87,255,101,230,74,11,169,65,97,192,166,65,220,97,117,98,186,33,114,246,81,182,30,107,253,177,132,147,59,155,75,211,86,32,43,232,154,47,47,220,94,65,227,86,249,61,81,11,100,140,20,190,221,130,75,62,68,252,79,57,201,253,136,160,72,196,84,234,70,89,97,192,138,158,36,197,239,106,235,100,182,188,213,47,77,180,112,37,214,205,127,158,32,89,93,4,2,168,219,169,177,147,130,223,104,80,71,45,127,165,45,244,249,255,226,84,176,42,69,168,176,72,51,152,138,154,102,47,80,235,191,13,190,156,253,157,48,176,143,255,12,139,180,7,215,45,102,226,9,154,47,212,132,122,232,112,129,198,205,47,189,138,33,209,139,130,19,180,49,153,134,234,228,14,211,108,139,164,214,77,203,161,130,241,33,72,155,190,51,57,65,61,57,254,235,170,134,125,253,4,121,3,163,23,48,121,135,139,9,207,158,105,123,2,152,177,222,101,34,25,136,146,207,116,45,8,164,183,245,32,203,170,118,155,216,143,116,150,47,3,32,83,114,219,33,30,55,23,218,168,148,147,225,143,242,50,17,116,169,133,101,255,25,214,163,252,22,77,51,176,174,244,229,85,252,115,154,141,67,198,15,13,95,50,198,184,110,218,164,232,180,254,122,128,158,148,102,157,84,206,6,16,95,27,192,84,249,111,120,177,167,192,112,16,115,255,157,236,54,235,67,195,64,87,4,132,10,97,225,161,94,165,89,79,46,61,154,79,110,100,52,53,70,106,35,171,146,209,74,204,127,104,6,70,39,125,163,179,41,26,50,11,197,186,39,97,183,132,99,101,54,169,122,134,100,226,70,110,129,58,229,19,94,65,235,225,15,14,127,159,76,18,141,43,157,203,33,170,45,14,164,6,96,68,48,100,91,144,113,222,56,25,136,50,4,39,111,134,239,120,82,218,171,46,26,77,227,81,130,160,254,200,2,116,151,210,127,18,175,44,161,122,101,238,147,191,56,232,251,239,102,215,34,83,48,244,17,139,120,162,187,19,255,225,16,176,18,150,64,35,92,219,18,198,161,232,63,204,227,133,102,246,64,192,52,148,67,244,233,42,7,130,254,173,161,8,18,199,25,33,243,103,87,66,56,177,59,19,142,73,160,143,185,201,100,114,166,184,113,249,233,156,83,88,3,253,180,20,29,82,105,159,184,48,226,78,126,15,85,88,36,165,90,26,88,205,25,122,167,211,151,186,167,92,228,226,248,107,232,56,167,48,191,128,173,22,10,106,47,35,187,170,216,62,246,20,212,19,129,217,186,85,164,111,253,183,134,243,221,129,51,250,224,165,71,70,201,55,63,64,212,26,244,181,12,153,122,164,163,105,175,203,181,1,22,10,127,157,61,255,9,137,24,191,206,140,203,129,154,225,20,235,170,49,85,13,34,137,221,39,208,51,50,47,251,174,60,182,127,179,92,11,227,99,66,242,137,59,106,135,23,97,139,79,201,131,41,121,42,64,0,166,0,164,109,22,76,79,24,162,50,227,110,95,49,238,87,211,233,61,198,18,206,20,106,126,95,64,156,154,233,235,72,152,150,92,248,224,24,21,184,198,108,236,218,82,2,125,233,7,125,125,78,80,144,9,100,197,131,43,240,103,13,26,213,179,40,108,120,179,99,80,78,208,88,229,254,107,30,137,235,248,205,195,188,93,150,43,210,56,128,20,114,36,120,16,214,97,238,214,225,139,2,208,157,2,155,169,121,247,249,42,99,126,208,107,165,20,57,9,198,74,194,238,225,87,17,95,33,101,80,100,107,79,210,214,126,176,205,165,68,221,122,165,236,168,113,240,93,237,108,125,161,180,237,167,232,108,233,116,162,68,3,55,209,145,100,152,204,244,109,71,8,181,135,144,230,181,219,116,152,68,172,58,215,208,69,96,171,199,164,195,125,27,4,221,146,82,171,97,78,88,131,123,214,145,176,7,121,175,179,178,84,201,147,114,164,211,175,198,71,75,19,94,132,76,91,183,53,144,252,185,126,117,224,95,197,93,78,87,199,244,211,242,59,187,212,145,90,148,195,173,36,68,114,36,41,32,251,116,7,249,137,89,243,205,254,153,255,98,186,130,24,50,164,215,254,211,240,88,236,180,233,90,181,41,159,202,234,17,190,147,229,222,26,228,136,89,107,103,125,159,224,26,52,39,43,140,40,178,232,101,76,226,165,54,197,107,179,27,62,73,9,129,166,217,214,193,252,193,240,93,117,63,246,254,177,148,93,251,97,92,175,228,18,224,213,149,190,50,249,23,222,106,217,139,197,222,66,159,245,126,231,124,235,199,36,52,155,20,31,183,69,27,235,206,74,31,76,59,237,77,72,41,208,115,57,19,202,17,159,39,38,12,174,245,89,43,5,163,73,226,191,144,220,51,108,240,226,192,86,213,5,174,17,14,10,233,221,194,49,10,36,51,252,164,169,153,137,78,232,199,121,241,19,228,185,253,7,228,231,56,66,173,225,229,254,64,156,222,165,158,51,13,173,174,8,193,119,195,111,28,204,111,68,128,211,122,61,102,98,130,68,164,56,21,240,142,74,214,208,92,128,61,170,23,211,22,151,151,114,28,237,86,239,69,166,172,138,116,29,209,62,112,102,25,208,168,192,251,93,252,226,157,151,234,133,139,122,246,71,26,255,252,23,205,94,127,238,182,250,155,167,227,158,138,23,93,75,117,17,102,24,233,118,110,115,145,149,34,128,143,209,28,77,69,179,146,177,232,223,73,71,214,175,10,24,186,214,208,255,2,125,17,99,114,254,52,1,186,68,223,50,145,241,98,36,50,161,83,9,3,161,0,121,201,56,24,178,40,57,19,134,45,64,104,57,214,59,244,172,73,152,13,119,200,157,162,150,3,254,126,2,45,156,233,125,254,235,34,85,80,87,76,98,21,82,243,118,46,149,63,36,108,1,238,229,127,10,224,78,189,147,3,226,26,237,123,171,19,81,168,9,196,82,243,236,94,131,42,61,174,119,102,218,212,186,41,78,144,186,135,147,5,93,235,123,0,133,108,81,79,176,172,101,92,202,116,31,41,95,96,121,139,67,27,221,252,39,202,61,16,229,252,103,0,11,125,220,195,74,188,224,89,176,163,104,204,173,160,251,61,61,30,111,87,171,1,49,83,250,219,56,181,225,122,50,237,189,59,105,100,147,211,46,37,186,70,134,14,185,3,12,48,28,14,249,127,37,1,135,99,168,130,239,53,185,100,190,121,130,151,121,131,11,168,60,72,77,49,84,98,46,17,86,70,13,154,64,1,52,114,55,29,205,215,23,213,162,84,216,222,169,89,30,234,90,97,35,254,156,241,248,110,170,58,85,115,72,52,241,105,184,17,134,117,86,231,60,237,226,224,9,213,70,10,214,195,154,147,13,64,255,156,225,78,19,241,109,221,198,190,169,52,74,149,183,92,237,30,94,230,161,129,68,151,217,14,140,50,62,233,98,234,129,114,24,252,190,64,170,4,67,167,159,224,125,16,124,89,39,118,221,216,199,42,223,60,87,172,67,42,61,229,41,132,173,161,190,246,130,210,152,236,24,16,150,248,23,241,183,127,107,142,137,53,102,83,174,155,197,176,189,40,102,212,221,66,12,151,241,131,142,168,126,225,17,215,68,214,199,84,79,3,24,155,90,149,74,240,135,220,254,33,211,5,112,164,2,52,234,33,127,40,29,23,95,182,248,40,92,243,171,240,87,171,176,119,200,71,103,101,33,10,3,238,22,194,55,116,172,11,99,174,171,233,240,60,184,251,42,51,128,79,90,96,65,186,182,224,78,203,235,11,161,14,175,157,77,137,31,24,166,14,216,214,108,181,189,199,123,213,82,234,188,16,245,50,10,0,113,16,236,43,208,125,22,126,246,72,78,43,133,234,214,124,81,29,45,176,193,221,38,40,168,97,143,171,190,8,148,206,108,180,237,14,166,37,177,2,144,99,205,63,255,234,16,209,66,177,254,41,232,142,234,7,182,167,54,33,116,170,31,76,211,122,40,200,98,50,120,85,185,114,177,47,51,35,61,227,222,76,7,151,45,53,58,95,102,19,4,28,248,14,128,25,199,106,45,237,13,131,10,163,250,95,182,103,153,215,60,187,221,26,209,83,31,160,111,195,229,227,33,176,226,228,229,194,28,65,229,190,218,152,155,162,88,37,160,199,85,255,191,130,93,214,254,23,187,200,221,62,60,183,86,228,218,230,125,230,246,36,14,166,168,180,177,61,67,102,106,52,203,88,132,41,147,96,89,38,17,233,44,18,86,138,145,16,125,125,79,169,67,171,241,135,104,209,93,223,236,208,126,0,116,183,26,124,217,50,161,216,220,237,24,95,48,103,46,109,188,16,54,124,13,136,126,70,215,249,195,8,65,2,170,183,133,213,98,204,163,148,129,142,46,86,41,42,140,123,247,186,18,237,169,24,8,192,207,221,154,27,251,193,142,53,115,128,126,208,226,235,197,30,217,97,251,8,49,141,62,124,106,16,23,132,148,31,237,255,119,183,123,239,68,96,128,103,245,225,25,133,148,26,10,161,59,185,32,48,22,224,43,144,22,220,214,213,182,23,246,193,110,192,78,201,157,43,38,182,242,213,101,16,30,118,254,254,110,22,73,116,65,19,145,47,234,231,70,49,63,38,210,35,105,191,174,145,230,132,134,144,244,165,233,236,202,80,160,5,41,49,124,52,157,74,167,178,3,35,165,250,228,65,44,66,235,11,107,46,21,34,94,67,157,242,163,41,85,153,8,138,150,184,56,217,49,128,210,209,110,252,14,207,235,41,46,169,228,135,192,241,141,163,16,192,90,231,199,89,65,122,161,235,116,253,49,236,106,12,175,125,124,121,107,128,194,118,235,190,153,167,85,52,107,57,161,111,48,204,50,64,230,234,33,159,52,160,77,20,163,238,134,34,163,172,63,20,52,105,211,92,125,127,213,195,196,39,158,93,67,252,247,21,3,208,51,42,122,184,14,200,184,126,121,244,232,195,114,247,221,229,145,40,203,138,167,92,179,145,185,144,164,183,33,1,18,225,232,150,57,93,72,19,163,27,194,36,91,174,57,32,197,27,124,80,115,110,102,68,250,188,49,245,146,5,28,246,28,63,129,98,21,83,230,223,85,178,83,250,166,229,19,108,242,52,1,19,142,152,64,12,105,129,8,183,98,96,30,217,6,126,40,254,31,119,227,55,185,111,81,128,136,192,215,22,91,209,85,197,56,112,154,211,87,101,158,159,28,152,170,238,164,40,100,166,55,255,180,199,248,120,162,20,129,45,54,246,185,85,221,179,91,18,234,80,18,134,162,132,217,64,193,180,196,95,74,0,111,84,242,133,189,66,238,129,149,205,161,200,197,204,64,25,51,196,50,142,62,80,14,76,50,241,96,169,142,242,84,180,145,15,152,192,30,99,70,241,243,231,180,126,60,30,70,23,23,34,138,11,2,183,137,197,251,188,225,133,28,82,143,12,191,244,32,230,63,109,0,236,65,239,165,209,80,109,247,144,162,188,105,230,51,145,45,138,156,113,151,231,77,192,4,92,13,210,219,82,1,19,224,235,24,182,222,144,143,135,94,232,48,34,139,116,89,19,59,20,144,0,167,52,198,176,12,101,69,9,85,158,85,127,159,166,26,22,157,212,153,234,58,255,51,151,219,239,18,211,132,157,221,23,202,220,31,85,242,3,93,15,172,110,246,134,203,118,211,92,42,56,143,35,57,11,235,82,236,123,64,177,98,117,84,185,91,206,156,134,221,169,249,7,152,89,4,87,112,126,227,35,32,150,199,133,225,162,104,60,23,197,180,74,39,238,14,64,223,51,179,30,54,136,198,69,162,34,148,148,203,83,121,24,160,71,214,42,182,161,219,165,113,68,247,203,12,188,178,119,205,70,1,36,6,151,63,31,210,112,144,170,125,108,203,82,228,42,25,104,37,4,154,203,79,12,220,158,199,109,126,97,240,226,62,212,241,254,0,204,83,50,64,245,82,114,109,95,41,181,23,65,217,160,8,56,0,143,26,179,186,119,94,32,126,136,246,21,121,74,37,194,2,50,50,34,249,19,160,140,147,90,93,84,147,81,235,55,176,222,211,227,46,170,117,78,64,82,129,101,8,130,197,31,249,122,225,191,79,58,81,95,216,134,85,200,199,21,241,93,238,17,41,51,10,46,4,131,94,252,79,35,206,217,67,213,61,174,42,106,239,255,235,187,76,3,163,86,110,65,55,255,173,175,141,210,254,205,226,60,133,202,250,165,163,251,145,122,146,140,203,84,4,220,33,158,189,41,245,163,163,107,236,40,11,209,64,113,10,33,99,151,99,249,27,225,61,254,149,10,159,192,194,47,174,24,148,121,114,200,160,221,45,204,94,252,93,208,179,189,123,104,84,158,203,219,115,190,150,103,211,170,15,149,47,5,190,174,82,199,119,201,247,173,51,206,146,221,90,186,51,104,64,169,136,54,250,155,3,159,218,113,15,26,111,22,133,59,247,170,221,106,90,98,79,47,52,37,1,237,223,226,143,51,23,18,221,156,104,104,101,186,164,142,215,253,198,80,64,204,169,67,181,226,103,157,111,131,188,180,234,49,166,42,125,40,190,241,175,177,255,199,173,238,29,184,249,249,82,54,22,3,123,32,199,93,87,32,158,38,200,7,150,86,173,3,73,59,95,140,15,97,239,112,78,167,247,234,145,32,216,172,160,120,32,244,35,232,31,250,183,78,15,247,41,60,125,50,35,51,84,38,30,240,179,90,40,153,102,215,97,178,230,2,46,67,25,39,65,167,154,214,94,16,67,18,26,0,17,194,38,102,17,7,78,206,4,44,151,82,134,178,186,27,154,142,124,63,61,39,58,73,50,59,154,178,59,64,10,65,224,75,147,189,24,45,101,15,50,87,176,163,52,30,4,94,222,199,100,102,171,120,177,95,96,173,223,128,217,2,74,176,185,232,133,32,39,88,11,210,133,134,22,125,250,159,132,218,226,233,144,34,250,176,2,148,143,17,252,239,110,219,35,34,237,174,248,121,40,46,98,133,239,47,80,198,173,203,191,30,235,35,87,184,42,6,216,170,170,103,197,158,48,143,253,100,212,104,40,44,233,16,158,144,113,45,170,107,110,102,175,96,47,21,52,180,229,211,10,222,94,239,187,176,94,190,77,106,90,255,21,121,175,242,133,232,180,29,18,172,112,16,121,183,100,36,98,187,138,118,81,30,1,221,244,124,147,239,137,72,162,17,184,243,5,38,216,254,189,115,121,117,107,224,62,24,45,149,241,143,138,231,102,188,112,19,16,168,42,11,118,187,217,212,184,69,99,156,81,147,122,50,26,60,31,151,167,116,53,144,82,240,154,162,252,61,205,138,29,82,182,216,60,152,98,0,185,240,95,255,186,39,63,79,228,222,248,159,228,41,25,232,154,40,155,162,209,91,37,63,167,234,86,218,83,5,179,110,127,61,8,113,65,117,106,238,102,244,187,29,38,101,245,34,64,233,56,163,109,7,178,21,33,109,252,82,26,108,30,119,82,90,149,69,10,180,168,194,47,34,33,57,94,119,231,207,201,217,224,135,43,187,132,1,219,197,171,147,45,113,7,67,183,78,20,12,51,148,217,107,106,147,197,167,55,208,142,47,153,129,154,59,18,114,183,62,124,213,96,145,229,146,24,182,72,127,211,189,209,44,53,25,105,75,45,162,254,241,6,121,131,165,252,234,14,192,72,40,124,204,145,200,40,18,85,16,14,141,134,41,227,201,20,65,60,89,2,21,13,91,181,119,49,99,73,198,165,166,50,24,159,216,230,206,148,109,143,32,193,69,185,113,230,252,134,122,85,89,195,198,214,120,210,148,85,160,36,254,243,187,192,92,21,247,25,183,99,252,138,102,79,18,26,120,97,26,187,213,30,227,4,87,31,155,93,39,69,209,29,171,111,221,223,8,229,63,7,112,5,69,91,192,247,64,234,240,187,254,115,229,203,122,19,138,16,185,187,95,146,222,82,202,59,220,86,148,15,254,35,192,27,195,198,233,128,8,247,235,158,94,138,177,85,156,36,196,146,232,176,19,39,224,25,210,243,49,139,86,104,116,104,80,48,229,233,81,205,208,72,185,135,141,118,131,252,148,124,59,23,87,32,85,231,163,11,19,39,101,129,175,59,87,52,200,22,9,253,146,69,101,75,125,185,250,183,133,203,72,59,31,141,17,29,102,249,157,130,37,70,118,127,86,70,144,199,76,148,7,156,251,238,78,33,216,56,160,113,158,87,48,98,74,99,76,97,58,73,215,230,78,62,220,198,152,192,139,124,8,10,238,3,41,85,119,147,91,175,134,163,229,157,100,43,51,49,64,235,236,236,233,220,212,244,158,158,36,58,128,166,251,226,214,188,97,218,203,152,163,73,78,33,159,145,154,254,19,226,2,58,238,123,222,232,17,120,139,9,17,159,213,142,138,118,32,87,210,98,76,204,85,206,183,140,130,136,13,153,52,49,160,178,237,202,13,116,113,245,17,226,117,186,184,48,59,107,177,153,110,243,253,149,79,81,129,40,180,200,95,184,127,72,2,201,127,188,137,214,181,197,47,60,197,116,240,224,23,46,155,87,121,31,73,201,243,193,93,9,80,81,29,28,133,62,79,189,75,211,147,123,52,110,139,184,2,195,83,92,193,22,165,67,221,133,57,108,145,167,27,204,26,25,49,242,92,244,104,180,98,3,81,170,39,146,59,3,6,10,73,181,48,238,212,218,135,245,108,40,8,246,80,11,1,211,232,246,93,167,164,206,245,148,247,253,101,117,236,88,40,60,0,147,133,122,123,177,216,197,40,157,53,33,197,47,240,190,219,173,228,4,0,136,210,105,99,199,55,203,226,15,183,227,27,211,99,36,11,120,196,16,107,111,35,74,111,244,229,4,53,254,245,130,194,223,197,190,71,78,250,138,110,166,218,95,145,4,113,66,87,21,252,107,252,39,148,144,239,164,175,248,44,134,100,56,81,60,196,217,38,208,127,154,230,3,189,89,6,168,84,63,109,176,128,176,113,52,10,49,67,6,52,222,72,132,179,27,229,242,22,26,85,246,212,94,180,182,122,93,162,224,51,205,179,161,78,6,224,197,155,15,44,74,229,133,174,180,14,77,230,58,111,182,71,216,128,101,128,138,29,81,36,95,113,154,16,229,193,56,92,211,162,196,143,39,201,147,179,15,171,111,230,31,231,146,107,23,162,207,128,70,98,87,13,17,111,192,173,135,49,116,93,182,222,77,100,69,164,249,60,81,150,244,222,146,117,222,10,230,130,10,61,160,45,98,111,93,64,221,3,102,130,197,50,55,106,187,90,124,234,174,234,179,63,69,164,253,48,17,23,36,101,62,79,229,84,222,173,186,173,64,123,188,27,206,175,222,54,62,58,138,54,176,90,176,200,153,235,97,239,144,7,50,102,27,54,57,161,240,162,228,200,54,96,125,31,245,249,228,230,153,16,33,188,22,85,20,103,213,200,118,137,199,217,190,145,178,197,79,26,152,232,99,127,246,123,235,122,190,238,201,240,41,39,104,53,16,98,207,66,163,153,147,80,225,152,40,192,248,224,32,122,232,184,164,178,221,221,189,25,241,225,2,43,67,195,209,6,164,54,98,3,20,3,147,2,210,132,15,230,141,176,143,177,60,224,91,123,158,104,233,107,187,218,96,106,247,166,212,181,152,57,93,13,181,91,140,151,13,106,189,154,3,160,249,10,192,126,169,98,4,151,69,135,237,164,229,251,214,119,190,90,100,159,96,5,119,16,195,152,184,97,250,9,63,210,180,221,130,168,46,20,130,166,57,57,174,27,215,122,96,242,46,16,107,1,142,235,202,167,223,192,205,48,116,167,154,159,241,230,91,4,167,216,185,252,43,101,0,64,108,207,59,69,66,234,113,43,250,222,251,26,1,58,113,40,254,35,159,48,126,119,59,164,110,22,243,65,107,142,30,210,22,245,249,31,22,44,185,28,97,60,87,151,166,46,149,184,113,11,232,102,23,6,168,11,30,43,205,8,0,66,86,7,70,146,114,60,40,107,60,237,117,167,195,95,160,254,220,113,186,41,9,33,40,37,50,24,100,85,85,35,7,81,235,76,72,207,150,106,158,20,95,187,195,140,109,62,70,123,85,219,245,67,3,197,204,52,153,153,243,98,128,182,33,237,215,127,77,236,158,128,77,114,105,7,145,202,192,58,0,98,21,97,190,144,50,131,150,150,39,66,86,212,70,186,123,244,246,70,223,4,153,23,46,186,238,130,75,235,220,26,184,54,45,168,44,29,230,132,74,119,26,140,11,171,240,213,110,28,191,149,38,87,135,154,124,58,177,191,29,170,234,13,50,232,6,12,238,242,56,58,235,141,9,220,196,225,55,219,13,52,50,186,42,64,56,30,158,242,98,65,39,131,222,29,9,107,125,45,146,247,151,73,132,235,56,96,95,2,20,225,71,188,84,241,136,47,58,223,43,90,49,107,98,140,55,116,110,219,135,174,201,107,243,76,13,227,127,121,231,96,73,199,71,150,13,165,27,156,0,110,50,108,229,164,161,153,151,136,41,152,127,120,217,168,108,250,200,45,48,143,248,222,195,131,201,237,251,150,160,206,18,226,164,147,146,58,33,235,253,110,164,91,255,136,49,72,117,160,252,80,155,206,204,176,70,42,181,136,40,58,6,32,255,120,3,178,9,55,255,169,254,194,71,38,152,151,12,204,60,117,255,215,157,113,150,251,255,120,127,68,111,246,118,32,233,186,58,54,173,87,111,5,53,110,31,233,64,20,247,130,62,34,153,23,91,212,56,234,63,43,63,209,1,119,97,209,223,158,12,188,182,167,209,213,121,196,227,144,219,102,243,128,16,70,62,118,225,7,147,160,243,166,106,56,183,238,29,46,41,93,207,198,203,100,217,213,44,185,140,239,145,146,142,254,135,167,30,110,213,207,40,82,205,41,164,248,176,238,193,104,133,154,97,131,72,245,204,215,210,54,206,57,199,254,41,239,99,123,117,105,32,185,30,227,84,203,34,163,187,126,7,138,150,227,186,83,96,46,38,185,130,38,117,53,251,92,51,230,185,146,73,31,68,97,223,51,73,51,96,197,134,30,21,138,253,87,32,125,242,104,102,96,22,145,39,200,60,124,225,82,52,149,73,121,152,58,201,181,237,113,1,47,143,42,125,240,196,231,255,102,221,13,83,255,55,103,16,55,176,29,28,53,254,171,110,167,49,164,27,106,70,135,95,176,104,202,184,67,220,21,254,156,73,118,6,69,178,236,190,189,127,173,1,6,73,34,108,36,189,216,29,71,245,153,1,57,88,102,170,25,58,112,175,175,138,155,64,91,218,203,36,136,253,254,224,107,221,25,158,6,241,106,174,29,210,33,65,98,74,36,45,138,107,74,12,54,72,150,218,160,98,237,27,210,89,29,134,104,185,246,40,180,157,241,196,210,123,60,149,88,151,191,246,254,227,68,35,212,178,96,200,176,148,21,105,186,163,174,57,171,11,230,235,247,127,6,203,60,6,217,132,19,108,142,190,122,159,81,86,39,160,171,108,188,98,183,48,149,121,148,22,199,116,88,197,198,195,241,139,137,28,30,35,110,182,182,216,223,92,82,208,217,203,164,21,65,36,10,209,158,16,221,213,91,66,218,237,55,93,81,106,214,33,191,98,104,178,136,123,139,80,80,42,167,206,3,182,39,111,100,161,229,48,250,0,54,179,168,15,91,152,10,238,14,98,191,145,189,140,183,226,165,170,45,163,127,73,167,228,114,213,194,241,36,57,130,40,255,63,42,129,97,74,30,132,36,23,181,139,182,142,233,140,238,239,223,207,74,102,67,175,163,82,30,107,186,240,206,219,18,16,127,252,53,250,72,2,250,122,209,225,102,117,65,173,57,212,0,197,146,58,220,153,216,29,128,38,99,254,216,204,182,25,247,224,24,233,118,175,151,143,21,13,143,33,159,233,236,223,143,102,122,250,39,159,74,65,7,220,113,52,227,128,233,162,140,23,219,165,252,98,150,55,183,44,68,29,165,15,144,16,247,40,122,116,228,205,26,9,160,243,143,126,36,191,247,116,67,100,130,21,242,62,118,27,47,91,163,110,40,58,254,219,223,93,249,102,72,231,99,25,133,111,171,126,79,230,94,42,60,124,235,56,44,136,133,29,94,242,192,132,170,189,234,187,237,167,225,217,250,177,248,140,122,247,107,251,20,30,224,133,24,94,199,74,99,71,160,127,118,39,48,223,211,240,14,252,104,108,142,176,212,68,253,75,195,73,64,47,39,72,121,250,252,144,161,129,160,8,50,61,77,210,135,58,153,188,192,120,206,237,94,209,49,81,128,94,242,187,4,85,119,233,235,107,67,90,22,209,194,208,214,144,118,91,198,27,150,147,158,69,91,17,49,205,96,233,179,38,54,123,230,159,44,10,75,2,47,169,175,109,177,161,206,129,37,193,112,112,39,192,34,104,50,40,112,98,189,166,237,206,60,149,44,94,176,89,41,136,239,149,167,36,54,29,249,210,33,85,196,37,57,187,34,123,36,225,207,254,87,181,40,101,214,177,83,53,132,66,95,232,18,106,111,161,90,122,165,242,204,184,15,0,169,217,141,237,101,228,203,135,164,3,200,153,22,3,9,94,26,34,190,185,169,193,190,172,133,21,77,76,248,231,201,243,58,109,200,167,62,59,236,24,173,111,116,58,206,221,65,13,196,175,77,30,196,89,74,248,2,14,69,213,63,213,72,250,53,6,229,115,146,67,238,52,92,237,38,213,43,245,64,238,232,142,25,95,132,77,117,146,110,81,34,169,177,40,218,141,141,56,178,219,155,186,221,53,159,190,211,228,131,141,8,16,203,1,202,138,227,235,111,235,108,110,29,225,122,144,93,22,176,179,4,74,133,50,182,234,104,158,83,167,245,162,157,10,97,124,116,119,218,168,2,186,26,93,139,32,61,190,120,43,73,200,59,70,31,113,87,35,146,142,20,214,12,211,94,192,26,118,188,13,47,106,174,186,172,243,123,49,125,229,54,214,103,41,133,78,45,241,228,19,123,108,1,90,175,68,6,27,35,108,218,211,46,124,69,54,214,214,20,30,84,237,234,223,146,168,151,16,170,42,172,140,220,144,255,176,27,7,244,127,72,237,189,220,179,252,110,15,59,213,118,150,37,197,178,149,103,174,144,175,155,214,117,116,80,36,215,170,118,1,212,192,168,39,132,111,65,43,154,177,69,65,15,145,137,12,101,0,57,131,159,124,221,70,15,96,40,25,157,187,184,113,199,24,205,107,224,200,132,222,89,248,59,88,80,222,68,246,78,106,252,189,9,82,61,56,65,246,108,167,54,210,169,92,156,78,157,214,41,236,230,209,93,226,84,7,83,31,114,88,182,10,61,130,234,196,73,238,171,210,0,223,82,212,101,127,228,108,144,198,217,128,28,36,37,189,97,122,222,191,178,144,248,15,154,65,225,212,19,40,183,131,209,38,150,2,78,194,200,181,214,180,103,93,79,127,142,153,211,120,75,125,42,132,162,125,232,68,232,245,24,128,48,186,161,87,92,53,123,60,226,239,141,31,248,105,22,142,63,199,212,227,165,226,39,224,186,21,70,140,104,2,157,211,217,166,222,198,199,253,210,111,158,108,190,71,210,209,106,67,75,11,143,73,95,118,128,140,173,14,47,13,155,206,253,240,182,36,44,41,126,216,156,231,57,174,150,63,137,60,52,66,157,249,76,105,136,201,191,75,74,236,177,40,36,109,226,158,183,231,117,38,130,48,103,117,37,45,79,33,180,48,126,97,184,24,65,25,194,239,193,82,140,134,48,20,145,196,2,36,26,100,5,195,70,82,215,162,43,46,18,168,120,152,138,221,45,3,48,241,28,85,202,151,91,214,66,130,119,195,150,61,67,2,134,205,24,179,254,189,37,87,149,3,241,33,189,15,12,239,19,144,32,121,12,26,169,178,124,51,104,27,77,19,37,130,255,117,168,148,2,236,220,10,31,171,175,129,205,140,20,61,212,88,213,78,114,108,220,241,144,11,167,198,69,121,113,250,82,20,192,37,33,94,230,188,200,3,211,215,239,25,13,206,208,238,244,101,185,111,2,150,255,30,60,181,18,221,235,60,31,209,238,51,120,191,69,184,251,194,31,220,45,147,156,47,34,27,166,249,135,232,214,215,11,158,56,184,144,4,67,169,22,132,114,152,71,154,87,114,206,213,12,159,184,154,12,6,128,197,174,103,224,235,161,228,163,102,125,118,31,41,181,82,146,188,173,18,77,194,175,7,151,95,15,90,47,86,34,82,118,135,94,13,48,22,6,123,211,26,127,25,141,7,1,107,78,216,34,118,133,211,215,157,213,238,177,108,66,109,107,161,235,39,143,132,16,107,198,235,161,242,157,201,179,126,211,246,219,207,185,72,152,130,17,156,15,61,97,51,70,213,41,64,181,165,54,65,72,80,8,115,123,60,123,228,186,14,31,227,209,132,239,84,44,94,7,208,163,139,170,51,37,147,79,100,194,84,148,174,131,113,36,244,205,82,163,28,207,95,115,65,94,175,165,71,229,63,247,150,165,8,126,251,26,225,104,234,54,185,109,246,212,184,215,166,98,77,89,231,17,118,134,123,221,90,171,254,188,121,187,218,254,237,199,6,237,187,196,193,73,125,90,13,107,30,9,33,205,197,108,212,45,72,229,112,169,13,74,113,29,14,134,150,248,190,185,14,228,49,142,237,3,124,101,33,172,79,122,102,152,60,141,33,253,96,204,193,190,59,118,202,151,116,224,173,200,236,66,210,174,248,180,115,204,166,161,249,137,158,159,15,245,33,143,157,214,1,156,150,230,184,109,146,147,203,169,6,5,91,248,97,10,193,10,215,106,189,158,239,235,77,39,217,242,5,245,162,205,142,158,61,150,178,11,251,37,53,240,66,210,132,133,145,196,79,174,223,181,126,174,72,43,83,202,39,45,181,29,247,44,183,11,164,23,109,200,227,67,85,34,145,217,49,140,214,84,36,152,10,118,196,249,196,181,20,163,49,178,226,242,92,81,206,39,43,195,44,210,7,125,235,69,145,25,98,128,144,253,0,39,2,156,57,18,105,102,224,73,156,232,118,121,148,237,92,60,255,192,35,108,233,224,65,206,133,80,69,93,32,108,230,93,0,144,208,65,149,173,122,92,206,19,36,223,56,253,204,150,248,231,14,253,255,239,9,110,124,51,209,82,189,87,153,211,139,145,161,252,144,104,113,232,58,181,174,114,167,116,213,69,228,238,121,76,223,187,69,245,247,21,243,251,42,0,197,177,22,145,38,59,201,13,171,23,147,26,160,145,174,24,23,24,254,94,208,84,238,187,244,215,138,9,118,15,81,254,44,122,95,199,138,13,69,174,93,35,34,243,146,113,52,143,92,170,67,160,226,9,98,164,168,231,111,6,239,207,73,186,144,212,36,92,191,37,143,166,254,49,193,108,45,233,183,185,57,94,47,132,13,137,199,5,193,49,87,129,9,57,206,188,46,205,176,21,237,59,16,177,178,192,166,242,238,140,113,167,1,17,140,41,6,152,52,242,161,22,206,10,7,40,248,144,144,255,11,250,209,3,242,229,154,77,52,209,134,155,99,114,235,34,115,42,219,127,179,174,2,73,179,15,87,95,198,192,120,1,107,77,49,175,211,232,224,178,75,100,172,179,149,208,186,57,0,48,251,99,127,37,102,165,145,59,89,132,173,62,19,187,133,49,82,115,193,181,38,169,152,119,246,220,208,216,187,255,48,129,245,17,175,147,246,103,217,148,245,85,241,175,183,79,106,255,131,218,92,141,108,22,67,34,244,34,181,10,174,185,110,227,175,201,169,28,61,117,246,51,215,175,127,70,67,198,149,212,173,47,206,175,215,132,202,53,201,53,33,172,219,17,129,168,203,215,58,249,120,246,160,44,182,247,8,198,18,217,37,7,95,69,22,213,227,30,195,77,218,2,72,4,232,127,123,73,218,56,214,242,196,93,160,46,101,104,42,111,67,112,238,195,214,133,15,191,92,39,248,44,126,39,88,204,48,182,223,213,151,35,226,157,118,127,7,121,167,181,249,121,115,240,123,14,154,43,113,249,85,85,63,146,17,20,211,157,44,179,252,1,11,185,144,186,174,216,77,162,69,49,216,68,203,0,141,181,240,5,218,175,71,109,210,239,38,225,120,213,176,201,118,165,11,86,52,171,172,88,34,178,174,114,118,245,25,9,174,172,231,123,56,219,221,94,42,178,242,21,177,160,171,249,43,191,193,204,176,151,30,97,205,160,15,166,212,35,151,161,18,177,172,42,253,17,245,69,247,36,225,198,22,96,100,166,203,239,1,49,167,55,162,56,123,199,187,108,46,69,163,209,247,216,211,70,179,201,211,13,15,100,241,10,25,162,86,50,129,223,159,222,253,137,7,207,138,9,9,225,177,22,38,251,72,219,239,139,67,55,245,148,156,126,109,105,146,188,246,149,43,239,211,126,183,125,81,100,175,36,116,212,41,27,130,117,223,98,143,231,143,35,233,36,110,218,251,45,121,150,148,83,135,207,158,34,134,171,86,166,80,195,2,153,16,8,78,136,218,205,74,235,219,77,99,35,144,96,169,5,62,23,230,226,201,112,186,121,4,16,48,187,169,111,105,7,78,92,99,212,219,241,204,253,237,141,103,248,17,238,173,41,170,196,250,69,166,153,76,65,237,87,248,228,242,214,107,152,206,237,190,23,175,73,239,72,6,87,85,159,3,215,38,85,144,247,88,94,41,6,220,105,202,89,156,134,136,150,12,158,122,55,229,70,29,101,213,248,126,149,34,52,130,244,132,40,172,243,170,53,212,154,14,219,2,255,72,95,204,36,83,76,78,197,180,150,183,87,66,209,23,58,203,207,202,249,42,195,255,68,79,124,127,111,167,44,73,18,236,2,180,68,93,245,63,135,16,195,42,220,123,56,134,11,65,57,117,170,78,101,121,172,97,246,166,186,48,115,152,2,71,95,18,164,68,18,11,4,9,241,55,60,18,221,41,181,130,222,81,77,128,248,51,143,106,166,67,153,158,156,88,213,110,205,25,106,174,207,134,142,234,64,243,161,128,126,9,246,128,176,200,101,188,80,57,136,131,55,143,210,133,237,213,134,181,41,79,144,49,149,202,206,81,176,181,90,97,60,249,248,228,156,50,24,201,27,20,172,219,17,40,128,69,147,34,230,205,59,140,46,9,80,66,159,47,152,231,16,109,140,221,17,129,143,215,186,110,220,194,178,27,185,2,122,35,132,239,250,21,135,114,105,48,206,91,204,94,107,177,56,213,177,128,237,141,102,163,236,75,242,249,198,192,50,140,11,3,175,131,30,167,70,212,130,28,138,151,238,188,71,184,208,35,98,253,25,207,49,126,182,134,52,37,212,246,4,193,3,30,77,144,30,191,59,109,156,43,176,229,60,124,235,107,27,156,104,73,250,9,117,162,42,58,89,222,169,231,17,232,131,80,2,180,45,234,197,47,155,61,112,245,143,186,242,169,65,89,121,121,153,115,124,250,219,45,72,55,146,109,64,144,179,51,217,41,227,97,17,153,212,73,166,243,48,25,204,80,46,246,65,213,183,46,224,86,230,40,95,143,111,242,12,45,48,170,171,175,144,72,178,14,149,20,172,133,45,30,171,72,31,202,167,128,99,95,110,240,134,168,147,160,19,149,165,97,94,69,188,133,94,142,111,168,185,84,3,187,26,204,253,132,162,141,187,206,205,241,61,60,33,79,65,58,52,242,27,232,218,97,113,57,58,77,225,201,228,7,113,63,237,198,251,223,144,187,225,205,58,77,212,20,84,81,68,150,244,53,77,196,100,82,64,152,10,226,158,85,70,78,194,21,227,182,0,80,234,247,50,212,14,172,234,128,141,99,253,171,217,46,125,235,123,22,66,209,133,131,194,112,74,99,197,141,192,67,71,227,132,78,148,165,155,40,32,97,160,19,147,33,62,241,101,239,63,168,125,248,140,4,101,199,109,224,124,181,198,220,150,121,129,90,9,4,95,22,136,109,97,214,149,255,32,58,185,155,8,90,142,226,196,36,184,222,140,69,185,3,175,69,204,12,10,133,160,145,201,169,135,50,39,53,160,196,240,154,221,103,172,183,244,235,50,134,104,123,57,12,230,110,85,216,65,235,227,9,158,171,1,116,23,37,91,89,197,9,88,70,216,195,130,252,220,122,124,120,170,200,247,88,147,91,67,236,126,37,91,142,135,231,110,143,157,223,160,126,98,81,183,223,234,143,244,103,228,246,46,113,115,143,59,2,222,204,5,139,53,250,150,61,0,7,250,223,149,214,64,41,58,170,156,78,235,54,220,96,252,208,27,11,188,152,183,151,153,61,139,161,203,21,162,88,197,113,54,45,39,30,232,137,177,239,97,147,187,126,68,135,100,129,64,150,161,54,250,8,251,123,148,188,75,75,4,127,96,7,254,102,187,42,182,222,126,176,213,154,165,91,44,201,101,57,74,249,249,122,175,95,191,251,160,23,149,241,130,225,173,199,9,173,64,42,219,27,155,166,220,215,119,86,124,103,145,131,248,165,107,29,245,129,181,10,195,153,46,123,1,220,177,58,229,206,74,25,224,134,90,151,171,225,36,97,104,248,116,203,254,38,73,86,175,80,133,155,218,125,160,65,188,129,158,151,89,186,51,80,128,38,159,138,174,111,93,205,184,38,242,250,20,48,224,44,81,151,55,76,115,118,194,82,211,83,189,192,112,206,96,82,75,166,116,71,1,200,96,45,106,61,138,16,74,64,32,183,64,116,169,126,174,201,112,41,35,31,126,124,82,7,17,14,130,131,144,196,9,212,103,27,37,97,132,157,110,174,52,54,214,135,71,125,97,119,108,170,91,222,244,104,202,106,53,19,161,221,56,244,88,129,239,60,255,200,9,14,255,217,186,187,19,144,229,129,183,160,82,91,49,93,172,199,132,18,13,16,5,3,80,170,134,109,128,27,43,92,100,55,250,99,58,3,229,58,91,173,134,230,206,88,202,66,211,135,119,182,237,215,92,122,176,132,154,206,73,240,115,49,159,193,64,50,70,58,2,103,187,161,26,185,148,90,202,218,66,69,248,180,192,68,128,214,243,10,191,106,66,139,237,187,115,254,180,178,37,27,107,177,82,213,161,135,155,143,88,54,78,71,89,29,112,131,147,33,151,28,51,229,172,82,243,18,23,47,58,229,150,229,103,193,229,25,13,3,91,32,75,110,77,235,78,1,204,229,103,65,38,44,245,114,124,82,213,234,103,48,72,222,25,46,73,219,17,42,204,85,192,147,132,217,249,218,192,31,242,243,184,178,148,166,234,180,115,220,26,210,206,145,239,66,92,117,253,132,56,199,242,125,13,167,170,90,156,88,22,196,252,57,255,222,130,86,17,90,230,90,165,245,101,158,87,151,157,76,135,120,125,38,244,102,47,150,72,179,85,224,120,144,178,136,183,52,119,177,131,123,26,76,211,209,31,52,38,220,121,65,10,122,169,240,233,186,21,238,179,255,78,187,230,26,38,217,125,60,174,115,111,102,70,223,209,154,181,205,145,186,91,12,249,229,233,117,192,150,67,210,109,52,46,86,129,188,195,120,232,129,67,194,177,235,105,33,206,95,218,114,178,239,45,218,80,245,179,192,129,74,19,79,26,189,34,181,70,126,32,222,246,107,98,25,252,106,136,238,171,230,225,169,111,254,183,225,63,6,215,175,172,224,175,209,115,200,241,227,40,206,173,24,169,92,161,99,216,19,86,98,255,145,66,122,107,46,148,153,53,41,0,44,235,126,235,13,204,52,68,72,175,188,41,207,57,192,42,197,189,99,122,171,102,11,0,212,228,92,223,146,110,220,68,6,142,123,34,82,18,182,43,196,203,187,5,45,247,185,242,158,136,201,56,80,80,191,56,228,222,245,129,145,188,126,225,85,114,175,250,193,99,21,185,174,184,122,241,89,129,108,237,143,10,228,58,144,190,112,138,50,159,240,31,216,25,210,156,191,74,190,187,231,84,1,234,72,103,193,101,163,166,146,69,147,230,47,42,150,60,40,138,236,92,132,171,46,111,79,108,192,211,86,36,208,208,93,20,29,108,55,1,237,162,4,22,244,24,63,132,63,187,162,212,135,148,59,187,174,238,33,235,3,234,169,108,31,18,190,27,41,36,241,43,47,147,54,33,247,246,166,112,79,46,129,188,139,194,207,188,239,73,33,193,228,205,207,25,99,89,92,31,116,36,33,203,124,218,32,156,51,183,123,200,168,248,247,165,254,228,87,204,239,67,155,170,181,87,75,15,66,100,58,191,15,34,235,31,234,176,9,104,74,62,99,72,211,154,2,250,172,5,48,215,125,40,163,157,10,183,136,30,124,52,153,93,154,161,103,77,190,30,17,19,10,48,187,235,165,80,195,55,214,233,40,50,252,228,246,139,165,15,186,64,160,133,85,186,141,50,74,194,221,146,5,133,181,180,217,34,68,202,187,160,246,134,178,81,4,163,81,57,150,227,1,171,243,224,239,242,243,159,162,221,74,164,162,17,180,167,135,239,210,0,2,37,130,92,148,203,82,84,140,33,179,142,35,247,175,253,66,23,85,167,244,198,252,217,80,86,128,202,127,145,58,120,67,209,58,252,189,109,135,95,191,92,203,247,47,76,230,181,193,106,254,190,137,144,179,186,90,108,31,52,75,41,23,210,177,226,237,210,116,205,230,57,36,142,197,41,15,140,110,12,106,145,32,100,78,177,13,136,237,98,35,49,33,125,76,164,243,116,181,221,239,152,195,248,193,110,238,50,212,49,144,85,102,53,193,241,84,57,126,152,131,170,223,27,130,65,60,70,225,172,115,17,68,50,117,6,7,139,78,103,214,103,114,107,150,80,248,54,130,249,199,217,68,222,86,236,201,181,226,159,240,244,195,8,1,206,101,216,91,69,239,184,98,43,2,158,130,98,8,31,176,235,168,195,34,42,50,150,179,60,235,10,5,178,93,62,131,191,231,185,24,229,167,217,246,141,209,2,214,168,174,145,111,63,15,62,7,56,139,66,199,169,204,92,131,96,118,232,117,106,188,149,24,189,122,78,200,217,205,7,147,247,158,31,185,112,90,225,215,28,119,247,94,12,19,204,23,121,132,206,40,105,209,33,30,180,8,253,254,216,190,14,241,55,1,57,191,54,64,220,28,224,222,236,113,84,57,174,143,171,59,230,125,14,73,203,155,214,96,113,47,126,93,174,19,59,16,79,70,27,135,142,49,230,169,76,89,248,79,239,153,179,4,174,117,202,60,58,147,14,202,247,150,49,58,163,149,32,14,67,63,72,168,111,133,19,233,208,59,70,59,169,211,13,171,164,2,174,48,58,10,169,6,223,12,222,87,248,114,177,248,100,226,2,179,8,144,227,151,88,244,92,239,24,147,60,88,137,223,128,71,109,220,176,30,32,20,24,252,146,161,53,14,64,66,117,24,85,160,174,136,161,38,189,231,34,218,8,165,193,0,86,183,77,129,78,204,45,29,153,164,121,41,22,20,184,67,150,32,46,77,191,249,251,199,121,228,217,189,104,68,215,223,255,139,203,143,115,100,49,114,230,130,217,220,1,181,140,107,189,75,166,158,228,235,183,205,13,158,26,29,76,208,252,22,127,108,97,182,114,10,63,43,83,171,142,52,168,30,138,43,17,87,255,128,98,217,50,196,31,223,129,185,193,138,186,22,18,27,143,80,186,42,227,3,129,7,242,128,183,163,12,211,77,103,9,99,133,21,26,84,101,107,66,144,154,69,94,172,169,189,60,127,45,200,10,152,169,189,105,41,131,238,165,165,134,86,140,236,54,131,118,121,215,15,171,193,240,168,40,244,97,63,43,72,249,104,233,100,6,182,60,236,148,142,192,93,82,69,143,69,196,91,252,119,64,148,126,156,163,212,26,23,201,38,167,80,155,165,215,92,105,158,45,162,112,24,22,253,217,90,206,244,222,91,196,39,189,203,215,22,244,155,23,143,64,228,178,73,21,190,210,131,132,232,38,124,12,44,232,155,79,178,35,35,173,89,72,235,135,222,89,25,157,87,240,172,222,221,104,189,125,164,113,251,180,72,139,250,248,6,148,213,123,45,87,171,228,127,115,16,241,129,102,227,119,84,211,200,103,58,162,116,104,119,113,67,56,199,2,222,124,218,121,29,146,76,203,154,134,32,112,22,249,165,135,165,69,125,47,236,98,106,133,254,218,110,213,243,22,162,38,241,17,177,139,221,18,44,239,235,83,106,156,63,185,215,75,85,245,106,227,150,233,194,139,144,114,145,164,234,61,251,26,237,239,79,145,152,147,91,212,163,195,128,238,65,127,4,203,54,236,131,152,218,34,250,101,205,125,253,111,195,146,88,248,38,212,63,108,235,79,24,172,137,245,231,130,159,142,9,132,6,247,77,245,148,179,11,119,22,154,16,237,215,230,223,7,34,147,179,203,134,172,69,37,73,192,145,46,89,112,184,35,201,59,158,168,75,214,252,75,59,204,113,117,83,114,228,147,190,152,180,159,179,10,109,178,68,84,43,175,2,142,67,251,59,135,136,74,121,121,43,204,92,136,55,51,167,109,182,62,99,176,81,51,134,52,170,165,96,134,12,248,233,208,90,81,111,239,21,37,243,240,108,85,178,228,200,125,32,33,253,3,170,129,216,195,109,60,156,62,130,24,123,38,234,202,8,149,15,61,114,94,135,8,27,55,67,252,172,145,104,190,13,8,237,3,152,188,7,86,7,174,126,77,97,249,249,184,93,3,93,185,246,5,81,242,194,177,48,198,243,223,104,77,39,245,74,19,55,215,35,132,122,28,201,186,147,24,80,115,242,232,228,204,153,204,213,118,234,23,24,132,141,120,200,119,136,102,249,4,164,70,140,212,166,23,173,171,141,157,216,117,245,0,242,48,88,216,221,230,29,252,222,220,51,172,95,102,183,243,57,1,54,22,42,188,182,30,45,3,208,145,160,196,214,63,166,91,67,29,165,194,40,235,33,180,229,188,163,191,63,179,168,98,49,173,229,52,134,130,254,187,220,91,87,182,238,101,94,74,37,0,197,43,237,53,148,85,42,73,128,253,42,243,51,115,78,35,250,19,26,9,26,240,12,190,96,115,187,102,116,248,7,33,56,115,120,89,205,99,208,21,136,77,136,87,235,238,144,113,81,49,185,163,154,65,236,103,138,97,113,148,160,46,115,11,139,169,149,73,231,46,193,13,238,103,53,129,12,160,59,208,127,252,136,179,217,251,0,18,71,240,84,89,101,216,187,184,166,95,115,246,163,66,142,2,74,206,190,50,56,103,92,124,19,59,19,121,84,91,149,154,180,228,223,120,154,12,9,67,160,221,229,78,188,210,177,228,88,165,42,14,141,49,100,185,110,100,166,166,106,233,212,59,56,236,194,33,185,57,249,194,2,207,14,57,114,48,155,79,103,148,136,152,87,25,111,152,209,251,205,17,132,95,50,28,36,159,227,221,241,190,125,47,108,218,172,158,64,198,192,168,14,150,197,56,91,251,252,163,252,187,132,48,75,151,207,82,150,45,203,130,225,1,240,19,83,7,20,63,130,189,127,253,12,198,69,123,54,190,108,36,160,173,163,248,196,209,48,152,31,128,13,176,22,104,163,14,82,181,144,46,147,79,91,113,221,219,176,253,230,86,171,155,17,99,165,77,250,80,96,37,30,111,73,4,191,51,244,227,229,21,56,117,161,64,96,100,32,217,77,238,246,146,38,90,2,209,50,141,2,213,15,170,189,104,165,103,163,103,38,24,113,35,67,249,120,19,164,109,216,71,182,79,220,253,194,97,5,44,181,154,80,111,41,143,46,101,78,82,188,50,232,208,157,255,196,131,64,117,9,198,105,212,209,41,213,111,158,148,95,62,212,53,6,232,129,162,76,81,180,5,2,37,72,73,46,97,107,149,153,138,125,155,193,55,57,115,89,111,138,177,68,204,187,28,199,155,145,224,208,250,164,255,121,84,245,254,176,2,244,139,42,106,71,20,163,232,57,81,41,125,68,28,223,186,201,121,219,252,8,139,190,223,231,220,90,249,178,255,8,93,48,76,188,206,2,173,193,87,65,117,66,16,56,141,18,247,198,17,146,39,102,57,177,35,62,251,196,82,20,47,187,34,204,248,91,158,215,34,161,212,40,113,119,52,88,162,220,40,154,21,174,89,223,113,198,44,150,76,155,204,72,99,17,191,229,244,118,200,222,205,5,169,35,57,30,18,221,134,240,105,178,28,5,140,120,47,247,173,241,133,153,46,147,110,95,76,169,88,78,222,38,178,122,173,223,109,170,231,25,212,218,249,199,64,182,57,9,90,96,136,152,246,152,144,186,82,53,65,79,97,186,50,119,8,47,227,214,165,51,136,2,221,50,145,231,188,184,6,93,219,230,50,93,46,66,220,80,207,84,166,79,45,214,50,38,77,227,234,236,170,17,160,188,27,187,99,229,2,169,223,113,86,44,189,124,139,107,163,111,100,47,172,133,177,43,126,35,9,177,41,0,125,134,143,29,201,108,71,65,44,225,166,255,134,130,132,161,114,9,143,239,30,134,187,152,51,4,42,227,108,150,154,128,23,88,61,46,158,225,139,13,148,47,93,238,44,57,15,42,148,225,36,123,204,48,88,118,50,166,214,192,52,123,69,54,222,190,252,131,10,19,146,19,185,138,115,121,168,178,66,96,161,186,136,241,19,253,106,30,181,92,163,26,217,37,107,155,209,134,38,177,77,90,66,210,1,147,108,157,212,52,177,253,177,47,36,238,189,50,142,110,124,110,11,205,5,178,11,190,69,12,43,92,152,77,90,14,17,183,175,180,46,198,73,33,211,112,228,205,9,2,198,166,251,180,200,33,10,102,83,78,98,45,114,219,157,130,37,9,217,251,69,201,17,146,173,134,254,173,124,195,108,215,178,135,148,44,88,129,188,230,181,46,118,66,6,44,27,147,18,9,95,236,169,99,12,178,36,77,131,161,147,90,23,51,120,59,2,233,40,156,143,20,148,214,207,40,162,232,254,25,191,39,146,84,49,96,39,217,53,65,123,39,5,111,130,17,69,90,179,70,236,90,57,5,156,211,228,13,255,67,123,134,29,196,127,41,211,115,195,62,172,12,28,16,155,72,121,206,91,190,142,143,63,173,35,250,1,67,55,50,172,222,81,38,14,2,90,94,158,157,133,70,41,150,163,135,36,142,57,188,160,127,162,135,71,207,162,140,198,11,187,205,2,78,120,150,182,132,62,90,20,223,146,142,38,151,124,243,117,201,252,182,245,61,182,56,110,150,196,244,39,27,123,239,195,130,248,221,187,54,215,101,35,9,136,132,25,21,178,109,34,226,214,187,143,51,129,72,183,93,165,146,239,132,57,149,36,175,237,94,51,85,43,192,206,245,190,2,143,50,129,140,245,183,166,120,93,236,249,182,52,45,255,206,48,47,37,97,37,245,220,112,23,100,224,79,88,26,11,87,109,149,44,1,88,118,28,4,202,151,132,110,201,132,205,247,66,144,173,45,109,46,139,84,88,160,205,248,15,102,154,81,156,132,202,89,11,98,155,140,143,107,125,205,165,169,186,169,221,17,35,115,12,74,102,99,27,176,101,146,216,52,155,65,8,89,63,108,244,199,54,12,77,5,31,218,44,157,6,181,232,183,85,126,92,89,201,154,66,16,226,217,107,252,9,170,230,102,121,184,58,34,167,7,151,155,185,12,72,211,183,241,184,63,5,62,61,225,58,39,35,165,113,67,125,248,38,197,105,189,72,143,193,186,231,221,66,57,17,196,194,189,243,28,41,100,158,173,137,137,128,74,245,187,21,12,6,245,63,69,160,103,85,88,90,56,10,18,252,127,32,212,207,172,9,88,69,235,95,58,16,157,9,7,217,205,103,53,151,159,11,128,43,151,157,244,126,209,79,120,7,26,22,99,7,85,201,30,33,208,91,214,109,34,151,234,239,196,77,201,184,85,8,74,135,110,233,110,171,126,206,242,39,83,36,54,237,219,222,107,5,156,24,176,249,127,160,110,117,92,206,198,15,77,130,31,113,80,2,44,113,3,114,91,252,138,248,251,153,217,190,98,181,118,220,56,99,241,148,130,189,70,250,83,54,165,70,214,139,197,242,197,62,135,54,217,173,86,254,6,116,65,153,226,60,181,201,208,0,24,169,232,63,95,11,191,164,135,218,74,163,40,153,151,180,109,141,179,96,162,71,74,92,191,189,174,1,146,181,24,63,139,16,162,123,237,220,206,126,250,246,196,75,58,134,15,63,254,119,214,55,158,1,202,86,155,202,91,186,51,110,162,254,218,83,15,184,159,178,126,136,152,7,26,48,88,69,120,171,207,130,222,166,10,6,103,114,28,161,235,146,204,183,190,11,255,136,192,241,0,204,73,0,140,228,138,6,38,66,236,74,200,218,6,71,219,40,164,182,191,59,218,127,138,9,163,65,91,4,73,161,46,43,87,128,202,152,101,120,168,55,80,0,234,203,149,115,171,103,23,98,34,99,187,134,139,33,200,91,71,33,50,125,203,189,229,33,113,185,213,99,56,248,175,252,145,234,17,115,147,59,241,146,92,234,126,247,212,164,202,106,100,181,37,29,201,165,105,120,233,55,40,160,212,99,158,92,144,191,1,228,45,110,84,116,114,109,24,119,188,16,94,89,201,30,166,35,40,144,163,182,25,128,201,54,7,34,191,137,1,52,112,176,6,144,45,131,157,142,62,112,216,26,147,13,34,72,104,10,42,144,3,32,198,130,121,178,205,130,218,235,153,236,140,247,162,15,93,102,2,34,129,239,7,118,6,196,43,75,11,72,251,101,174,53,202,125,125,72,207,224,225,131,61,26,185,64,45,246,229,243,90,33,117,205,97,71,150,79,20,187,97,23,193,90,113,74,15,230,83,173,79,220,4,232,149,167,91,20,116,240,179,251,18,162,252,132,16,118,116,74,20,77,250,68,136,100,173,129,65,158,154,250,196,239,10,64,228,94,218,119,76,26,156,50,255,216,232,215,41,110,64,72,26,155,98,122,188,16,9,83,132,15,151,205,4,230,252,151,79,67,200,129,109,196,73,102,255,43,51,9,21,238,1,87,226,218,157,246,35,145,244,198,206,173,139,98,36,142,181,208,18,204,154,225,230,74,90,51,14,78,76,39,254,81,44,154,116,99,58,30,209,233,140,82,251,141,233,250,135,205,233,212,41,49,6,177,193,27,139,1,46,37,72,201,144,93,227,166,204,11,21,144,191,139,233,192,65,160,150,106,242,227,145,99,155,100,199,221,181,107,231,89,40,38,251,87,92,142,17,217,189,127,131,186,252,56,174,147,34,5,9,127,236,248,81,22,12,176,198,157,5,251,169,96,33,108,43,203,60,169,191,211,185,203,79,23,208,244,204,107,63,224,189,190,195,254,14,0,164,27,223,202,102,115,199,246,84,178,142,94,92,116,100,213,46,141,8,230,66,99,131,64,100,137,217,204,31,98,200,233,204,165,121,20,209,100,129,207,224,109,104,124,34,130,78,239,163,155,192,111,43,140,65,153,129,166,188,0,32,50,207,16,131,118,86,205,139,252,160,74,146,183,164,237,146,124,181,214,104,86,215,89,107,212,168,83,84,187,74,76,81,251,191,13,39,74,122,90,74,91,161,64,69,230,55,31,228,246,166,251,138,35,39,152,179,121,68,137,132,63,88,22,218,202,138,88,196,8,60,77,127,2,243,91,161,239,105,74,131,1,129,94,164,119,102,133,235,191,62,222,158,184,242,207,81,98,98,229,243,162,168,243,125,163,110,236,252,107,228,78,6,64,184,244,53,50,254,18,100,6,251,219,81,95,145,116,15,234,78,218,40,95,117,93,200,78,141,21,210,23,69,43,70,120,98,55,134,32,133,16,0,103,148,173,221,178,34,24,181,42,245,41,54,244,252,76,64,251,60,251,225,72,247,192,147,190,255,32,240,207,224,83,230,204,34,182,150,71,188,207,85,17,178,155,106,188,34,156,157,223,44,81,136,202,160,187,155,152,118,209,70,135,221,178,145,79,7,56,202,12,68,200,204,80,221,229,20,253,100,112,89,103,197,123,52,124,101,111,171,133,120,90,212,140,34,137,111,192,104,10,95,120,219,206,87,116,126,44,105,55,204,128,105,24,220,50,97,5,89,197,253,105,52,48,160,113,78,114,209,97,225,39,227,178,22,176,16,100,7,99,73,187,140,240,41,170,60,142,246,159,255,90,87,156,12,228,94,0,48,174,26,193,223,99,252,221,22,40,99,69,133,63,246,67,131,103,158,240,106,115,132,94,71,190,129,97,198,86,98,50,159,42,29,118,130,171,114,132,16,3,241,237,103,140,219,94,116,114,89,28,8,74,39,121,131,217,39,14,3,56,126,125,22,220,203,160,144,32,56,249,242,2,60,54,121,0,60,239,9,75,47,40,138,77,79,175,205,190,70,236,249,195,60,131,79,66,229,97,245,37,247,131,52,83,68,41,228,72,21,196,48,10,47,161,116,162,33,92,27,231,89,118,243,135,133,70,225,213,52,234,25,238,4,85,192,254,244,232,193,112,177,96,144,118,139,123,171,121,136,164,219,155,126,49,180,37,95,178,122,241,239,197,119,203,165,182,160,179,69,78,220,37,222,35,66,242,94,206,108,38,205,227,26,83,132,190,121,125,172,149,164,203,129,13,168,86,38,150,137,98,223,137,173,11,113,175,31,244,57,1,21,148,31,246,59,194,16,133,24,7,95,83,168,253,58,158,186,202,18,19,231,138,206,80,238,115,105,234,148,98,138,108,172,251,26,3,41,187,225,104,249,254,128,229,53,236,7,185,46,179,156,250,69,89,208,223,27,99,89,20,196,78,53,56,215,237,221,162,89,83,6,115,38,153,19,136,19,19,77,173,2,148,15,172,34,242,218,178,196,6,36,81,236,157,181,175,94,46,228,109,199,149,175,80,98,69,147,149,89,44,96,173,212,10,113,27,22,156,65,178,156,173,11,97,153,116,157,137,87,236,23,86,208,230,31,63,68,164,191,134,155,90,207,35,92,230,248,120,211,67,7,130,121,248,59,34,180,235,14,246,65,225,113,202,23,218,57,254,221,193,83,157,158,177,98,198,53,43,58,157,173,114,87,144,118,56,242,228,231,145,26,94,198,156,140,57,46,253,185,116,56,65,6,82,11,231,209,114,63,204,205,253,118,3,112,239,130,114,101,31,130,91,85,221,24,182,194,224,48,25,164,150,61,248,78,17,241,238,35,99,99,35,216,94,174,234,21,19,164,21,78,235,141,140,86,189,130,54,12,79,140,68,63,96,76,131,84,146,57,139,125,114,193,66,222,50,129,145,30,7,14,86,32,179,249,239,9,59,85,187,156,5,127,238,5,113,147,85,209,216,0,189,143,189,146,164,59,10,220,93,152,8,213,27,135,197,166,52,230,177,159,192,184,171,130,95,109,198,102,234,219,124,173,25,55,34,92,138,70,242,42,39,168,205,52,166,24,22,242,49,62,156,24,24,52,232,224,16,171,147,251,250,51,122,83,60,180,192,210,165,252,39,236,63,72,202,226,32,218,164,57,197,17,64,45,113,120,83,29,103,166,221,115,92,249,115,154,137,42,118,71,109,228,167,255,49,107,245,125,49,123,162,190,54,118,16,36,252,66,83,54,40,248,47,32,69,95,100,114,93,172,242,246,54,238,9,157,33,104,87,99,36,89,107,219,17,43,107,6,45,48,254,44,226,162,227,8,174,222,145,68,71,198,46,18,61,108,51,242,160,229,159,55,255,84,178,100,159,191,85,156,21,32,154,14,187,238,55,192,167,129,228,163,162,133,251,83,20,234,54,216,153,210,185,135,132,184,230,154,107,152,110,101,188,36,118,190,186,222,188,220,179,38,207,218,234,195,183,16,159,204,11,98,117,236,191,64,47,9,206,182,56,10,116,146,185,244,71,97,122,81,45,158,23,139,174,221,144,100,17,119,136,127,181,158,172,81,115,197,119,183,46,55,131,55,160,160,127,122,48,84,198,221,160,1,160,164,197,245,31,214,227,21,125,137,8,219,132,127,215,106,205,179,37,18,1,223,131,86,2,166,215,196,140,171,233,167,173,255,231,145,201,52,145,117,227,211,156,17,100,119,2,76,44,225,234,222,205,241,139,230,134,182,218,248,96,73,255,249,207,180,61,149,73,102,45,71,18,226,184,6,8,154,15,79,246,104,61,23,184,168,113,166,96,176,203,130,57,205,32,47,60,124,60,193,127,136,176,22,57,242,93,229,7,24,19,121,144,138,32,1,81,133,18,131,205,113,28,114,252,130,31,122,138,70,210,30,231,78,131,237,27,51,230,233,135,253,229,152,250,100,155,209,58,241,123,24,233,69,179,78,192,144,194,199,238,212,55,157,229,33,164,194,76,197,177,148,8,125,120,78,98,92,23,73,142,210,39,172,243,212,89,66,37,6,41,194,211,163,177,202,87,249,113,134,53,111,155,140,41,123,123,38,41,219,24,190,28,153,87,3,127,125,229,175,156,10,89,203,78,195,249,59,116,184,27,180,219,164,214,51,7,206,164,189,166,91,73,108,22,131,160,255,30,237,13,106,113,110,172,153,3,107,155,171,124,53,84,214,90,150,255,55,174,237,34,19,184,83,155,198,154,193,95,177,254,162,189,123,130,74,87,212,250,245,85,104,154,67,169,103,71,127,243,149,37,177,205,196,190,110,24,68,40,225,131,117,94,254,245,192,58,48,212,44,230,40,246,178,86,209,158,168,169,163,1,240,80,157,180,176,177,134,39,132,197,205,218,221,137,160,88,140,45,12,59,93,85,95,74,188,49,124,120,13,255,181,228,88,221,130,68,118,62,183,200,217,60,10,68,125,119,5,202,13,155,32,187,203,103,183,51,111,0,240,36,67,51,68,68,44,155,189,196,124,191,168,76,48,143,225,162,231,132,143,234,20,229,51,161,18,73,27,140,24,58,30,91,3,160,97,213,170,108,202,105,64,99,108,172,13,48,117,236,217,199,251,14,157,176,58,27,221,255,250,212,53,90,109,19,18,186,191,112,120,221,2,156,203,179,85,193,197,178,42,47,98,153,72,170,76,134,232,133,135,84,119,0,86,32,35,57,146,90,237,33,54,213,121,127,117,32,221,134,124,138,119,123,109,193,3,252,103,173,50,31,172,62,230,168,214,154,10,122,219,159,137,173,20,84,13,236,63,203,220,64,37,98,176,194,72,166,38,121,253,25,126,245,90,143,207,0,4,236,38,65,218,154,193,100,229,71,231,18,192,113,148,56,26,49,159,65,185,119,42,125,201,48,213,152,51,176,31,225,115,250,248,97,177,26,235,248,58,201,168,42,120,221,227,129,145,85,223,150,76,26,6,166,224,87,97,208,201,180,240,25,123,213,109,31,158,108,116,225,16,69,129,9,178,15,153,137,75,221,38,184,133,159,48,247,153,11,207,48,63,24,143,90,227,148,187,114,21,33,131,129,115,90,194,33,137,208,0,132,206,150,120,48,105,197,175,12,181,78,211,23,48,247,104,65,140,207,23,152,74,246,230,246,10,189,191,125,140,72,138,114,160,141,131,29,59,181,199,197,38,154,133,245,210,22,27,96,186,60,224,159,162,110,14,246,195,37,164,63,202,153,205,174,173,158,118,122,198,36,217,183,52,156,161,18,152,66,11,93,152,230,195,13,171,193,59,99,102,140,28,71,83,192,154,190,89,164,126,82,26,39,217,32,106,26,179,242,65,238,158,57,153,96,130,97,161,139,135,52,5,95,195,216,243,29,51,188,217,128,44,118,103,86,54,220,220,165,207,2,138,36,211,211,2,243,195,22,92,151,23,161,94,2,149,105,137,11,130,181,128,119,145,151,34,181,95,206,134,177,235,117,195,221,178,66,169,243,237,190,120,166,61,192,166,96,251,158,50,151,63,222,196,233,151,56,30,160,46,129,59,165,234,150,112,31,93,28,132,146,247,127,52,108,180,5,180,144,134,218,145,89,33,81,3,24,146,250,168,254,62,248,253,200,29,220,250,235,23,167,111,43,132,49,144,13,110,91,241,226,129,52,228,189,152,119,142,225,211,15,241,110,186,185,47,231,227,52,31,228,69,127,110,90,160,140,197,101,127,97,13,110,28,193,13,54,198,61,140,171,34,124,221,143,146,66,4,180,143,179,20,164,171,133,81,198,239,251,139,52,37,105,24,110,69,139,51,152,90,120,193,208,14,223,41,79,46,26,220,241,8,120,128,141,4,106,121,193,73,140,168,90,186,7,38,217,3,122,63,249,4,245,33,243,97,111,21,68,148,108,136,228,102,74,24,64,71,190,59,177,131,43,238,243,133,36,4,219,90,101,26,209,173,35,126,1,217,127,215,164,36,178,30,73,234,247,90,228,63,21,209,167,85,243,98,238,147,184,238,190,51,174,197,38,170,129,10,98,110,60,141,60,56,40,1,247,21,119,21,166,40,161,90,24,142,68,218,211,101,104,26,35,53,131,0,136,177,53,114,41,106,69,204,101,152,94,60,220,203,102,176,217,220,205,212,180,233,216,58,182,43,120,40,152,170,171,55,47,247,84,232,79,51,253,198,199,63,90,132,148,220,241,45,173,217,160,53,248,37,0,234,212,152,88,79,137,44,189,21,62,24,232,133,66,252,212,168,182,79,156,110,98,2,98,87,56,27,236,107,181,144,243,50,230,170,61,89,96,94,174,186,145,103,154,158,16,143,127,103,149,195,20,50,196,219,166,60,201,219,2,26,148,29,174,31,150,135,222,188,233,190,254,123,29,227,189,72,244,106,126,246,96,149,44,123,197,23,149,143,26,14,202,138,80,211,227,227,63,151,100,150,164,231,220,198,142,245,106,119,230,132,215,245,244,5,18,101,225,38,242,127,27,137,66,206,47,213,47,143,45,63,77,71,42,42,106,234,222,34,177,149,183,72,82,59,10,52,16,191,43,196,9,229,47,227,222,3,240,235,23,204,58,139,187,93,100,150,39,220,118,190,222,49,127,49,71,212,150,57,78,87,162,232,236,132,146,141,220,249,184,174,148,229,65,226,245,63,137,172,124,62,161,143,123,71,251,157,17,249,121,124,102,100,198,155,177,227,0,86,170,116,156,74,223,111,19,35,173,118,34,121,177,87,113,233,120,145,213,26,56,152,89,19,103,149,5,240,68,168,233,9,1,226,79,103,7,84,19,190,68,129,180,144,107,192,151,156,141,191,71,18,254,105,82,222,184,203,134,56,233,64,254,226,22,24,248,197,153,145,68,121,73,214,67,109,166,172,123,23,87,210,159,227,108,252,77,78,145,208,167,171,55,127,110,230,127,18,241,148,214,178,92,105,30,142,43,195,45,194,247,78,232,240,214,95,34,193,101,135,130,205,163,48,103,177,101,87,171,228,151,14,186,146,17,124,225,94,223,152,3,3,137,252,226,53,235,181,252,98,21,84,133,5,149,116,233,244,9,251,14,242,93,200,83,173,122,168,115,6,216,240,235,85,174,243,61,58,254,63,107,25,63,254,108,239,135,205,154,225,188,28,210,3,166,205,154,15,153,234,247,79,22,175,131,85,247,65,240,176,101,205,187,43,24,254,209,233,245,232,140,179,138,21,84,108,9,114,19,188,178,251,88,151,52,123,120,103,252,24,8,156,65,50,170,23,87,61,103,219,61,234,210,118,57,171,182,242,20,132,74,160,2,160,217,151,36,88,163,109,117,155,139,202,157,221,33,104,199,74,94,154,254,242,217,210,119,249,129,31,74,243,152,119,104,147,8,108,34,69,98,27,34,149,131,229,163,97,227,36,189,24,18,91,213,32,68,122,16,226,63,123,155,88,221,96,240,249,95,128,186,142,235,27,51,194,205,65,82,226,19,212,64,161,135,106,127,225,135,67,176,160,219,225,255,40,184,238,206,27,230,253,11,198,189,209,101,176,3,93,48,41,159,189,7,19,243,108,198,249,218,147,42,192,97,94,229,147,181,246,52,102,226,54,228,246,162,44,210,195,15,4,97,50,78,11,175,59,147,12,25,72,181,7,119,111,29,60,110,99,37,248,129,90,201,53,197,42,38,117,238,127,148,93,42,43,84,180,116,182,149,162,243,101,204,252,190,150,106,91,218,155,34,23,211,157,75,207,108,175,244,148,142,79,105,213,189,196,125,235,253,87,63,232,73,171,112,88,17,48,169,179,233,95,210,223,18,45,0,246,21,193,67,158,249,120,251,172,46,183,110,156,206,137,103,245,199,73,39,77,11,43,61,234,119,67,121,148,204,42,179,160,71,225,57,118,120,135,6,64,116,247,116,32,158,14,70,175,120,59,244,188,132,139,206,58,112,114,102,104,125,3,24,227,167,96,143,4,56,62,22,16,120,90,74,199,138,240,248,59,230,233,35,191,31,53,78,189,131,76,203,42,29,165,159,210,184,42,129,237,190,200,104,151,202,37,26,135,194,198,101,111,74,227,147,181,77,240,82,228,16,246,93,67,11,135,134,213,235,43,167,248,16,236,76,86,15,239,42,163,80,134,136,168,206,96,213,136,152,108,2,39,189,209,231,59,234,87,40,125,169,114,187,112,238,141,0,181,17,93,189,193,233,125,11,67,185,143,189,38,85,58,71,9,232,139,234,35,27,28,99,239,203,89,209,228,12,146,153,238,93,245,159,234,55,241,146,6,207,17,159,59,155,6,190,178,124,55,40,104,205,121,188,31,216,197,149,84,131,248,19,88,73,39,64,1,81,127,131,236,233,150,35,238,61,206,212,102,249,33,39,137,120,232,150,24,135,175,36,242,240,118,64,249,85,237,209,113,9,3,101,143,74,92,157,255,45,232,50,131,146,166,65,138,138,202,32,11,142,147,160,67,136,157,208,191,224,31,222,224,242,181,157,51,12,103,212,106,18,182,77,102,201,255,219,166,59,48,243,129,62,166,104,124,58,36,45,22,235,209,119,96,81,27,6,79,52,156,115,48,26,195,74,217,254,188,118,250,72,55,111,63,228,215,4,43,224,247,195,159,161,26,126,6,49,112,250,146,125,241,149,207,87,51,133,21,197,227,88,81,199,176,127,46,34,227,140,34,44,38,82,153,232,13,220,9,108,202,213,184,39,107,85,171,213,62,94,189,149,76,187,98,111,245,92,25,219,171,34,172,88,45,33,190,199,177,156,8,174,161,148,181,0,110,199,66,137,65,15,244,216,37,8,213,135,241,73,235,246,91,26,25,8,205,167,106,2,54,97,191,49,34,27,70,89,239,92,33,37,19,110,37,150,155,83,6,116,230,98,119,18,51,116,225,244,155,83,236,59,196,206,204,133,47,12,206,156,5,201,34,139,193,246,8,169,197,74,198,168,248,98,230,251,148,168,101,27,213,114,45,112,18,255,194,167,28,133,141,71,163,229,92,197,249,42,5,53,198,192,196,52,74,184,227,252,175,97,222,133,16,184,9,161,97,119,161,230,187,53,133,180,97,53,117,71,130,78,195,98,207,77,132,54,61,71,206,96,188,81,133,184,132,8,173,57,225,89,8,158,157,226,13,215,154,232,48,87,187,29,202,71,206,29,135,160,245,73,202,194,28,55,253,171,41,41,70,224,254,93,194,3,208,100,198,122,13,146,97,181,187,1,3,42,252,95,124,15,228,199,86,61,206,130,138,146,214,97,7,20,219,220,52,34,85,194,100,45,145,172,85,202,102,187,131,196,245,234,34,38,137,31,35,222,214,75,149,36,60,92,240,49,188,125,111,176,78,255,41,113,217,249,142,19,226,66,253,224,138,118,125,89,219,227,204,119,18,178,158,74,171,138,169,225,14,190,232,6,178,172,202,76,3,0,183,202,146,55,38,88,202,151,241,223,89,98,90,81,251,206,220,62,90,16,127,246,94,68,209,106,129,244,40,136,196,122,12,79,198,38,149,118,49,67,24,175,22,153,175,112,127,2,17,104,183,88,108,0,195,125,39,80,105,213,248,74,155,192,51,125,133,89,0,223,128,35,182,231,188,53,174,202,101,162,94,8,29,121,249,227,66,250,83,217,5,203,38,56,42,235,102,219,130,225,121,4,124,60,175,76,42,228,35,211,50,124,116,8,113,214,17,13,60,195,117,90,90,178,44,26,244,78,134,61,54,12,129,39,114,116,139,148,125,18,255,209,85,36,226,216,122,19,135,146,55,236,54,21,223,28,48,65,109,90,198,8,202,36,136,234,206,40,213,11,229,233,9,111,237,238,224,165,200,157,140,60,251,16,100,199,168,167,253,194,99,159,95,173,41,241,180,1,142,91,59,71,151,31,140,112,71,10,192,1,81,31,7,72,208,248,107,94,58,70,58,147,226,192,70,103,137,118,144,89,28,55,99,22,4,62,109,61,85,235,221,182,100,159,7,3,164,33,134,125,236,207,152,116,150,62,42,221,71,17,101,81,9,48,21,246,26,51,57,210,78,164,221,105,213,145,95,36,70,212,29,228,49,5,44,244,1,131,95,105,54,74,117,80,58,58,47,35,195,214,85,42,206,46,151,111,233,132,59,191,250,225,12,157,137,131,128,245,174,151,251,150,144,49,28,54,241,113,147,9,216,45,208,9,11,210,240,81,157,188,70,97,36,49,244,138,141,56,142,74,105,219,98,56,151,152,111,129,209,130,156,234,43,186,179,204,88,109,66,120,30,70,223,192,145,35,216,96,218,169,84,121,198,167,144,187,108,201,123,197,195,191,122,22,34,51,113,157,32,145,31,132,11,152,180,161,26,38,71,12,107,238,232,18,160,241,81,99,83,36,190,191,69,247,161,142,224,61,25,118,33,58,210,77,83,253,253,216,180,135,205,142,106,130,142,102,91,98,1,85,158,140,121,151,37,254,87,174,237,159,30,90,200,4,203,228,200,63,115,123,210,122,73,238,188,8,197,136,8,199,24,87,56,183,213,200,177,199,254,94,206,177,118,195,155,243,141,209,44,118,151,83,209,206,177,24,184,211,158,152,239,144,60,232,44,121,89,168,71,22,57,243,234,226,114,172,172,164,249,53,220,14,180,188,77,106,156,79,239,44,91,232,173,120,172,102,210,138,75,197,116,81,102,168,206,104,108,180,201,4,11,183,69,143,222,102,102,91,208,14,140,7,170,199,110,231,167,226,29,224,78,35,171,226,133,132,17,35,38,89,150,197,123,124,86,165,96,36,48,152,220,38,252,248,111,31,101,210,243,227,130,253,208,246,96,50,211,95,123,132,44,3,70,67,181,47,0,221,108,246,48,118,63,42,116,224,136,205,43,73,197,105,250,243,181,103,222,32,180,191,238,213,253,188,127,213,172,44,9,23,7,78,203,137,157,11,10,132,99,150,124,239,157,212,210,167,19,81,46,99,113,61,41,220,89,35,158,44,68,5,241,157,8,213,167,173,170,84,0,159,107,61,15,152,16,14,70,196,47,219,214,118,104,225,149,92,121,76,24,239,86,176,220,190,245,207,165,145,224,7,68,237,194,109,79,173,61,53,49,119,206,183,173,109,62,58,88,198,42,213,173,113,39,48,71,6,132,192,248,159,122,44,11,103,156,21,168,3,24,203,167,146,2,122,35,97,71,61,133,21,188,205,64,86,7,87,243,91,242,190,195,198,29,107,81,87,125,1,191,178,17,6,219,241,5,35,57,173,154,64,222,215,91,91,98,73,70,217,243,137,42,119,241,19,124,191,253,187,70,35,217,35,6,186,179,24,241,49,32,92,75,18,127,201,204,33,215,136,63,228,31,51,73,140,16,58,151,212,179,77,54,89,127,55,249,85,125,101,169,84,182,192,36,24,46,162,184,49,218,238,113,54,198,194,182,163,145,49,68,55,62,111,40,239,251,218,227,191,251,187,20,39,223,142,27,105,116,180,105,216,203,234,161,24,97,47,81,87,182,46,84,80,123,240,149,245,81,33,62,218,4,131,215,54,101,186,219,30,233,245,151,3,116,13,133,79,134,248,244,236,163,249,237,127,190,193,23,8,219,109,49,209,118,170,172,172,172,203,143,253,48,122,195,128,157,16,192,88,24,110,79,82,33,175,198,82,182,68,157,82,127,105,96,203,127,231,190,150,231,111,33,27,48,110,255,109,144,201,172,180,244,30,109,137,199,69,100,234,85,1,250,163,142,119,156,241,84,115,35,44,29,131,223,19,136,229,69,222,22,47,66,33,162,139,169,212,177,134,205,110,32,236,226,56,90,202,9,9,132,5,54,30,95,27,76,206,37,228,153,41,71,66,117,168,168,171,249,169,16,240,210,221,23,48,25,218,232,2,166,104,44,138,9,242,203,2,205,240,242,176,186,133,21,222,106,228,190,61,159,154,191,41,120,222,10,66,107,126,207,129,24,114,97,48,236,72,134,213,128,158,239,28,140,149,142,244,82,196,5,7,73,152,126,26,138,41,84,2,69,150,82,245,142,210,123,140,238,183,7,196,65,42,62,220,86,231,206,17,89,178,96,140,24,95,138,0,32,36,55,83,179,212,87,0,155,178,108,15,227,92,87,234,218,97,20,107,87,219,44,95,79,207,80,21,162,226,236,188,29,148,89,121,175,167,31,44,30,88,74,133,69,15,190,64,253,208,153,49,143,213,154,102,179,109,195,152,221,95,164,127,106,178,127,78,32,150,77,182,243,108,210,202,45,121,36,33,216,102,229,215,79,99,249,59,172,56,216,146,161,210,212,108,63,182,100,60,163,35,192,233,165,159,219,28,63,170,180,51,59,74,148,248,78,176,30,106,2,29,204,20,25,14,53,173,176,26,241,105,156,26,42,128,189,47,187,109,149,213,36,254,75,58,79,194,91,187,9,48,127,158,238,175,169,78,166,227,4,250,94,35,46,153,215,51,114,190,250,169,145,220,184,179,34,186,134,85,78,39,115,168,188,133,192,137,252,240,129,242,194,205,67,15,34,142,172,99,111,71,21,114,55,129,9,61,231,164,115,248,73,254,21,118,106,95,110,103,204,243,186,41,243,254,247,238,123,85,12,224,216,1,153,112,3,135,244,59,227,217,9,229,238,92,101,198,224,1,78,227,254,141,40,16,213,59,250,98,252,139,107,255,28,17,194,28,167,237,184,120,151,53,19,178,44,137,88,152,140,96,106,160,103,207,140,70,139,126,172,76,132,173,180,147,19,151,60,174,6,124,190,232,79,112,91,78,136,62,150,137,230,107,13,212,244,188,188,54,221,122,111,148,159,115,134,44,147,166,247,168,17,151,52,252,196,73,22,150,247,210,54,76,155,135,207,245,139,60,89,238,164,102,220,160,221,191,177,100,223,248,253,35,172,154,100,91,69,196,109,73,121,55,70,188,63,9,92,220,9,69,105,90,46,211,76,2,193,95,19,133,86,113,224,36,24,239,96,30,172,45,238,66,24,63,45,102,200,156,106,110,39,12,62,28,147,89,148,122,11,21,112,124,246,243,169,46,48,102,25,185,66,209,175,92,44,229,35,197,50,39,231,94,193,231,231,63,134,168,3,156,58,88,238,106,14,52,161,76,126,162,128,126,185,118,50,183,228,153,45,161,29,229,146,225,209,63,9,210,39,228,19,67,207,236,196,118,98,21,121,80,204,110,120,130,157,72,200,235,252,126,36,246,96,55,183,4,102,182,244,205,200,75,252,154,177,88,220,156,12,137,11,26,179,202,227,9,87,93,168,51,156,23,66,169,118,73,171,165,202,251,160,173,122,237,16,4,180,212,185,17,115,112,18,50,102,138,10,30,231,123,179,242,208,235,81,86,139,184,114,126,79,38,87,115,120,58,50,250,195,134,68,26,139,141,211,92,17,134,10,121,199,92,142,58,89,113,104,80,119,123,17,187,179,15,190,20,95,252,16,42,198,121,81,37,28,250,86,232,89,185,162,12,248,109,74,171,29,105,118,225,134,227,200,123,211,191,159,15,54,40,47,34,15,220,117,63,192,202,223,222,188,48,13,223,202,208,123,177,100,61,210,184,22,153,148,242,49,28,7,197,141,53,95,140,158,218,151,88,45,111,116,99,188,25,135,100,28,207,201,85,117,195,33,255,148,128,214,56,223,115,238,249,65,146,40,239,33,202,255,27,235,197,174,57,230,144,236,131,241,165,226,95,63,189,63,71,241,51,238,13,124,113,52,219,235,149,192,105,14,60,229,247,34,111,124,238,14,171,95,209,217,28,38,52,216,109,204,138,69,160,173,141,231,98,154,113,18,216,19,109,191,178,50,184,207,99,73,29,194,187,113,110,233,235,209,123,171,235,10,219,197,120,62,233,168,177,106,217,90,240,102,203,18,71,176,243,137,156,69,235,91,59,101,28,55,39,82,77,87,181,254,154,77,100,37,43,112,229,125,126,149,111,206,81,129,167,226,212,73,83,83,225,188,127,42,17,147,65,107,12,56,185,132,157,57,14,223,166,37,216,111,238,41,51,29,155,166,83,145,251,152,81,190,53,171,151,110,200,55,140,8,28,38,17,216,200,189,119,139,34,139,251,149,227,112,84,170,98,154,161,5,115,246,27,26,57,204,18,154,5,147,103,109,167,191,3,238,97,77,199,192,62,245,117,182,126,90,3,231,139,136,110,44,243,207,86,159,4,82,35,41,37,20,151,62,10,127,112,125,195,113,124,179,141,173,150,177,62,81,33,109,93,193,44,72,84,230,95,200,230,134,166,255,152,148,201,236,107,122,83,86,40,101,119,218,42,56,124,251,1,112,225,83,158,231,35,210,248,9,139,101,100,44,109,211,138,31,88,45,41,226,173,202,88,25,169,8,41,219,166,215,226,53,30,112,97,149,144,136,152,59,130,48,121,194,126,242,103,113,1,115,153,64,156,83,186,117,177,150,120,37,235,12,235,144,17,103,199,130,57,189,220,157,69,161,16,183,130,8,53,143,23,0,77,201,237,86,141,226,24,91,232,103,102,11,200,197,157,57,43,142,28,116,134,216,47,89,212,161,222,200,58,32,24,62,164,118,205,110,52,116,215,26,244,253,154,131,113,154,33,141,171,135,233,43,61,202,132,118,116,47,198,150,116,43,251,241,12,201,50,15,248,93,222,199,193,71,228,237,47,95,21,51,168,41,185,148,124,70,143,200,114,16,140,237,102,195,29,45,46,223,140,129,128,48,150,33,150,120,114,224,115,101,139,196,127,80,44,203,218,132,199,254,223,77,40,49,137,211,81,50,55,18,237,133,5,47,67,164,249,217,43,105,135,53,54,241,137,6,122,148,122,171,23,117,193,205,147,193,136,97,198,39,34,6,70,51,61,101,221,199,36,4,121,132,239,33,194,12,240,198,214,214,116,254,91,42,190,152,9,30,87,92,135,246,190,82,137,45,253,15,38,70,17,85,76,201,164,76,23,188,153,9,178,51,221,76,108,198,203,116,44,43,211,99,1,178,26,28,97,11,27,103,250,47,158,97,238,8,42,124,37,190,86,246,210,165,49,125,16,228,23,204,140,164,139,130,92,138,135,91,181,222,233,100,101,165,117,246,197,119,115,184,90,83,139,145,10,16,65,111,144,111,210,200,44,171,199,27,44,196,166,72,69,64,40,143,165,231,180,99,8,31,217,25,72,190,252,121,172,0,209,172,175,171,18,255,204,70,63,157,66,28,2,80,135,2,153,245,127,41,219,49,218,190,239,252,121,49,153,125,94,215,113,132,163,13,22,152,238,200,184,37,124,106,45,137,107,13,95,249,195,139,118,209,156,140,5,13,25,103,93,81,165,227,147,56,54,52,231,173,122,204,4,249,216,4,177,80,89,236,29,80,231,76,88,102,172,85,3,76,182,17,254,214,25,235,74,123,176,156,90,158,169,132,233,106,35,39,52,111,125,185,25,112,20,19,223,34,244,6,176,103,227,58,53,50,5,37,107,70,18,50,23,39,150,125,232,19,75,94,89,221,92,158,161,5,198,52,206,86,53,242,69,147,139,45,38,89,229,204,183,244,146,13,206,53,105,234,1,244,28,240,235,253,108,15,45,112,127,64,227,29,46,185,69,78,117,124,87,165,227,204,196,199,63,170,226,74,140,58,7,105,208,176,249,68,234,15,140,13,36,186,80,153,143,105,252,13,76,252,116,71,230,45,10,117,71,139,232,195,131,145,144,228,101,228,181,142,38,69,250,87,196,71,45,208,56,129,189,129,175,241,24,123,58,89,95,167,159,220,23,232,157,60,203,210,186,254,233,67,90,61,18,41,117,5,190,57,155,16,155,130,0,119,232,22,44,15,66,184,232,202,89,253,224,14,234,119,162,51,145,141,113,227,147,105,126,30,0,3,170,51,15,213,214,203,108,165,82,191,248,207,218,202,126,37,226,52,154,224,41,47,5,213,74,78,248,247,224,60,168,137,236,75,100,253,75,191,111,226,39,191,97,223,248,174,11,179,30,190,167,51,224,227,240,5,193,106,83,8,69,215,1,216,90,200,18,56,95,42,104,65,16,4,14,92,93,14,67,192,242,100,45,90,41,159,176,124,181,163,22,107,33,48,137,127,246,50,91,87,163,92,37,229,146,185,242,1,176,1,55,251,243,16,29,92,174,40,173,240,35,123,222,80,125,205,120,137,45,187,134,248,163,155,127,162,120,92,127,14,165,166,48,181,65,129,149,39,20,199,58,31,173,185,26,57,193,168,199,133,58,4,163,167,33,116,202,89,170,161,47,56,156,228,145,26,236,141,141,248,210,164,181,93,185,76,25,27,113,152,243,189,168,16,25,197,70,149,39,139,141,221,15,72,64,104,42,64,185,16,128,91,86,119,139,234,189,50,162,95,191,139,149,153,21,165,1,198,76,63,70,158,48,214,4,49,106,67,1,15,140,118,207,174,164,78,17,29,201,65,250,118,34,29,139,30,94,202,129,207,161,127,146,99,80,151,180,93,191,97,39,17,89,209,91,45,41,196,152,142,63,99,195,12,14,126,65,226,152,164,74,6,224,198,77,212,207,176,218,217,240,6,198,20,27,235,37,188,175,139,77,236,25,150,139,102,224,136,152,200,197,221,27,131,120,90,162,44,109,8,64,73,251,127,32,98,151,104,212,146,101,252,247,102,44,167,226,176,134,73,29,54,212,91,242,97,14,241,199,234,81,114,27,156,250,207,124,156,77,230,151,161,210,247,176,4,87,111,154,249,173,144,57,92,24,80,218,39,15,189,29,109,122,95,196,95,125,14,113,242,191,158,14,165,46,152,84,235,143,94,20,179,6,114,56,239,177,202,13,157,169,76,236,28,134,138,207,133,40,162,174,207,93,249,157,62,164,84,21,154,63,187,133,93,102,243,200,5,231,60,214,27,186,179,228,145,65,152,232,238,186,11,117,177,117,23,211,129,102,181,139,204,177,224,173,214,228,116,185,138,47,192,77,240,117,253,196,223,199,54,236,180,235,237,65,12,214,248,126,79,169,72,214,163,214,145,231,254,183,244,52,170,224,106,119,215,69,150,192,62,125,245,77,92,113,94,219,88,215,10,197,64,130,190,229,234,238,218,221,217,234,169,125,145,10,67,229,236,140,74,39,128,223,2,184,249,102,209,134,196,3,39,200,54,241,106,195,124,22,44,71,43,49,223,162,38,30,190,91,87,84,241,39,217,42,237,193,163,113,245,184,149,38,149,186,137,93,105,219,144,147,111,28,94,250,168,146,37,181,248,207,170,222,99,73,117,237,9,57,220,87,38,15,165,41,25,192,222,70,249,171,139,151,158,82,117,80,56,231,214,203,254,163,42,247,63,22,206,246,83,226,138,45,109,161,89,220,48,148,78,247,243,142,155,228,209,127,94,127,153,145,83,215,24,146,179,130,199,99,171,105,104,148,108,139,192,221,78,49,183,90,188,179,121,24,233,100,97,165,195,178,123,246,169,151,92,148,159,186,42,179,168,187,143,155,183,137,255,83,95,228,57,220,69,207,79,126,88,8,185,193,185,242,131,62,208,42,184,218,59,181,45,202,175,37,163,83,183,56,195,89,117,92,79,136,105,155,173,87,203,163,220,126,230,253,158,100,162,217,197,89,133,139,33,151,67,128,233,150,183,167,81,88,32,192,16,216,177,50,48,184,193,101,102,62,135,234,76,74,207,170,252,90,33,108,44,138,96,68,112,5,172,42,210,199,36,29,63,85,151,124,2,34,218,197,224,144,199,86,50,201,150,95,143,9,98,89,63,231,192,208,220,178,211,215,158,78,206,231,81,181,32,137,128,7,129,208,248,206,200,146,67,191,101,164,96,32,37,23,232,49,121,111,226,224,132,72,241,70,168,142,59,250,42,74,254,131,69,68,175,51,139,120,64,176,65,224,42,96,18,215,2,212,166,244,171,3,222,164,93,214,74,104,56,112,95,142,62,139,8,121,24,9,39,166,26,10,46,150,125,90,229,89,41,194,102,131,238,127,106,93,186,84,106,88,241,244,77,150,195,132,201,151,100,15,27,196,197,177,11,90,103,170,81,209,138,178,121,221,67,109,249,24,13,172,253,39,85,92,155,49,107,179,191,12,71,255,48,217,108,246,210,223,102,117,164,0,161,2,19,111,123,112,247,220,6,11,39,253,60,253,50,90,80,22,217,161,84,220,147,250,4,244,239,76,26,219,88,25,114,14,89,80,160,214,139,53,224,206,197,193,70,44,44,227,58,62,224,39,108,10,61,1,229,185,235,120,102,50,227,80,41,205,219,138,126,14,27,161,241,75,87,122,92,102,71,164,2,57,132,244,2,2,131,37,164,1,50,216,92,183,153,229,201,170,31,100,2,79,89,125,90,86,50,167,42,39,185,215,20,18,125,150,116,110,128,213,27,59,74,12,34,154,165,180,97,222,178,51,76,23,68,185,164,29,230,56,92,11,207,234,206,103,78,17,109,145,19,83,75,78,47,59,217,219,49,101,161,88,168,250,8,64,245,110,105,226,181,44,24,236,50,163,79,88,98,208,16,187,22,210,35,186,205,165,15,108,188,17,182,45,214,118,210,110,116,0,41,159,216,241,251,166,181,47,72,5,177,130,59,140,176,119,128,129,55,31,92,147,229,138,151,127,106,120,188,86,123,8,139,105,171,124,168,26,88,119,152,182,176,107,104,0,121,206,236,106,42,198,19,220,139,117,164,233,41,216,74,32,95,18,148,207,162,30,219,160,33,133,211,27,19,137,2,227,179,188,123,83,57,104,16,116,222,151,150,244,180,62,179,212,101,101,3,215,50,25,237,24,17,47,152,27,207,196,74,84,69,81,134,189,61,240,139,73,92,37,98,250,62,222,83,211,67,10,20,166,206,164,26,72,203,41,53,117,20,181,99,93,1,46,96,242,107,93,120,132,188,198,27,223,10,22,145,96,160,48,128,177,115,167,233,132,168,177,34,89,181,208,34,59,249,81,131,89,138,23,48,213,189,30,98,6,122,162,98,20,155,137,31,248,176,123,246,138,36,147,246,4,153,143,9,71,18,123,159,119,160,36,89,68,249,141,231,222,124,112,77,136,167,70,27,18,215,86,125,184,5,16,242,146,188,3,102,243,252,51,232,176,94,160,241,193,52,194,112,174,142,41,73,89,60,102,39,23,16,215,247,37,39,225,152,102,146,239,141,101,197,217,79,155,74,125,162,230,56,190,15,244,121,130,9,3,101,1,238,233,186,12,40,126,208,186,81,199,211,65,72,105,193,227,192,119,129,134,168,199,242,247,21,153,48,30,21,88,42,71,63,174,154,14,65,61,134,200,142,240,227,131,139,11,236,30,176,192,18,246,235,103,222,242,144,120,223,251,241,116,9,99,219,181,115,62,34,171,150,163,144,202,217,100,63,201,158,97,14,215,141,108,13,59,121,113,239,209,180,13,246,190,11,235,214,171,160,17,39,166,184,150,175,144,165,27,153,129,85,160,112,92,244,17,148,21,110,121,201,132,174,103,138,159,239,46,37,193,16,1,46,237,79,1,97,4,37,105,27,126,123,200,20,93,104,148,214,86,94,133,250,33,37,223,128,203,21,117,168,206,172,45,195,251,155,59,41,60,213,80,154,160,206,81,111,233,83,236,5,216,129,71,247,170,246,61,60,176,168,153,237,68,151,22,82,108,49,227,52,186,196,174,84,64,176,192,23,193,224,78,0,231,33,56,107,10,170,141,100,141,81,223,199,162,206,122,174,117,231,199,75,125,53,74,135,51,182,230,33,108,103,156,99,196,185,38,123,251,15,33,163,230,109,157,49,133,237,212,162,77,201,116,218,149,51,79,143,39,126,121,149,76,75,118,36,50,38,119,52,228,148,77,149,181,206,58,176,202,36,121,112,54,134,207,52,47,28,185,3,207,237,225,176,61,97,236,153,17,221,190,157,63,111,31,181,52,46,179,47,110,35,171,206,35,16,51,157,232,226,16,155,0,197,59,146,141,127,154,168,50,67,123,5,6,183,47,238,210,175,69,93,154,251,28,60,109,93,221,14,215,213,104,192,208,172,9,107,16,47,111,103,105,205,70,235,23,157,128,246,13,155,77,100,52,211,57,212,212,227,225,210,77,93,201,247,253,128,254,143,81,117,127,44,123,214,150,119,155,235,142,54,168,230,71,158,92,31,88,93,214,79,93,98,47,175,47,36,252,204,193,123,73,253,154,116,14,71,97,216,177,125,231,176,151,209,90,192,162,116,23,217,129,243,107,165,204,87,229,218,190,233,57,101,196,233,246,80,163,223,123,40,244,199,159,171,165,203,1,83,113,180,246,240,180,56,99,187,11,56,36,230,233,120,8,15,23,34,111,157,144,43,14,253,230,199,148,89,213,110,250,57,133,10,159,75,242,7,94,56,164,197,136,41,91,140,2,148,81,220,65,160,37,66,157,134,157,63,149,23,44,232,92,237,105,150,50,227,31,129,161,164,189,36,44,227,163,239,173,245,235,176,125,50,137,41,10,55,28,122,121,190,108,167,47,136,39,91,107,41,118,203,17,2,148,223,107,204,66,35,67,216,9,141,128,75,172,232,243,112,19,148,251,198,84,253,80,183,119,29,252,195,208,252,148,43,50,103,29,41,150,75,7,250,225,69,88,181,146,73,66,103,203,22,157,53,92,161,211,75,25,30,199,162,2,161,45,231,30,162,143,252,65,205,64,33,190,193,49,62,244,181,97,247,163,176,219,49,168,55,215,144,185,163,164,2,96,229,169,55,200,181,149,125,224,225,22,129,117,192,72,190,174,234,112,160,155,135,10,185,170,68,113,219,166,248,112,163,235,245,101,199,208,225,163,17,244,177,207,38,98,82,194,111,69,124,46,71,110,210,190,12,201,167,250,146,171,21,50,122,132,169,52,241,12,160,115,204,215,78,127,50,202,119,164,192,126,19,10,92,192,34,208,14,225,7,120,213,37,231,98,122,254,140,232,217,248,155,145,247,136,89,95,217,218,21,76,25,185,71,204,12,40,13,83,226,107,168,70,26,74,125,36,18,125,1,48,17,221,178,230,17,39,129,188,30,1,204,211,172,246,14,95,48,12,117,204,124,158,113,47,250,181,121,11,238,145,110,44,200,106,204,183,36,18,42,28,217,4,31,184,26,91,216,130,140,154,49,95,252,123,5,200,164,155,233,13,99,221,109,1,177,24,113,111,200,234,3,247,162,182,137,44,236,4,31,126,130,155,119,30,244,102,77,200,188,190,192,241,172,45,109,12,157,232,105,180,204,165,104,125,179,185,12,57,16,159,212,229,206,161,12,119,85,134,196,144,63,194,106,131,20,117,15,142,197,240,161,148,231,194,183,78,101,26,232,117,25,60,233,122,42,9,12,189,74,35,177,64,124,63,134,88,175,197,12,182,174,34,156,228,201,237,35,61,45,21,174,227,121,15,127,145,164,157,52,159,157,34,249,200,102,156,61,166,113,152,2,110,46,52,173,180,225,134,201,33,154,27,210,195,83,211,166,86,142,131,71,229,25,32,202,146,38,50,139,91,32,180,253,176,89,111,109,62,239,29,113,17,16,72,18,34,81,57,103,40,242,141,115,78,251,167,91,159,104,229,45,55,151,81,105,229,226,84,195,118,187,198,84,122,27,81,131,239,216,18,105,16,90,9,135,234,5,183,214,203,155,43,31,41,104,28,162,70,43,160,135,96,125,189,35,6,227,180,207,199,47,185,52,30,108,108,35,87,11,191,236,145,177,66,14,36,44,193,195,201,123,125,75,225,184,10,174,200,253,28,144,93,23,129,0,71,253,75,95,240,224,2,254,61,212,211,220,12,210,93,232,171,72,83,136,85,85,136,3,172,93,116,58,116,95,52,230,5,22,77,230,143,159,210,197,67,85,0,77,132,87,10,61,254,72,194,148,64,105,243,184,121,122,106,45,39,147,76,93,95,235,202,248,110,251,219,94,13,231,244,132,226,235,184,217,141,231,62,210,190,197,15,236,68,96,142,151,98,1,18,227,226,190,152,128,75,232,231,175,183,184,21,21,32,79,2,221,96,62,28,70,180,92,126,78,137,218,222,147,31,216,140,18,181,143,55,170,150,130,243,242,176,213,219,182,249,30,94,159,144,80,96,206,111,118,91,214,163,2,135,156,167,238,77,213,19,234,244,175,68,130,202,60,140,100,53,131,165,98,77,33,4,172,58,71,143,228,217,13,86,0,224,107,231,189,26,114,26,167,210,75,184,119,237,199,34,180,201,83,245,28,130,181,106,178,87,75,92,152,45,53,5,111,85,133,81,77,131,208,234,48,221,222,17,248,182,209,111,220,204,59,9,115,134,144,222,173,31,40,81,111,54,23,100,82,18,128,54,90,213,35,225,154,13,109,113,72,64,57,201,92,93,52,92,4,97,210,174,56,145,120,214,240,9,82,227,8,32,145,67,84,154,49,15,150,73,95,57,109,121,200,252,31,242,20,241,147,216,166,45,233,0,178,230,135,56,113,208,28,141,188,37,103,182,253,132,209,237,219,241,118,104,142,175,15,119,146,87,77,35,81,114,95,64,37,205,20,61,51,114,20,62,110,75,98,201,72,27,125,200,54,168,225,196,85,12,12,103,234,126,252,133,14,18,139,137,98,219,121,133,30,101,169,247,241,221,244,243,0,27,145,209,235,167,9,5,254,155,48,208,224,22,161,248,84,144,17,54,83,75,11,73,211,153,116,122,118,53,81,216,207,71,186,188,134,66,97,191,176,122,121,91,103,2,153,171,2,127,212,94,113,222,118,117,194,78,97,133,244,75,187,187,67,235,134,68,142,99,24,226,153,244,124,1,102,80,167,133,238,60,95,191,135,77,29,18,133,214,237,175,33,246,225,137,167,23,24,154,60,157,10,214,82,222,123,61,135,230,186,247,194,56,48,120,63,27,106,16,184,24,30,105,250,131,130,178,67,23,185,194,125,173,96,48,177,11,120,38,84,142,153,134,17,237,131,124,119,187,201,197,71,63,229,4,49,196,104,183,38,171,89,7,119,157,172,122,150,165,12,82,128,242,178,8,101,219,155,107,118,60,122,188,55,40,189,151,103,86,15,83,180,235,78,51,20,107,229,120,251,211,20,191,170,49,13,123,241,136,94,8,78,184,192,132,182,176,66,194,135,133,163,223,72,50,47,91,170,219,201,186,39,30,224,121,19,4,144,68,123,171,36,84,235,94,82,49,162,131,145,105,99,128,32,23,114,29,21,128,33,147,251,105,19,187,119,235,6,208,74,146,199,228,37,229,30,57,25,238,81,53,144,251,173,216,8,119,74,17,225,82,59,122,225,232,63,158,226,107,228,116,137,253,155,229,27,85,225,68,214,73,232,219,57,21,10,174,137,101,98,129,140,199,185,127,165,27,125,0,101,49,94,213,222,249,95,161,211,116,205,119,214,73,54,94,165,7,254,137,29,46,162,216,91,83,124,191,153,7,97,229,38,128,161,220,176,75,235,176,140,5,181,113,192,189,9,21,108,137,122,21,99,188,8,181,52,123,17,64,165,184,219,193,161,93,183,214,151,145,124,38,55,106,221,24,192,211,8,244,181,232,112,249,162,226,135,89,30,161,150,150,236,231,168,251,94,104,233,236,113,3,146,230,117,182,29,168,73,70,15,116,40,63,96,85,81,15,62,123,158,185,25,96,73,130,3,45,41,159,201,250,13,104,93,144,61,226,80,22,217,165,255,53,195,0,201,55,218,234,165,116,17,68,253,212,157,106,254,151,58,135,210,201,68,106,17,0,232,160,83,254,227,255,150,3,184,36,48,19,142,154,157,47,159,87,53,222,88,93,38,226,214,80,97,97,143,135,65,11,142,206,28,197,206,104,141,120,22,16,190,237,189,224,53,24,245,43,38,156,143,74,209,141,125,109,143,28,120,120,77,184,33,178,107,246,209,250,13,81,254,152,221,140,217,251,174,60,63,226,64,70,65,137,47,181,67,85,23,104,36,72,158,74,148,214,119,58,249,86,87,38,51,113,125,36,131,39,111,239,158,40,237,83,186,203,248,180,203,203,24,87,199,182,174,82,201,74,132,21,108,110,172,1,43,33,104,99,175,136,229,51,99,100,52,138,90,161,48,228,215,52,22,128,84,31,153,230,232,19,58,244,198,252,67,70,74,60,102,164,0,86,34,208,221,47,70,253,211,102,34,214,129,162,51,238,129,15,244,70,249,124,205,98,164,68,47,144,252,129,80,115,187,13,1,246,130,116,243,28,92,156,205,36,254,255,98,125,206,246,162,69,151,229,222,93,31,1,194,101,214,20,114,214,7,98,42,101,144,227,41,102,116,71,27,84,88,171,58,211,3,250,159,63,81,210,4,158,207,61,252,118,209,11,64,63,255,80,184,198,111,91,78,111,59,144,60,45,98,235,133,172,180,65,5,216,141,78,245,223,239,220,6,110,213,70,20,26,226,22,237,194,82,233,164,55,140,156,113,237,217,153,68,2,44,113,114,42,229,118,138,231,253,76,35,10,232,240,11,218,211,131,145,149,154,216,44,172,215,76,12,2,95,47,187,10,168,231,221,133,145,247,237,218,31,95,101,250,46,137,34,86,58,31,13,104,170,50,64,55,122,17,151,111,135,94,238,208,199,127,61,69,65,24,254,170,94,107,84,88,28,15,170,47,164,75,48,241,241,74,59,97,62,87,107,2,127,132,27,211,8,243,167,222,177,183,79,167,15,251,58,215,243,56,242,149,173,120,109,157,198,79,215,162,14,164,105,226,88,107,60,185,240,74,15,207,51,158,76,244,102,198,6,208,159,43,168,38,120,64,202,117,19,243,226,37,157,108,195,25,181,92,212,198,89,148,233,208,230,100,77,168,211,234,222,214,72,148,203,224,56,48,49,188,82,120,47,247,55,202,119,13,100,250,141,220,77,181,21,157,49,242,161,65,209,42,95,56,162,67,201,95,185,136,174,245,217,77,133,253,137,83,1,27,111,154,24,22,165,239,186,6,30,79,255,117,156,124,45,224,120,154,72,247,72,109,23,81,238,49,124,217,101,198,52,222,102,10,228,238,148,225,162,10,35,40,228,68,179,123,68,60,143,41,79,137,157,248,41,76,244,3,10,158,209,93,116,169,191,230,114,67,145,184,46,51,215,137,10,111,176,148,162,164,73,135,174,111,243,108,51,22,213,61,205,89,100,145,105,128,165,0,255,0,235,43,84,80,48,246,131,208,76,229,253,27,171,232,207,12,143,167,161,118,45,238,2,133,251,73,35,16,6,254,36,147,215,113,51,219,102,21,247,178,88,236,11,28,137,210,10,146,200,17,85,61,69,93,81,150,22,186,204,102,12,224,77,175,99,102,162,22,120,212,58,208,212,86,115,39,4,239,79,9,28,244,112,182,45,144,217,225,187,40,124,20,140,181,81,208,102,236,161,153,135,167,119,180,19,14,211,130,122,218,103,13,19,182,40,83,143,241,207,235,108,69,232,86,13,20,158,167,238,193,119,31,237,221,247,10,102,252,134,217,150,177,101,138,50,49,142,105,31,73,14,179,27,8,69,173,101,145,122,200,19,212,186,64,149,141,155,247,60,180,148,217,14,121,206,14,86,22,140,195,220,92,34,205,226,53,24,49,192,57,31,4,250,45,158,225,56,131,198,4,182,158,125,243,135,239,131,88,80,87,60,128,132,40,47,133,215,50,114,168,104,166,127,181,61,240,169,6,123,13,47,24,30,57,92,132,206,27,216,25,139,104,253,184,198,220,207,0,63,187,160,237,248,202,158,250,238,89,235,35,220,115,144,99,241,73,242,214,159,251,142,214,232,146,1,214,71,30,125,70,227,202,174,27,62,83,213,2,43,172,212,58,73,192,40,161,229,111,77,225,116,49,159,23,173,55,53,185,133,10,32,25,180,167,212,185,144,127,241,202,25,170,71,122,167,23,249,246,96,161,133,137,19,73,151,176,169,102,126,143,181,71,33,175,25,38,220,138,230,186,36,50,210,168,98,88,168,198,116,255,102,134,215,65,199,250,112,114,102,174,155,176,180,33,71,99,219,59,212,37,119,181,141,174,163,0,194,57,95,148,127,66,28,218,254,47,52,82,98,164,78,55,107,225,78,20,28,24,118,19,198,67,77,248,248,103,140,232,30,215,210,153,22,47,52,190,128,106,29,207,22,71,159,45,136,36,209,68,171,213,179,174,205,5,150,197,121,176,248,99,230,157,169,69,96,70,61,213,7,248,53,105,84,131,144,9,108,119,0,165,251,145,16,84,133,36,158,194,128,70,56,176,85,42,225,237,9,247,192,62,37,147,35,231,186,166,79,69,49,72,106,134,169,143,205,52,170,81,219,56,147,44,184,141,196,206,120,107,243,78,205,216,160,180,161,172,138,125,153,27,61,80,83,235,140,133,239,200,169,231,53,253,81,23,191,234,240,128,181,30,81,43,59,1,101,171,25,214,40,250,114,123,132,122,212,37,62,119,215,193,222,103,17,46,158,8,223,125,184,248,118,58,58,142,155,72,54,128,27,17,136,246,166,76,109,133,210,239,148,215,116,177,194,42,9,181,176,92,0,64,43,132,99,52,100,5,137,218,170,146,161,176,80,247,148,11,237,31,41,70,99,117,182,134,134,65,252,202,235,60,17,25,150,74,18,43,239,187,194,199,122,89,167,157,122,165,130,135,249,199,152,56,62,239,178,121,218,166,119,57,11,138,162,167,251,216,124,250,56,243,212,171,42,239,213,20,86,175,193,184,55,109,236,173,94,210,211,139,115,158,135,123,89,245,89,189,123,19,161,214,34,49,199,78,99,166,56,94,240,241,157,44,247,93,163,37,161,255,60,41,152,217,96,175,24,210,170,17,64,34,16,115,195,67,84,222,229,56,166,90,54,170,31,29,2,137,0,203,8,171,240,161,190,60,240,217,4,115,243,255,24,63,73,63,138,47,133,36,8,215,223,38,243,119,175,18,232,202,172,109,69,166,172,68,125,81,103,248,154,5,64,31,214,121,91,97,131,142,17,9,120,138,238,46,115,108,2,88,16,72,227,164,246,174,135,235,225,14,41,54,66,240,118,249,206,100,243,179,219,154,215,30,36,74,13,189,132,164,47,128,127,57,98,176,204,253,247,223,137,68,158,179,232,52,248,181,192,211,175,232,107,182,73,147,215,65,55,161,129,82,76,166,171,19,169,24,225,113,132,204,62,145,18,18,77,79,44,167,24,78,127,243,174,73,192,86,161,216,104,127,82,101,72,240,140,134,237,65,194,249,143,41,214,92,169,255,2,236,139,102,172,151,244,198,17,234,125,205,160,61,87,97,56,126,241,16,156,53,2,243,76,227,58,173,165,17,236,38,142,35,237,235,216,151,52,106,57,31,0,251,217,88,76,177,230,138,223,97,46,231,187,116,138,26,35,106,58,245,76,28,28,94,101,18,6,223,78,131,133,63,49,236,70,74,18,175,149,54,243,168,101,98,179,94,33,21,56,37,81,64,151,63,31,123,15,44,105,96,73,167,42,154,190,86,255,202,26,23,11,217,36,139,198,122,200,108,74,186,114,177,129,183,42,137,252,195,95,11,116,15,28,22,74,200,100,221,251,134,170,224,71,250,101,12,232,17,100,168,235,31,95,151,213,81,220,143,174,89,123,94,226,205,95,70,132,118,89,63,85,133,135,226,236,221,63,178,2,236,46,68,61,244,199,234,237,12,102,236,49,168,25,111,59,203,125,13,21,248,11,50,73,216,168,68,165,191,101,130,47,88,126,1,220,21,4,57,110,81,33,17,226,229,209,250,213,229,68,239,84,84,165,31,140,112,242,44,225,29,220,109,19,17,76,43,20,201,241,227,14,239,44,119,203,78,196,119,178,33,150,204,225,115,246,164,141,104,129,127,7,229,225,207,200,66,167,105,147,17,223,216,101,64,235,226,255,230,123,193,116,120,249,76,182,231,117,152,193,87,195,57,48,196,96,87,80,121,153,97,245,192,48,85,151,235,172,122,163,62,224,58,209,224,63,229,102,177,222,167,183,243,59,219,170,95,86,196,103,168,145,148,199,225,218,118,36,135,113,98,4,144,231,176,166,107,250,53,159,116,175,250,56,135,27,16,174,214,181,234,98,70,25,96,158,76,169,236,178,209,61,150,214,118,80,163,143,124,156,27,61,193,179,246,60,19,211,113,139,220,148,10,120,79,116,171,225,108,142,198,170,137,88,164,188,67,103,15,1,88,157,7,168,54,32,134,192,94,37,67,7,211,25,233,227,130,83,142,127,130,183,27,11,74,229,180,184,60,69,227,143,140,56,178,3,81,2,90,241,175,164,108,76,37,14,179,223,148,69,179,12,206,217,200,243,203,228,2,112,97,206,210,30,98,92,192,214,102,126,142,17,107,243,62,123,112,12,88,108,30,175,242,255,73,140,171,18,114,6,142,85,68,163,221,28,9,224,208,98,82,195,57,89,245,88,96,233,199,255,249,248,75,13,243,124,252,156,241,30,226,252,44,242,135,171,158,184,136,48,184,18,139,183,80,124,237,163,11,90,106,172,114,230,16,32,157,66,35,22,44,53,70,96,27,165,220,116,78,169,57,54,32,87,75,50,174,106,255,191,226,139,191,236,120,252,132,2,183,86,17,79,183,11,217,130,120,52,118,56,14,174,154,160,176,254,54,195,181,176,26,198,212,167,222,15,106,63,234,209,96,112,35,139,32,58,136,65,242,196,58,2,217,137,167,247,201,60,208,19,4,204,106,69,60,239,151,170,138,255,31,5,204,54,252,41,219,230,203,108,134,81,67,240,230,239,78,195,217,90,189,155,185,71,216,79,229,143,20,236,199,82,234,221,37,26,119,144,43,59,132,205,153,154,184,147,106,199,100,18,242,12,29,107,115,187,197,56,17,143,12,105,22,165,212,181,77,208,43,41,43,36,253,127,121,194,84,133,246,48,125,149,32,19,210,181,204,187,249,183,29,146,121,47,183,1,168,7,84,202,161,95,226,40,241,238,139,3,152,162,58,130,88,255,30,116,239,99,61,147,59,242,241,123,232,38,151,35,138,7,71,93,187,178,120,176,67,131,200,243,115,94,192,201,104,143,120,122,85,170,115,98,219,121,15,148,143,223,121,98,224,13,33,38,104,223,43,12,181,96,98,138,139,121,6,155,143,157,103,46,42,4,167,21,85,138,159,156,34,69,150,171,25,179,25,196,254,135,122,33,86,17,151,41,217,39,160,144,102,32,111,134,30,61,89,214,129,127,133,66,60,54,99,3,207,14,133,104,49,188,185,158,227,200,213,162,5,5,127,139,229,229,50,162,121,211,237,116,29,46,214,5,178,150,44,124,60,51,133,121,70,13,195,83,243,170,22,95,29,14,114,91,150,53,3,244,131,129,255,113,237,224,61,91,122,69,237,141,145,62,145,108,47,186,206,201,170,97,223,184,124,11,252,179,227,50,93,33,228,17,72,72,94,235,198,78,66,117,208,67,67,198,110,255,78,94,223,20,249,156,90,177,113,9,173,222,99,16,121,17,153,180,51,196,42,7,158,108,176,123,222,205,214,184,49,252,211,213,51,125,73,117,109,242,38,237,59,91,70,159,213,152,65,158,104,6,85,252,97,19,215,113,137,12,188,207,118,199,123,243,202,120,77,217,54,214,50,190,98,199,161,181,15,251,176,178,164,191,125,86,84,44,205,17,10,60,85,228,235,212,132,119,20,124,4,173,66,135,50,21,104,220,25,211,56,181,199,27,203,28,249,42,43,73,151,165,245,176,37,8,196,75,124,54,198,133,147,102,75,211,31,68,63,230,101,100,191,6,98,180,216,127,218,176,76,9,37,238,120,37,197,129,185,152,8,57,59,253,6,254,90,132,109,132,55,77,98,159,17,100,140,54,99,32,103,32,107,26,31,205,217,155,15,68,25,199,182,174,46,185,247,29,226,77,196,77,221,110,42,94,95,28,147,103,185,31,119,127,61,180,192,11,248,250,77,238,189,127,10,250,112,255,0,249,220,76,128,119,170,68,158,99,158,25,215,113,2,113,26,93,155,213,3,83,182,170,97,90,95,195,149,131,175,87,14,228,199,190,177,127,68,85,60,79,173,41,30,62,254,72,182,197,127,149,140,54,40,149,56,80,14,184,137,158,65,251,48,174,85,126,106,58,211,195,113,131,231,15,58,42,226,32,23,167,64,208,114,50,83,125,66,83,44,171,225,220,172,184,115,86,50,78,242,198,93,105,94,123,99,16,139,210,198,49,105,212,194,181,128,225,16,110,22,133,45,43,226,177,232,39,243,69,165,44,38,67,207,155,129,36,7,3,50,15,70,175,100,167,18,163,192,64,45,4,125,13,70,231,60,118,86,71,76,140,197,252,65,229,239,101,13,233,115,221,226,105,19,17,115,193,39,1,216,20,151,20,10,205,208,65,98,182,76,242,90,185,12,38,2,150,114,186,255,159,6,87,58,3,126,191,25,136,121,134,78,67,150,180,129,38,195,87,73,96,66,159,227,218,101,30,26,225,113,25,156,64,191,35,29,124,231,131,166,15,58,251,184,88,96,26,139,163,147,14,254,217,224,96,96,232,5,221,11,201,255,192,195,141,142,206,217,119,147,156,151,201,255,161,133,90,26,131,212,200,1,249,135,215,107,253,248,228,56,8,64,86,127,71,69,221,50,31,121,2,84,245,205,138,42,207,111,206,210,139,114,153,22,37,46,16,57,15,62,143,239,137,7,153,62,184,72,185,40,18,144,96,60,141,162,35,118,245,173,198,234,88,111,25,47,211,97,130,78,229,79,76,221,145,114,5,181,38,123,252,126,209,28,78,89,133,203,209,18,48,125,75,195,183,179,29,237,186,47,71,83,249,76,107,30,20,160,131,201,205,25,23,16,251,145,224,92,198,250,40,123,91,246,108,11,7,106,135,74,70,88,88,235,60,82,5,43,58,213,170,174,64,199,144,67,240,108,95,218,223,115,134,105,77,63,187,128,55,203,250,147,160,252,213,178,133,139,64,241,80,57,41,49,80,180,129,25,211,65,61,55,201,95,50,248,131,91,9,123,25,126,63,127,50,35,75,243,63,102,15,135,193,18,12,159,27,98,11,179,73,5,191,54,72,27,251,252,84,206,27,81,221,215,164,130,35,3,30,121,195,228,127,216,154,62,105,44,113,46,99,50,152,91,141,151,204,97,74,30,19,252,54,97,231,157,21,243,141,158,1,49,216,16,86,58,124,254,219,126,184,182,171,211,54,221,15,248,66,103,28,210,33,170,210,191,12,190,101,85,45,134,83,104,239,211,122,34,135,238,221,63,184,187,120,102,231,214,137,127,144,246,207,245,111,219,193,185,140,145,253,143,20,180,222,224,137,115,160,16,97,202,182,115,163,68,76,188,175,207,75,91,125,72,174,69,183,238,227,206,246,163,127,208,97,236,140,186,107,75,222,113,221,226,2,62,182,89,91,196,57,4,48,170,105,45,28,216,138,164,219,58,39,253,6,4,252,236,120,25,109,1,214,177,92,8,120,186,171,24,122,9,229,144,136,98,110,36,154,191,7,120,111,206,62,94,35,85,189,235,69,87,60,85,198,20,161,126,197,176,90,133,152,33,92,164,30,37,14,105,86,220,245,198,43,250,230,215,93,123,96,48,122,181,25,30,36,217,144,96,88,34,180,11,36,175,140,37,119,167,179,133,172,188,44,157,69,61,163,140,158,123,60,42,21,35,157,80,76,190,95,20,93,123,87,107,176,6,174,226,155,106,233,81,93,8,159,99,121,143,200,182,166,49,124,250,139,164,95,176,244,166,172,71,52,103,22,68,103,221,130,107,82,26,94,156,126,14,95,132,253,88,251,65,166,150,6,215,118,4,109,219,219,65,232,185,78,21,1,178,54,25,231,123,52,25,13,126,22,8,135,42,226,51,111,235,98,123,234,13,246,231,132,17,147,94,165,250,232,110,90,95,191,140,140,118,118,31,120,76,40,2,9,248,146,173,145,8,71,58,116,186,187,255,92,135,132,135,160,164,211,244,234,47,111,141,135,242,82,59,57,196,148,21,240,126,129,90,40,73,248,174,194,76,58,212,222,174,196,207,119,177,47,202,189,128,5,71,199,29,29,102,114,15,100,81,92,28,196,2,100,184,232,180,93,231,65,50,14,46,104,27,169,30,166,62,101,139,194,126,213,108,6,10,253,4,222,27,29,190,198,95,102,27,204,198,192,243,84,51,12,96,9,19,124,56,192,196,225,229,155,30,237,198,232,79,144,83,66,164,89,1,177,106,181,82,235,78,49,154,158,167,49,167,226,51,91,79,7,202,240,96,46,231,217,203,136,194,97,6,110,79,196,29,108,210,19,148,223,167,167,111,25,164,93,6,253,38,141,32,233,54,219,194,55,248,169,249,73,115,226,58,54,247,92,248,41,103,85,252,99,145,35,31,81,11,94,233,237,51,231,173,93,89,146,26,47,132,24,45,174,112,129,45,120,84,212,49,195,101,6,115,194,60,195,218,197,248,219,82,180,173,191,179,70,234,129,246,7,175,154,206,107,173,205,60,83,65,51,98,152,156,79,180,83,221,236,117,131,104,60,140,38,34,153,238,172,200,96,41,217,5,166,177,180,181,138,230,105,175,68,124,174,182,86,216,42,200,124,78,235,152,105,15,139,189,145,33,60,211,211,193,34,17,212,146,71,73,217,218,47,123,119,195,195,136,238,183,180,7,113,115,86,232,53,160,6,185,34,83,245,71,9,149,141,137,34,70,34,112,115,44,116,54,145,31,251,33,205,126,84,104,175,45,130,69,159,175,161,204,123,70,28,195,33,32,141,37,151,26,171,121,119,199,184,220,142,119,2,171,79,244,183,20,95,18,141,186,106,208,6,243,192,233,254,16,135,74,135,68,79,236,104,40,86,41,42,215,128,102,53,67,10,171,254,1,50,114,61,226,89,84,139,7,182,151,146,237,178,179,214,95,122,95,161,79,35,254,153,14,110,158,153,232,53,28,176,31,254,24,49,89,177,148,238,0,162,157,6,221,207,101,156,79,181,14,215,249,187,75,49,125,83,172,253,199,110,41,143,165,154,72,248,4,16,187,28,44,153,42,190,245,208,54,47,157,142,30,137,39,224,156,150,117,204,14,96,16,167,93,149,223,39,99,235,142,232,237,100,48,81,247,113,194,205,145,152,8,130,187,171,121,214,228,74,128,110,249,164,6,178,16,143,139,202,238,80,89,10,211,179,59,186,5,224,233,38,173,122,122,67,148,210,179,83,10,246,34,84,179,229,118,6,100,238,223,156,25,227,183,148,141,32,126,140,85,129,178,129,93,53,108,61,46,152,94,145,195,168,194,55,36,14,135,180,62,84,142,217,223,238,16,88,184,143,3,136,156,217,56,0,195,237,75,22,140,45,71,72,218,15,210,217,35,111,127,195,157,33,199,190,197,132,98,68,150,135,17,183,162,164,243,23,103,117,90,165,239,184,22,70,141,24,72,75,125,180,135,192,221,178,57,159,21,51,19,253,172,220,220,80,18,20,51,70,173,128,125,92,91,89,11,135,199,218,35,15,153,220,114,10,82,131,107,5,54,210,164,29,29,184,82,196,225,227,198,186,244,227,200,135,0,137,14,102,170,214,85,236,44,70,230,228,236,215,216,183,228,116,49,31,114,133,36,24,148,146,148,79,244,228,127,75,249,193,137,55,192,58,225,118,246,124,217,19,48,180,105,217,238,77,21,247,7,52,21,37,233,82,60,15,153,180,131,115,222,156,89,95,200,254,250,104,171,242,113,77,98,21,162,235,65,42,60,106,181,188,173,35,0,146,146,234,129,120,3,64,197,234,144,217,186,117,151,17,104,55,9,108,206,198,208,147,113,57,98,43,229,54,229,172,149,149,165,198,138,14,12,38,243,62,48,187,39,29,57,22,205,112,237,32,136,201,114,247,255,252,250,249,118,211,181,29,97,172,229,29,214,204,221,232,140,188,26,129,68,68,253,36,135,138,238,26,189,77,101,187,78,220,31,83,75,121,129,78,144,112,198,57,60,248,184,148,121,168,214,147,119,65,4,116,226,165,101,226,44,18,61,7,204,219,20,160,84,79,149,158,23,147,180,126,181,149,138,10,131,94,249,98,116,46,48,149,107,14,145,68,162,154,24,85,87,170,125,31,230,184,153,58,48,223,8,220,70,133,14,232,228,178,43,197,213,170,3,85,104,135,44,21,225,95,191,95,125,191,224,6,39,119,250,53,70,157,150,142,105,54,242,63,126,163,232,137,39,167,250,144,4,239,31,239,205,124,95,82,58,152,166,138,186,152,185,92,189,172,246,1,194,213,68,220,243,99,242,35,133,20,31,56,17,4,66,181,213,170,46,220,228,59,188,218,32,242,79,102,114,128,253,18,229,112,195,163,169,77,28,179,199,128,106,23,101,54,145,41,187,50,186,176,131,175,247,165,19,9,121,78,135,112,52,223,228,100,89,15,148,137,62,138,44,219,35,15,192,25,128,66,251,108,13,176,52,2,89,128,76,136,251,116,51,68,41,150,156,34,181,26,33,122,155,40,229,215,21,53,43,28,75,120,12,13,226,200,246,141,27,59,98,200,75,63,247,222,74,121,164,204,98,132,225,246,1,175,73,173,105,15,130,12,196,167,41,68,222,50,60,132,38,119,120,44,75,39,22,199,33,120,22,98,246,30,23,192,170,208,205,123,20,135,212,27,141,113,255,85,109,51,98,230,228,181,77,9,114,252,28,42,183,181,16,160,50,238,60,69,93,215,108,135,78,111,3,12,65,197,97,238,173,162,69,232,198,127,138,175,120,95,82,250,136,160,77,215,146,251,132,32,116,45,207,181,21,21,117,249,67,22,252,177,172,209,19,213,138,15,141,108,181,21,68,226,85,240,198,158,29,175,140,183,6,102,182,116,71,255,155,143,127,84,79,239,26,75,122,127,32,229,125,240,247,217,159,184,210,51,41,111,186,242,32,67,238,108,12,94,34,138,177,44,63,58,122,179,6,57,94,184,46,85,248,210,190,211,3,54,43,144,55,119,125,240,246,187,255,57,143,197,196,149,252,141,98,225,69,7,5,199,88,34,248,91,158,232,155,49,111,188,171,96,32,66,41,120,219,106,17,213,64,31,173,255,200,47,189,146,116,154,118,255,83,245,107,149,178,31,229,200,250,236,204,73,30,64,236,100,123,67,72,97,120,150,241,53,216,247,250,153,214,88,240,56,83,200,21,225,195,4,178,192,50,97,46,181,151,93,96,205,129,153,40,224,169,84,141,8,160,186,50,17,179,56,11,26,131,31,162,51,193,81,177,132,194,101,149,239,165,137,57,81,248,56,24,200,75,48,240,244,115,245,2,1,26,165,142,81,238,12,67,157,6,73,72,9,127,198,224,116,48,89,111,185,44,8,82,54,69,88,250,227,219,17,164,16,81,73,117,147,208,11,217,78,28,234,164,74,158,4,91,203,229,117,217,161,4,63,156,15,36,233,64,50,68,72,176,101,237,183,238,117,91,71,152,218,200,22,37,173,147,30,139,145,47,64,235,99,98,23,45,69,69,150,215,199,73,160,150,108,182,224,136,113,112,144,84,89,59,201,13,230,23,126,250,151,104,131,32,22,95,97,81,229,110,151,162,239,35,190,101,126,96,140,113,131,252,124,167,244,121,87,132,172,209,15,228,241,122,83,57,206,144,41,216,37,54,93,72,108,116,66,49,22,55,241,119,134,139,102,7,157,235,144,202,242,24,156,196,141,169,83,93,26,138,94,230,191,119,166,206,52,245,114,145,63,118,46,45,50,138,87,231,47,113,209,73,182,248,244,3,124,255,116,60,175,88,46,135,108,52,94,247,209,166,230,33,31,63,200,42,113,144,100,97,36,186,62,4,229,183,214,73,72,5,106,183,93,113,179,105,115,100,245,214,47,137,181,216,106,183,26,213,231,216,218,107,208,92,221,65,231,145,33,159,243,162,180,88,203,18,171,58,19,31,169,152,87,245,168,63,168,11,28,38,227,58,135,48,125,56,40,200,223,31,47,222,85,101,95,73,146,106,221,107,113,241,101,249,83,112,65,223,254,73,69,48,32,144,170,136,160,47,130,79,168,177,250,17,142,97,225,68,3,81,181,241,11,244,159,96,59,179,118,55,54,117,74,143,130,228,193,99,101,210,161,58,211,48,171,205,115,152,51,231,95,167,192,141,207,192,153,168,42,106,35,4,114,161,222,10,124,251,183,206,53,61,74,213,236,96,165,222,183,123,94,43,49,11,72,36,43,88,227,35,221,151,129,119,9,77,66,229,152,141,90,24,87,76,90,76,104,103,138,80,231,164,8,135,179,86,232,97,200,71,132,114,108,125,78,220,205,51,13,124,149,212,146,211,90,225,140,118,168,165,137,217,171,180,123,94,123,18,27,123,249,214,43,174,249,135,77,114,236,208,211,18,182,103,239,67,14,50,112,209,210,11,125,85,156,205,77,17,132,191,87,53,254,35,180,219,126,7,203,159,250,211,182,115,92,245,88,33,104,105,5,150,131,43,138,88,159,151,35,212,230,147,107,2,210,191,224,184,218,229,43,172,100,209,35,252,11,0,137,233,243,157,30,232,75,213,164,76,209,148,162,20,162,108,26,179,9,138,252,17,48,134,137,55,221,196,233,231,18,211,52,2,12,46,36,142,180,237,130,91,75,167,143,89,19,115,205,4,247,196,64,17,176,246,54,0,237,167,249,38,33,252,135,195,196,174,204,29,27,174,218,148,168,51,212,254,156,205,244,42,63,108,196,79,168,12,115,9,81,157,211,125,230,118,170,142,25,103,211,50,30,5,167,213,25,87,196,7,156,180,15,249,195,190,10,27,124,55,131,223,111,14,42,195,147,31,136,165,226,157,46,171,120,203,118,168,115,206,96,89,62,91,10,158,52,45,16,51,216,207,111,2,60,210,64,250,125,151,101,81,90,225,205,26,91,2,168,141,145,206,151,22,220,246,206,213,148,232,11,226,149,10,69,247,228,194,8,51,40,210,193,156,150,195,116,201,208,64,87,72,236,10,86,44,129,46,65,44,85,94,145,12,27,54,222,88,116,203,11,116,150,72,87,183,201,192,171,148,160,155,61,38,197,32,15,218,73,149,55,248,202,139,36,176,148,111,235,32,31,143,142,110,178,130,16,163,248,65,101,146,110,29,116,154,86,166,140,132,34,168,0,1,74,4,95,234,44,94,109,32,55,38,115,230,148,172,4,244,18,217,71,158,125,33,178,24,233,51,73,134,22,219,50,145,131,97,252,178,9,118,210,196,97,19,172,242,16,210,212,105,223,88,99,133,39,182,236,1,179,1,223,76,147,24,77,29,166,139,2,4,192,170,118,78,170,65,190,65,130,253,134,60,147,225,7,233,37,168,182,171,28,207,142,218,104,84,253,78,200,235,100,117,76,143,166,97,8,48,0,156,137,194,71,155,66,111,121,5,1,47,60,132,67,105,29,231,27,181,213,179,0,54,153,171,17,61,25,170,171,20,172,99,81,65,120,161,17,233,106,33,219,212,4,46,2,67,0,51,216,22,45,27,238,86,249,49,101,47,22,52,39,10,201,2,7,58,67,210,153,92,223,8,154,157,120,28,39,178,212,96,116,61,152,5,31,192,35,179,63,116,49,245,99,163,157,140,191,78,89,95,250,207,245,162,16,68,127,99,33,217,162,255,8,34,10,208,63,69,51,169,15,136,177,202,153,121,165,234,32,25,161,45,236,59,109,14,73,38,101,90,121,188,121,107,98,250,118,102,211,231,218,156,51,113,72,0,16,7,46,218,198,239,119,217,25,238,122,216,249,40,203,189,83,18,24,143,176,43,15,252,249,65,105,102,59,18,14,239,184,139,46,35,47,193,131,40,167,114,187,186,201,35,95,52,130,9,230,170,225,72,77,150,42,147,88,80,6,202,40,148,133,86,122,182,58,142,82,88,64,241,90,204,166,206,49,102,95,150,65,191,136,120,231,195,226,27,75,195,112,60,224,232,183,248,10,231,242,29,239,218,124,214,89,110,209,231,199,187,6,164,91,190,238,28,221,65,216,39,80,94,123,108,210,160,72,54,84,186,13,242,217,140,159,62,20,140,126,36,253,147,31,35,108,83,39,190,153,107,124,163,13,166,80,207,185,191,102,93,185,109,184,161,143,245,20,173,25,139,145,57,236,66,112,81,220,222,227,160,150,134,0,1,31,108,29,56,126,33,42,77,49,61,250,149,135,54,251,52,209,126,2,190,83,32,58,54,58,42,55,197,23,108,17,10,26,83,129,218,44,96,59,104,110,86,148,159,243,198,171,52,167,169,96,94,240,213,95,128,170,202,149,217,188,187,235,207,65,168,201,168,29,182,125,171,238,138,181,37,161,128,118,184,53,144,212,55,28,173,231,135,220,169,108,177,50,154,12,26,205,136,239,98,99,125,114,133,127,225,206,69,7,12,147,227,124,26,67,178,35,119,211,92,150,33,13,96,137,25,226,81,50,251,170,230,93,72,17,104,220,1,238,191,138,162,190,214,40,158,183,9,86,83,172,229,238,77,68,104,71,220,57,128,95,138,22,173,109,197,214,70,124,152,68,75,125,223,29,7,60,249,82,22,241,68,127,125,55,74,233,92,74,143,142,154,137,53,158,207,158,88,189,192,182,20,203,61,26,234,139,6,90,124,190,201,168,217,212,37,57,207,218,76,219,238,207,250,134,94,59,230,117,24,138,224,42,4,225,31,34,253,30,83,131,169,47,176,233,156,3,69,77,167,32,39,33,35,78,195,141,101,167,65,227,195,109,127,196,119,35,31,75,26,216,129,156,145,46,217,48,240,157,243,182,63,233,197,91,202,193,122,109,237,171,147,147,255,203,134,230,108,120,118,32,157,216,248,188,250,252,253,196,234,223,34,58,22,13,155,185,62,196,231,115,134,3,216,88,11,48,0,212,165,186,18,32,205,83,22,3,200,109,250,214,157,96,252,49,18,219,153,217,87,199,23,181,150,143,48,39,212,120,16,150,173,132,187,118,153,85,36,19,4,153,202,127,241,57,125,33,100,71,163,53,242,54,103,230,96,64,75,112,14,149,92,123,208,61,123,100,68,90,169,4,126,34,71,105,35,131,138,135,185,187,86,236,145,194,58,93,88,15,137,128,255,113,72,214,127,242,70,241,238,42,83,187,98,29,158,191,122,32,47,25,207,54,213,64,43,188,89,185,131,76,81,138,155,144,199,216,47,52,92,50,195,26,8,229,102,90,101,18,183,60,88,33,107,253,16,151,213,225,160,99,158,247,67,200,173,149,133,231,73,171,4,135,66,5,79,241,150,26,206,200,218,193,104,81,26,23,206,150,189,209,255,163,124,102,203,223,236,75,167,28,42,135,83,241,78,22,241,125,51,75,101,59,168,234,3,178,93,207,88,123,126,15,195,210,217,239,217,150,150,159,216,151,228,75,159,85,122,152,124,250,138,242,212,21,187,97,154,4,158,225,168,30,29,128,146,103,132,34,111,181,44,60,181,236,100,19,139,234,41,185,144,254,251,106,150,252,222,198,101,96,2,152,188,233,168,233,232,177,203,119,153,145,207,117,209,20,113,19,20,173,19,127,128,179,209,239,101,123,42,66,149,31,112,94,234,84,53,90,69,181,237,127,251,187,227,78,174,181,117,90,118,248,207,125,66,231,205,146,76,168,45,120,56,30,199,192,225,75,233,128,18,119,106,231,232,247,109,241,52,255,30,212,67,233,115,175,110,46,88,50,45,183,103,15,34,224,47,207,15,244,152,63,16,238,13,48,136,35,174,152,108,215,159,231,6,234,16,177,22,32,18,30,237,123,181,225,62,95,11,111,58,97,222,167,218,0,69,114,76,61,7,18,69,31,127,48,171,60,160,213,208,252,20,134,65,186,230,28,54,49,27,185,209,92,34,245,143,84,231,68,121,234,216,122,132,243,72,128,236,250,215,246,224,141,227,90,10,16,132,171,173,238,108,93,112,75,151,222,153,93,165,41,32,110,204,94,136,92,111,167,87,27,181,211,86,86,32,68,132,233,122,51,46,121,224,108,116,93,198,212,150,250,95,170,197,209,108,188,134,198,250,222,190,192,79,251,167,20,232,53,119,175,128,183,22,41,23,107,16,14,115,123,220,166,206,163,176,183,199,211,153,232,209,88,84,73,118,71,157,67,39,244,107,174,115,231,108,184,107,210,180,50,205,142,238,58,158,218,136,170,49,68,198,67,103,62,52,45,183,203,27,158,79,43,40,139,5,199,48,127,84,39,230,228,249,81,233,209,6,196,106,150,44,166,182,239,216,88,97,229,205,104,89,58,39,129,99,113,144,136,83,77,254,123,156,49,155,170,2,43,177,135,200,85,86,68,174,248,118,105,91,247,64,49,183,179,171,15,57,185,184,45,230,190,103,158,188,240,122,234,170,40,4,233,44,209,73,90,17,37,24,24,168,224,149,115,45,219,120,54,67,196,14,82,118,32,40,29,255,235,107,12,133,141,11,138,125,123,200,223,240,211,48,114,176,247,115,80,230,43,112,107,42,119,119,248,224,39,53,35,254,97,32,95,101,204,175,68,111,85,25,191,243,12,30,118,177,53,173,126,149,201,212,124,65,141,219,30,153,104,54,155,13,171,59,180,199,50,191,99,213,231,254,132,78,253,120,1,244,209,118,246,103,114,178,102,92,129,146,168,172,77,151,183,1,149,249,177,170,56,150,202,51,213,152,142,63,222,122,253,155,238,231,159,104,138,143,183,252,70,151,191,97,128,159,239,187,57,119,173,223,19,110,43,234,162,180,238,151,79,160,234,17,237,238,122,250,51,222,102,159,61,181,151,205,87,35,229,239,36,66,221,159,2,146,232,2,2,137,58,228,228,75,230,194,86,76,253,34,6,135,168,170,219,241,230,51,223,75,93,108,228,4,150,179,203,244,172,82,42,77,18,197,139,246,244,122,234,160,128,170,69,162,14,169,245,193,207,77,30,199,71,209,249,183,95,237,194,33,51,209,81,154,135,123,27,15,183,20,153,50,140,188,42,185,204,88,117,117,219,100,93,210,205,82,216,49,64,86,221,78,200,226,180,253,201,70,142,99,69,240,42,215,255,8,83,213,143,229,75,110,185,203,113,45,58,153,142,109,5,40,103,48,181,97,244,45,69,98,101,208,171,44,82,141,95,32,232,55,148,205,116,179,213,25,62,202,153,142,110,170,56,136,188,193,254,33,64,106,234,216,249,82,230,176,67,92,38,203,191,1,11,184,53,247,120,254,208,84,76,44,23,143,239,234,62,129,181,146,73,195,148,55,140,139,99,32,143,79,76,195,145,56,173,103,1,83,177,72,50,84,205,83,154,19,82,205,69,17,82,166,36,160,49,188,76,192,125,195,24,251,45,70,81,121,67,69,223,235,111,179,169,46,111,207,48,94,201,126,171,131,244,78,143,202,40,58,118,124,5,126,252,56,211,147,71,40,129,199,77,110,31,168,118,143,55,128,178,213,0,150,120,213,145,30,17,165,41,104,198,114,147,82,200,234,166,158,156,49,152,116,72,117,45,31,12,32,226,249,130,238,218,36,182,25,57,233,183,46,90,20,60,131,209,37,175,48,49,236,245,33,212,42,198,44,96,129,191,103,137,223,82,16,63,102,145,132,94,135,58,176,69,217,253,0,238,140,20,45,99,176,225,36,35,65,208,190,62,73,191,38,158,36,97,248,106,197,236,164,107,153,130,34,171,195,144,152,180,248,34,137,94,15,3,132,167,158,122,241,42,90,86,139,212,20,173,210,199,111,103,152,253,200,28,62,240,143,195,163,107,142,77,65,219,60,30,146,70,205,9,88,189,136,106,165,242,210,208,134,240,99,248,156,59,243,225,162,110,25,82,34,252,166,136,21,150,153,16,52,98,154,103,186,254,171,195,57,10,101,20,0,125,235,190,211,99,46,27,126,219,115,88,203,220,11,142,53,5,43,201,55,48,179,86,158,44,196,202,48,236,90,46,16,99,112,242,198,196,144,4,210,70,18,183,176,98,24,94,60,225,50,6,166,73,224,113,29,24,225,64,60,119,116,216,202,70,58,22,184,162,104,8,47,139,36,237,76,162,230,51,241,13,167,142,196,199,228,244,192,56,91,130,108,201,253,194,98,173,229,109,151,223,119,146,4,79,140,179,253,55,76,107,150,131,220,74,20,109,204,213,190,78,164,246,95,28,71,225,119,165,81,200,79,173,1,195,215,65,212,41,220,87,179,31,63,36,158,50,145,96,158,180,1,126,221,158,99,56,62,239,110,206,27,233,228,66,179,90,1,192,203,106,155,58,242,204,18,77,192,155,6,190,62,189,140,83,214,211,251,70,78,5,236,245,196,102,76,169,182,48,219,50,22,154,234,164,86,243,122,172,91,240,122,152,225,226,166,114,215,57,181,233,61,181,214,88,252,214,220,162,91,12,175,53,171,74,37,50,231,6,110,23,234,20,82,0,132,192,172,90,147,58,217,243,19,78,158,5,132,124,239,113,197,52,212,193,78,89,28,146,241,20,224,15,242,216,150,254,193,196,50,25,18,164,12,71,183,214,44,230,146,244,236,132,152,12,210,187,103,145,170,115,48,92,92,141,219,154,167,139,215,171,94,59,14,135,138,18,225,190,228,181,195,58,39,232,50,200,128,17,134,54,89,122,151,34,40,246,70,92,50,2,14,109,104,1,224,101,207,136,133,189,213,246,95,138,70,118,46,120,117,10,159,86,2,114,57,170,182,150,245,106,93,180,21,69,169,160,126,67,186,187,136,175,16,179,171,130,73,64,241,238,211,191,4,115,237,145,233,244,170,77,124,135,251,12,95,57,176,160,126,155,45,95,95,164,59,80,212,166,155,121,136,138,138,226,103,43,98,74,119,126,237,196,102,39,157,95,142,138,218,77,13,254,92,4,101,47,20,229,120,101,158,229,113,148,103,189,13,121,29,107,164,230,138,78,125,83,225,139,66,133,148,198,72,216,9,33,14,55,194,101,130,101,117,10,137,135,248,6,92,35,136,111,59,134,68,209,125,74,85,88,112,193,65,5,124,130,80,204,200,162,193,24,215,220,105,55,9,15,249,184,176,69,132,74,208,2,183,85,160,8,180,11,144,29,192,169,67,98,142,51,247,107,224,62,199,250,85,38,117,252,97,112,198,216,82,39,49,74,178,66,153,118,129,79,229,195,5,209,155,41,36,154,110,243,218,206,38,202,147,112,212,27,227,13,206,203,165,200,98,105,107,229,41,159,109,143,207,130,100,67,53,25,80,200,46,37,211,115,140,160,29,137,79,208,133,80,29,240,214,82,252,218,83,160,144,156,135,153,25,26,136,3,205,156,101,118,187,137,12,34,146,178,87,169,45,76,177,136,1,207,33,74,41,43,53,48,78,249,194,181,162,115,113,75,235,4,165,237,3,224,86,27,185,225,132,89,35,241,61,99,227,104,75,162,196,35,169,105,28,122,210,90,228,250,196,28,78,60,123,143,149,110,249,177,37,14,30,115,155,251,3,246,217,78,149,21,143,49,205,11,238,96,68,128,145,206,240,195,50,58,95,78,235,205,179,85,249,227,120,129,2,223,235,231,93,16,51,233,48,157,168,76,81,151,248,136,50,224,216,45,197,123,78,157,237,197,60,53,184,205,48,76,45,195,47,84,211,227,206,51,117,147,243,183,122,231,201,78,176,220,231,176,156,161,78,122,131,87,238,42,112,94,171,156,70,70,36,131,136,216,34,140,76,33,59,254,72,252,33,146,45,231,236,247,180,103,85,140,8,74,14,2,243,53,35,48,204,210,251,143,131,33,231,221,118,51,24,10,135,75,12,183,164,54,24,39,248,40,179,48,106,141,156,186,210,1,59,246,26,76,249,27,232,128,151,102,35,34,13,182,39,95,23,21,227,186,112,53,231,97,141,37,109,114,11,168,192,68,144,164,51,252,98,147,51,176,31,205,162,122,179,185,9,149,138,19,64,171,23,9,173,73,18,245,58,250,118,133,173,22,100,209,22,31,27,92,169,89,98,119,142,81,14,253,2,37,9,246,148,85,24,93,9,175,70,83,30,115,38,125,214,33,36,48,238,144,156,21,186,16,75,177,224,44,57,25,43,78,146,148,208,170,220,79,205,163,93,188,222,111,63,52,94,179,91,65,143,59,27,201,237,151,71,60,253,183,0,226,38,73,80,4,153,250,44,57,134,221,49,155,198,209,131,46,165,84,90,158,148,125,202,217,144,112,53,4,35,64,25,194,111,4,106,157,110,81,215,66,44,211,238,97,58,224,143,211,163,7,208,64,183,128,30,212,186,11,30,44,176,126,114,162,46,25,190,93,22,187,181,185,61,132,53,104,97,16,177,33,153,193,175,77,44,1,148,72,95,254,204,134,73,86,129,56,96,224,210,35,166,60,161,248,230,141,223,232,235,108,136,165,208,240,139,74,242,247,199,145,150,234,108,132,162,152,233,21,101,211,199,215,125,18,8,36,172,199,130,35,202,98,167,21,189,24,208,205,166,222,195,211,193,29,9,66,163,82,100,53,190,209,217,239,122,43,116,18,215,91,39,52,7,237,58,63,10,116,35,135,248,34,231,45,162,5,24,104,7,167,243,41,110,166,75,0,206,67,128,144,137,84,37,227,144,119,239,38,23,167,178,4,3,3,41,21,117,194,62,244,95,79,124,229,242,103,246,170,231,223,13,164,58,144,118,97,114,97,234,77,146,149,245,199,180,252,139,199,142,220,70,219,185,188,105,149,244,177,109,142,143,65,202,69,152,45,111,33,167,103,203,23,16,97,68,69,162,36,129,219,181,13,125,43,50,89,225,250,164,107,187,182,78,240,193,66,157,196,108,126,26,178,26,254,146,33,137,195,178,117,120,63,114,38,67,83,39,17,63,64,41,14,72,158,47,220,176,85,7,4,89,252,183,113,58,111,73,36,229,107,243,82,254,165,90,146,119,117,202,36,72,227,41,194,64,4,165,47,87,136,35,28,13,144,159,74,181,172,34,56,215,35,157,168,100,200,46,91,193,246,173,132,185,250,135,51,155,112,247,60,89,213,26,87,166,178,228,171,145,133,48,82,203,13,22,172,50,152,45,14,53,36,253,204,180,4,5,153,199,24,212,151,24,11,155,45,121,121,42,53,72,46,34,11,26,90,226,117,76,141,221,50,133,122,186,144,193,180,182,17,252,188,211,117,13,230,79,118,200,49,243,125,4,148,106,86,163,111,153,81,85,170,174,168,97,233,231,39,71,254,92,215,72,222,108,166,186,83,156,79,253,179,176,150,171,12,20,165,171,72,154,154,43,172,47,5,97,61,22,48,138,163,46,208,244,161,216,50,186,75,161,106,75,156,187,129,42,182,23,104,237,139,62,181,43,189,62,76,57,49,45,72,22,218,28,251,110,158,14,142,238,175,254,213,155,33,204,187,11,93,81,217,82,10,221,148,147,128,228,50,67,20,1,147,113,199,208,166,93,97,243,11,88,214,249,11,239,155,7,5,208,212,72,146,149,136,242,93,23,254,162,198,56,110,145,52,9,214,135,149,83,162,122,122,10,92,176,17,90,152,7,78,120,98,67,129,81,7,223,100,32,58,9,138,66,186,75,144,52,246,17,240,103,89,46,162,225,178,120,170,143,196,224,64,107,96,146,133,137,207,113,255,171,19,203,108,206,234,33,211,81,135,13,49,1,165,155,3,213,94,192,109,25,174,245,26,172,31,191,25,230,84,115,124,11,127,118,74,3,127,139,138,86,157,11,15,156,177,147,230,46,209,123,3,166,5,223,97,217,184,21,130,235,206,155,70,211,107,235,179,64,78,165,184,31,245,114,51,114,198,0,158,91,72,142,225,253,24,109,160,71,248,90,89,254,87,225,224,21,130,150,15,5,41,21,65,64,34,252,251,253,222,92,61,249,13,194,122,149,186,126,219,214,57,227,244,98,106,8,156,223,163,242,193,198,89,161,58,49,242,158,177,127,246,2,31,190,141,175,183,4,210,8,205,55,153,76,193,39,125,237,117,43,139,101,95,35,222,68,35,136,125,10,109,27,180,185,112,158,45,154,125,163,138,217,170,45,184,127,154,126,46,188,132,46,137,174,187,108,60,54,196,22,230,55,90,7,9,183,68,9,182,39,206,181,185,124,247,20,77,236,129,98,244,17,54,226,17,66,31,72,213,231,68,9,85,70,77,45,226,247,129,245,211,27,173,225,200,31,12,18,165,69,26,181,153,116,66,67,39,14,42,136,44,216,248,234,47,80,228,252,76,88,229,158,112,122,221,98,87,198,4,230,91,156,107,146,147,95,2,75,44,167,98,98,40,180,209,230,35,160,110,35,114,218,68,57,204,47,203,240,211,66,121,191,215,95,129,239,139,109,148,59,102,158,66,98,89,220,156,23,234,151,118,167,102,184,182,161,199,143,123,142,19,239,27,99,217,138,111,60,199,58,121,77,94,162,196,28,129,221,189,211,131,94,28,102,196,197,52,12,27,53,13,61,52,11,208,118,153,151,150,61,213,248,13,223,141,54,141,107,129,160,164,219,105,254,134,53,187,10,249,24,165,253,243,229,145,171,36,7,138,167,160,35,13,216,159,189,24,214,2,246,32,170,195,37,254,255,58,17,132,136,86,155,159,39,151,28,253,221,101,208,173,42,196,189,205,185,245,128,1,131,89,25,28,21,80,31,118,153,73,144,151,176,170,121,142,46,101,235,26,109,72,69,26,46,47,17,209,185,73,101,146,202,159,82,205,219,52,63,183,26,225,216,248,156,157,186,215,117,177,253,216,140,229,150,82,177,241,177,76,5,144,141,38,12,162,13,142,32,251,151,11,217,36,63,247,87,131,148,92,87,99,202,96,117,231,122,61,53,3,194,94,28,82,98,132,131,72,194,114,143,207,56,42,198,136,133,243,105,132,161,201,23,69,215,145,233,112,197,227,222,90,97,236,38,141,227,224,83,124,238,131,183,239,163,211,70,0,99,27,128,26,156,65,170,35,58,41,62,64,125,159,236,203,225,195,31,244,2,41,18,203,180,207,197,64,167,192,253,235,135,185,6,252,156,19,50,187,32,129,153,189,107,208,224,188,212,180,198,235,19,215,255,90,68,67,125,148,101,7,172,101,63,27,87,153,140,18,158,131,155,84,108,22,58,116,191,241,102,7,83,14,81,11,169,58,223,191,132,81,78,44,255,49,216,8,57,12,11,191,127,137,16,233,0,110,158,137,217,48,185,239,30,230,138,207,115,29,243,133,123,233,240,212,171,48,109,74,204,167,122,94,36,212,201,94,97,152,162,60,48,217,216,7,140,251,100,184,193,230,111,137,135,129,46,164,109,134,190,251,109,51,156,176,178,249,28,148,77,121,35,74,69,157,186,6,176,93,243,19,239,93,5,121,22,76,156,138,72,161,252,121,35,184,211,163,44,201,96,67,75,64,1,52,52,242,145,78,85,129,203,119,67,232,110,61,110,14,185,52,105,205,218,194,210,232,13,102,195,84,243,177,254,162,37,124,211,123,92,218,32,65,176,158,217,198,162,38,90,92,184,70,23,117,176,162,20,13,250,106,42,136,208,3,122,9,142,213,72,236,234,130,35,3,42,183,217,187,20,47,251,183,55,200,166,163,184,82,184,237,248,120,77,16,145,77,123,8,217,151,183,150,150,177,236,38,180,189,161,57,244,172,89,147,11,96,217,6,166,204,21,233,158,40,34,22,203,88,31,227,203,203,7,219,114,107,107,156,120,174,195,155,146,235,73,93,197,214,225,252,4,182,224,200,129,175,194,88,209,249,234,189,218,65,157,47,86,53,96,103,232,91,78,195,140,172,29,54,27,249,38,215,68,97,135,205,136,9,5,50,97,239,117,63,59,217,172,251,43,213,26,252,246,95,34,158,180,237,108,224,77,222,244,214,88,35,3,144,10,114,161,112,166,189,69,204,58,141,111,50,15,20,92,194,166,10,103,238,159,252,137,10,216,71,3,203,71,240,147,58,178,178,111,72,81,63,239,221,225,43,199,4,193,133,79,219,24,233,149,75,182,193,195,173,125,206,177,132,171,20,48,212,88,129,19,216,2,55,159,231,209,254,151,155,241,230,238,168,116,122,100,125,79,11,252,226,123,252,21,251,126,166,172,209,147,232,130,167,90,240,104,174,237,214,44,197,237,100,50,169,158,221,183,238,222,239,187,90,166,107,225,28,218,94,225,210,20,193,203,181,67,236,110,199,93,144,120,223,89,67,248,67,244,27,16,144,104,27,77,211,231,67,154,20,32,167,251,154,95,107,78,251,27,116,46,40,124,16,42,174,54,95,116,48,156,168,113,70,174,35,37,229,184,145,237,148,18,158,179,193,140,91,140,183,114,38,45,5,18,232,27,213,121,95,157,125,251,147,41,143,44,238,226,83,221,105,35,131,209,70,127,179,233,147,43,243,99,249,74,8,55,33,29,57,96,230,118,105,201,76,117,206,249,176,111,239,17,208,201,234,168,105,69,57,159,244,178,220,5,46,241,214,56,91,136,103,2,173,115,139,116,3,215,173,59,78,33,96,246,131,193,76,230,53,243,253,27,71,227,66,76,156,106,38,34,173,76,187,82,229,137,231,94,27,146,213,216,213,127,251,145,128,151,205,56,22,237,169,29,228,90,53,216,65,98,184,47,73,234,19,103,218,197,15,65,216,28,252,90,90,17,38,196,157,51,253,10,126,38,163,173,154,88,60,104,165,202,46,7,19,45,38,114,35,81,134,163,4,123,169,72,230,212,219,179,186,57,132,29,30,58,200,22,163,12,2,179,242,253,212,104,157,251,60,105,182,191,149,149,0,103,125,44,32,15,235,20,168,236,68,18,190,200,47,159,130,97,33,169,5,7,119,75,147,28,48,11,223,255,86,151,239,152,203,243,196,157,236,67,65,11,28,4,54,57,247,145,61,163,24,68,180,204,26,251,14,22,177,1,100,188,188,127,81,208,54,38,222,255,45,174,118,224,32,251,37,197,206,158,112,70,195,2,133,109,4,108,66,76,22,156,172,101,205,218,98,225,116,90,218,108,43,134,250,239,125,133,8,29,51,4,248,15,30,217,156,46,62,236,187,242,42,201,173,184,77,205,77,230,173,139,135,35,39,224,26,162,134,216,35,60,240,58,224,15,232,156,129,82,195,43,250,119,153,203,168,186,80,131,20,31,188,177,77,194,50,56,174,224,186,189,129,94,186,241,90,49,23,254,166,58,46,42,154,28,24,27,66,160,62,89,209,70,127,212,95,210,87,177,68,14,4,199,201,188,12,94,11,1,130,107,210,195,153,20,67,227,149,128,41,255,125,78,84,175,64,231,53,35,167,2,182,44,143,213,111,49,254,251,36,32,7,21,97,243,195,21,184,242,94,184,24,57,12,59,31,98,75,126,133,179,140,96,147,83,180,234,21,75,150,138,28,177,224,183,2,222,40,187,48,121,79,244,249,147,14,22,100,204,162,91,192,128,32,108,34,74,64,197,205,88,25,40,138,66,62,161,219,28,196,43,171,220,156,48,236,63,185,109,20,129,61,132,174,18,190,94,184,123,236,95,191,150,78,107,226,231,249,167,171,56,121,219,94,213,16,16,132,199,169,82,118,117,192,144,237,160,165,135,62,14,62,196,83,225,59,183,8,142,227,241,154,157,201,35,23,206,9,35,38,23,69,72,59,48,200,96,41,7,151,69,135,88,218,167,191,87,250,22,168,62,200,202,255,214,194,211,166,215,232,124,174,149,220,176,50,136,60,157,16,62,206,99,18,207,36,57,214,171,215,82,4,185,115,227,25,39,148,107,42,54,216,177,32,182,218,242,141,245,174,214,212,143,206,85,54,54,4,116,42,204,75,118,183,91,49,177,95,188,130,69,45,28,234,231,166,167,173,140,238,19,64,192,222,255,190,239,211,134,148,172,176,147,47,237,208,11,173,142,174,73,164,247,80,152,255,194,129,175,251,229,86,165,3,185,46,219,104,230,65,86,232,225,224,180,21,105,216,23,230,183,146,66,187,108,225,250,205,140,27,27,32,174,120,157,54,100,39,10,4,102,15,82,227,208,180,71,145,63,84,112,58,49,183,156,229,68,20,118,95,162,141,115,33,69,158,121,184,254,135,218,149,17,13,243,125,226,219,4,138,80,229,117,192,251,175,45,71,85,40,203,57,168,229,101,75,190,85,97,130,10,175,108,116,229,50,205,187,234,58,201,94,113,56,247,226,204,156,110,82,177,99,29,177,175,143,98,133,243,138,237,76,196,49,1,24,203,40,200,207,30,120,150,157,221,119,35,129,3,239,55,46,92,10,52,83,218,198,246,174,186,129,205,121,26,224,115,136,50,36,154,15,10,234,108,153,241,207,205,76,11,84,155,52,12,56,210,130,246,15,30,159,59,250,78,200,198,38,138,209,161,42,93,153,25,235,111,154,181,85,0,236,109,110,9,250,34,98,32,177,13,7,9,187,205,254,247,30,157,83,215,157,171,114,69,73,170,250,36,95,191,151,128,212,176,219,200,129,168,16,139,68,112,83,26,22,188,13,83,227,90,39,147,191,225,86,82,47,71,139,93,94,157,170,72,242,84,71,135,30,78,99,5,235,188,216,154,233,165,183,51,74,109,153,93,123,160,208,30,32,121,159,216,203,12,236,151,113,88,23,190,10,103,16,51,125,196,245,44,111,210,252,146,79,76,46,239,191,176,47,10,29,190,133,42,104,94,147,80,157,144,191,164,6,60,106,10,192,40,130,196,63,82,252,188,80,41,78,65,0,240,247,7,238,121,254,32,227,63,135,61,108,76,115,178,196,101,243,73,59,45,75,199,112,216,174,38,148,79,56,61,69,177,242,15,31,229,153,17,215,29,254,223,172,70,12,145,220,131,250,73,200,218,84,60,147,54,254,86,190,142,237,79,130,121,118,106,252,162,73,59,160,245,132,23,53,140,166,56,121,181,13,189,180,46,146,132,144,192,161,94,195,52,231,182,252,68,67,50,223,143,92,172,61,27,46,78,138,221,21,142,108,9,2,48,125,217,198,170,128,10,100,186,223,238,6,30,121,177,154,97,233,238,228,128,211,94,180,130,192,235,241,9,28,245,59,84,34,29,130,21,82,248,152,51,113,25,13,250,38,145,214,55,78,132,118,182,60,137,104,88,221,57,64,186,214,101,180,255,251,219,221,205,110,115,7,16,177,102,153,255,189,60,15,163,200,8,178,163,236,199,234,134,114,142,172,131,126,165,0,235,243,69,252,85,145,22,96,245,228,85,90,250,151,129,253,246,181,117,75,214,80,103,7,3,24,66,5,134,19,153,33,137,134,6,165,191,229,142,170,11,23,30,116,235,174,217,226,21,189,193,177,231,144,47,135,120,14,171,92,207,157,174,95,172,122,64,109,101,86,238,219,53,152,83,119,55,242,108,141,230,175,208,202,254,223,21,78,248,199,219,189,60,145,17,136,109,152,255,129,243,15,181,49,205,139,93,109,61,123,163,93,166,103,243,163,244,207,177,107,171,203,167,45,239,179,71,184,173,44,94,222,59,108,242,151,137,192,253,87,93,54,113,201,238,228,249,53,254,175,246,243,52,215,182,14,21,184,13,227,254,122,180,243,141,96,154,179,232,254,59,100,245,84,130,138,79,181,89,221,118,95,191,32,196,73,55,145,194,100,39,113,70,13,91,192,106,94,241,68,219,66,103,174,153,91,199,165,9,166,10,33,227,227,235,160,197,184,11,166,220,28,189,138,170,157,129,26,24,244,31,194,24,181,25,11,244,40,9,97,220,167,43,119,93,16,4,149,210,76,16,194,63,66,188,125,3,75,154,92,243,39,167,150,50,205,230,207,221,183,223,127,184,171,209,144,179,122,103,199,233,252,201,183,44,84,209,114,216,14,95,239,252,16,199,62,83,182,235,39,222,7,219,100,13,121,70,245,11,112,208,65,236,144,236,223,3,129,164,39,94,127,161,65,215,234,152,207,148,240,171,84,227,47,130,46,170,165,6,211,19,27,138,229,228,128,12,195,225,194,82,160,27,20,15,7,213,109,204,61,205,26,34,155,92,151,78,36,89,209,37,245,241,75,61,91,20,103,54,212,137,190,227,87,30,4,189,118,55,68,167,133,98,150,161,102,118,208,75,43,238,111,135,125,57,230,163,253,65,197,141,138,150,124,231,1,254,229,95,7,96,159,247,84,177,113,17,38,170,196,1,9,122,43,90,134,59,42,63,29,120,15,123,14,140,85,155,45,251,95,193,168,76,182,170,30,57,26,134,239,180,244,193,70,107,150,26,64,212,91,119,107,112,116,242,101,176,218,178,132,208,249,119,87,111,78,207,192,179,177,88,140,19,20,131,49,51,194,119,8,23,116,167,116,91,168,249,106,117,115,174,23,140,86,218,76,101,254,190,14,242,11,79,118,17,0,57,193,213,110,55,155,69,47,69,20,42,84,204,71,164,217,31,206,108,67,127,194,177,5,5,1,182,169,17,123,223,116,112,184,97,78,24,131,86,112,18,200,232,45,239,160,204,121,158,87,211,187,107,41,214,70,143,253,15,192,22,3,198,174,78,67,125,227,58,225,118,162,32,99,43,134,224,97,209,214,193,249,235,99,191,180,234,8,33,242,218,69,24,200,89,83,202,8,179,247,145,27,208,55,169,51,233,208,207,23,141,144,40,208,188,184,56,109,153,168,100,2,175,54,222,65,47,99,234,138,179,30,219,129,207,115,72,170,185,2,213,214,58,68,122,191,182,182,253,11,128,47,127,60,107,205,179,45,216,237,164,126,169,37,208,213,90,3,89,122,167,165,188,225,47,202,152,205,200,191,207,10,133,16,151,68,177,175,160,62,19,225,191,53,145,157,249,19,61,46,209,235,103,153,216,144,71,141,10,107,19,179,246,193,6,241,213,122,227,1,235,87,44,171,197,250,123,95,239,29,24,229,104,32,152,98,128,87,184,32,249,37,194,42,159,178,156,125,57,202,86,40,145,121,188,75,202,70,71,169,97,244,159,64,208,228,242,137,38,12,1,6,46,179,17,85,110,183,91,47,32,12,255,139,207,93,51,47,18,4,224,148,91,42,180,172,89,116,232,68,16,169,55,254,151,197,225,167,236,203,194,99,231,68,151,79,46,212,62,213,165,26,89,73,177,64,234,95,167,201,10,12,85,67,77,217,112,201,193,12,255,90,135,158,34,240,71,104,163,23,160,162,13,35,52,170,194,19,120,249,43,18,120,201,255,169,120,27,177,158,201,166,19,13,104,178,113,113,57,44,164,220,114,35,4,17,183,49,53,33,70,60,239,222,105,217,36,253,99,22,150,136,20,70,132,44,29,25,112,72,73,30,123,13,122,250,130,232,112,49,170,7,112,52,226,89,56,58,3,58,193,106,122,43,182,254,9,110,31,15,190,205,234,105,145,26,30,2,226,209,56,3,62,193,7,11,219,196,5,156,101,50,47,134,159,137,19,62,254,147,247,4,23,140,151,174,210,92,231,118,52,135,4,94,19,246,155,190,160,181,153,36,214,36,11,116,179,104,104,22,163,4,104,80,226,100,41,138,136,100,3,178,74,187,115,225,236,190,234,14,235,55,79,224,32,23,132,33,90,114,152,113,59,153,23,90,93,135,14,115,201,16,212,164,202,16,25,145,184,120,146,164,230,28,44,156,4,77,99,130,21,131,219,198,232,237,214,97,121,105,174,214,95,152,237,248,154,161,84,110,1,168,138,76,47,33,252,188,168,10,9,127,165,248,8,73,41,228,76,73,244,39,28,173,18,245,45,237,14,192,72,229,36,110,70,60,180,115,155,119,93,172,255,204,180,169,137,74,212,63,149,77,74,72,44,46,180,142,90,44,127,171,53,216,240,249,247,230,49,166,43,55,193,15,226,143,232,184,11,126,39,219,215,87,184,54,68,176,163,175,138,202,41,104,182,193,9,187,182,132,87,3,1,85,139,111,158,67,34,213,168,42,223,144,205,80,191,125,27,236,59,177,178,255,134,6,174,117,146,55,8,246,85,104,108,48,52,188,97,79,177,9,18,183,69,43,246,255,128,15,234,84,63,75,144,67,204,222,222,92,183,213,72,73,106,247,133,40,85,179,173,254,69,213,162,73,41,115,71,97,151,196,124,218,80,87,29,45,191,225,222,122,230,195,41,17,150,142,113,226,44,79,76,118,26,6,132,133,224,112,98,114,236,14,34,204,159,43,124,36,220,240,31,156,222,142,104,17,47,233,157,240,88,207,244,192,251,226,22,152,111,132,134,119,110,229,243,186,251,179,214,208,192,75,226,71,214,192,161,187,143,44,232,105,36,167,206,83,212,254,27,243,98,85,189,176,205,157,117,117,183,11,178,176,219,209,11,65,20,248,75,96,145,227,247,103,178,250,193,228,245,139,146,195,138,92,226,82,20,75,201,52,132,133,199,75,210,69,152,67,114,76,70,18,114,167,38,178,195,235,229,78,241,28,110,29,254,50,72,252,176,235,59,11,232,221,128,69,252,222,30,183,159,27,207,225,241,192,58,205,76,62,151,43,58,126,16,154,72,30,6,9,227,103,9,122,187,240,176,177,48,41,82,78,78,217,252,198,12,80,185,4,24,230,105,235,193,215,103,20,80,10,220,144,119,17,71,198,3,69,90,21,159,187,59,24,108,160,243,113,254,62,206,128,5,60,98,194,65,228,162,31,37,177,130,201,225,115,66,148,2,127,210,34,188,148,210,241,69,191,187,149,13,189,25,134,174,111,28,142,235,141,3,194,217,9,240,1,188,20,143,82,179,44,160,99,62,197,47,205,198,192,208,235,163,37,204,39,4,13,173,121,29,22,234,179,226,176,81,129,8,232,44,216,65,233,100,83,217,90,220,75,89,127,208,166,33,72,189,105,228,203,231,152,78,158,213,81,85,241,189,14,155,167,218,209,16,41,201,247,181,111,156,123,183,69,159,104,211,213,208,255,29,68,222,10,113,76,2,114,112,5,127,133,242,60,36,181,23,161,41,38,146,127,157,247,164,23,231,167,151,253,183,53,170,84,143,208,156,202,195,103,185,23,97,236,15,211,48,65,78,86,60,143,125,36,79,245,0,178,79,249,238,111,29,228,145,201,245,119,240,207,16,230,45,3,26,249,242,106,11,75,241,242,5,205,191,238,182,232,154,240,58,34,122,104,39,109,25,116,230,149,83,96,88,170,173,35,28,137,95,47,252,93,185,232,221,222,114,12,219,232,245,73,81,153,188,21,4,221,241,44,244,134,197,133,187,98,206,23,185,176,237,173,118,222,173,228,76,165,12,142,23,76,29,100,40,173,195,42,241,186,62,13,62,130,215,24,214,238,71,40,241,251,93,171,130,157,234,254,127,183,220,189,10,124,215,87,159,186,0,231,178,101,227,248,111,80,147,100,249,17,85,214,155,22,246,57,73,236,59,85,0,132,64,41,123,175,10,127,245,126,35,36,189,114,63,1,133,28,248,83,114,90,131,177,248,122,88,134,182,94,87,205,104,37,78,178,152,216,32,242,236,79,39,233,254,129,118,24,192,163,143,35,145,212,208,56,169,34,65,201,216,173,44,136,242,116,222,97,118,1,150,57,79,235,121,23,46,201,249,95,211,71,177,162,2,122,222,105,159,46,28,82,143,75,88,223,233,17,131,2,29,24,22,72,36,194,111,125,225,58,250,169,214,213,253,54,42,31,33,250,164,158,140,92,196,244,226,5,76,70,103,28,24,13,152,173,128,162,148,243,118,30,61,195,119,225,20,167,220,176,134,252,59,199,240,198,238,74,73,186,172,248,153,54,239,151,101,199,3,239,118,75,210,216,133,72,108,249,158,199,1,192,135,179,205,237,173,80,192,80,79,211,174,159,214,15,126,178,45,167,188,156,176,232,175,86,222,88,129,57,207,8,154,205,41,75,187,24,149,1,173,130,119,18,216,60,120,62,138,128,220,69,133,104,152,14,1,54,96,29,42,185,126,218,85,193,166,89,161,139,155,58,240,148,1,180,242,243,139,183,7,15,118,22,152,187,166,170,189,101,2,9,67,88,71,45,241,118,227,219,75,184,162,83,28,37,66,102,237,244,167,173,8,65,248,212,82,98,54,93,114,167,176,129,172,172,145,218,215,65,138,224,161,144,225,0,126,85,2,129,26,175,248,182,54,198,186,110,145,173,159,111,149,214,161,241,133,72,192,68,87,146,206,194,158,88,167,17,126,122,130,109,104,221,88,17,173,6,185,202,201,232,231,73,94,229,75,58,4,144,202,140,176,208,11,168,178,188,89,57,55,238,214,5,212,160,217,183,213,96,241,40,250,142,22,7,50,35,162,61,57,9,254,84,172,246,249,8,202,165,192,171,255,82,10,249,28,90,203,208,189,108,161,23,69,249,159,10,106,202,55,163,89,59,62,96,68,20,220,86,135,15,126,235,194,83,74,196,100,161,65,39,17,1,94,201,232,155,85,209,217,44,37,165,241,137,207,233,249,15,190,193,133,133,200,118,95,189,51,101,85,237,64,148,119,234,166,207,205,228,250,18,244,223,184,240,91,51,185,21,15,108,59,108,106,229,11,40,21,16,207,116,73,36,215,206,2,131,156,213,50,172,235,190,202,239,247,120,204,173,35,51,199,206,100,233,108,196,197,137,18,32,242,6,64,253,151,236,138,90,6,49,49,7,223,47,247,208,20,24,197,79,207,169,57,142,2,57,73,26,22,69,103,155,216,198,53,187,153,224,221,20,51,241,101,5,227,243,244,42,106,176,74,140,158,21,209,21,8,221,165,7,82,133,72,132,14,254,170,62,242,208,8,252,243,121,188,239,181,67,12,59,186,17,123,211,239,180,109,239,56,63,14,164,174,205,186,173,88,116,151,191,39,60,230,26,209,60,47,176,12,156,45,193,89,0,128,250,39,159,116,119,5,70,54,30,32,216,5,251,173,59,183,255,31,36,236,67,167,198,181,2,86,237,163,47,116,154,211,43,132,63,173,96,40,123,104,215,82,142,147,87,227,141,171,35,85,145,103,51,106,73,45,236,118,16,251,254,168,88,242,80,162,31,15,63,175,198,7,175,78,96,113,152,247,23,95,109,212,137,101,50,140,229,176,169,79,132,224,248,182,100,208,27,244,204,209,63,249,137,231,199,60,220,97,151,149,59,189,62,230,72,85,161,117,231,7,61,244,170,31,174,129,199,40,9,228,89,99,16,121,17,143,38,83,81,119,100,31,48,101,78,246,227,152,198,154,240,51,75,121,72,198,225,53,11,249,71,60,177,201,202,62,137,193,244,79,220,130,196,33,181,40,22,171,168,142,86,55,30,55,66,36,178,168,28,209,214,54,188,113,18,33,25,19,71,207,97,219,91,1,42,180,36,56,34,210,128,32,227,100,104,107,23,187,184,183,227,226,199,87,159,41,80,33,215,240,57,182,23,21,230,253,244,198,183,214,103,149,237,58,18,216,228,46,120,250,153,159,179,88,138,48,160,163,111,50,81,204,171,187,13,31,169,157,133,122,225,87,1,52,147,253,28,47,161,173,175,102,12,164,173,60,98,31,130,88,25,196,230,84,245,125,90,87,45,48,223,119,131,168,134,218,120,56,166,33,20,204,72,58,181,151,51,117,133,44,141,99,231,194,91,87,19,65,202,250,13,240,31,3,28,110,132,32,218,185,202,161,219,183,38,149,137,44,30,26,75,1,26,93,207,117,241,227,222,251,168,213,12,196,243,241,101,193,81,120,100,114,50,199,109,104,180,217,126,251,206,181,140,38,118,217,84,188,201,215,236,114,86,182,254,22,6,226,209,88,198,214,211,24,190,210,168,219,17,134,252,182,144,147,67,78,154,255,110,78,116,10,241,105,251,105,32,127,184,208,128,171,161,10,116,2,68,31,41,101,188,49,129,106,131,174,213,198,158,101,162,164,60,20,47,99,82,119,136,215,66,104,228,29,90,131,41,236,5,158,235,16,130,251,218,188,21,175,121,33,154,67,4,87,42,171,223,245,178,154,144,190,62,15,113,31,201,24,190,41,166,230,14,9,191,159,247,114,114,226,47,193,209,69,160,178,10,42,139,220,197,16,64,243,140,178,7,200,104,118,60,0,75,75,165,224,23,108,57,241,75,210,195,196,56,244,182,77,79,60,159,11,66,193,149,58,11,181,36,99,224,73,50,204,134,137,159,254,207,217,52,242,224,97,47,126,178,161,53,144,6,78,14,26,174,83,39,134,30,146,22,137,71,38,230,115,166,208,0,48,168,189,80,114,56,15,24,50,23,52,99,24,172,117,251,150,251,155,41,55,137,223,94,76,171,58,21,140,184,74,88,254,220,117,126,110,255,123,96,194,12,100,107,27,150,215,161,150,105,28,157,149,71,191,203,130,135,238,114,183,11,104,246,234,20,43,58,255,89,226,30,134,49,98,245,214,237,158,196,43,92,250,243,47,210,163,102,134,161,250,38,18,167,139,139,123,101,155,253,85,97,89,52,11,237,62,155,157,35,180,47,114,88,25,243,254,27,148,68,237,24,27,79,61,223,246,19,17,226,96,253,139,136,123,123,122,16,110,5,86,180,136,241,203,118,22,155,46,193,157,250,179,80,152,181,133,237,207,103,51,81,32,26,103,170,131,224,246,228,175,249,163,123,79,165,175,131,38,236,186,0,207,226,103,48,147,136,118,183,170,56,218,6,42,178,90,133,115,223,223,11,126,32,114,222,229,77,40,135,119,40,226,110,134,106,86,174,90,205,169,236,113,203,49,133,117,21,157,205,107,242,84,37,191,232,206,248,71,2,210,98,221,35,128,90,153,119,26,90,82,85,80,116,65,197,133,61,178,68,113,75,242,131,148,35,136,182,120,144,71,203,228,118,253,254,56,109,190,23,151,119,170,202,95,212,234,111,127,168,14,19,144,222,217,224,222,219,153,81,14,234,135,15,58,233,221,181,101,148,190,27,252,101,224,211,67,19,138,169,205,245,232,138,121,180,15,108,102,46,178,96,6,205,76,7,80,33,239,40,209,107,12,64,46,14,20,122,204,219,8,18,230,183,204,250,75,243,106,166,180,249,247,139,119,188,143,16,162,167,251,195,128,136,203,183,255,228,201,94,119,128,229,161,173,179,130,129,143,167,104,228,218,183,171,143,181,93,84,184,145,254,160,253,67,250,89,117,117,12,36,193,196,101,160,90,189,51,186,119,18,207,188,10,245,225,220,125,227,189,59,0,215,53,201,167,72,51,253,246,234,127,24,173,1,173,131,122,3,208,18,229,217,107,225,91,120,92,117,223,196,73,66,62,82,155,134,123,155,47,67,251,25,36,93,55,216,214,199,59,129,181,168,137,183,25,74,251,165,111,61,32,174,5,142,147,6,77,40,149,40,52,159,1,90,235,59,18,105,17,23,164,124,39,153,10,26,25,154,22,234,235,193,191,5,168,214,113,250,49,35,251,185,72,157,123,165,89,34,230,215,29,48,217,131,150,173,149,166,213,146,249,125,240,238,237,98,81,172,184,92,105,26,11,50,48,98,113,43,93,181,98,177,60,232,159,37,117,72,167,237,158,213,211,145,170,119,220,171,32,117,83,80,130,67,191,234,135,79,66,172,111,137,137,146,64,103,150,175,232,187,193,68,161,224,113,201,131,249,168,22,34,118,61,146,143,249,49,141,186,74,244,84,51,112,38,129,142,106,67,137,212,44,208,243,72,14,97,71,254,157,156,75,141,48,180,163,37,115,91,157,46,16,246,63,125,49,250,90,224,221,221,204,184,132,56,80,175,165,63,250,45,101,208,121,159,129,194,233,87,102,216,132,199,89,150,5,69,146,60,145,166,190,195,121,203,195,146,57,98,5,12,157,188,219,139,62,21,40,54,215,55,130,81,245,52,2,4,141,17,226,97,70,171,119,27,162,246,215,153,102,175,104,215,137,253,109,243,35,15,165,111,121,191,112,3,163,249,235,198,185,255,145,224,239,193,139,48,147,7,220,113,101,222,172,194,161,240,67,75,210,229,65,204,123,82,56,177,43,147,191,189,173,65,38,198,216,210,147,11,98,213,3,199,244,107,193,47,175,27,138,68,215,237,51,50,230,2,150,212,71,56,65,194,183,109,38,248,206,96,135,214,217,156,96,185,163,0,25,131,248,255,240,135,152,146,103,159,201,82,69,201,148,19,83,139,117,226,238,247,29,225,101,224,232,118,63,169,101,102,137,107,172,34,27,45,164,194,154,219,14,198,150,165,249,59,0,52,203,229,234,151,122,41,243,231,187,65,211,27,155,160,193,205,115,72,185,98,31,53,151,96,87,221,224,108,249,233,95,68,222,107,157,186,9,96,112,85,101,151,166,126,66,228,177,147,33,137,167,251,5,180,97,226,44,190,136,119,83,17,89,151,66,133,70,168,109,12,90,176,80,18,56,172,133,135,156,16,8,186,208,242,154,68,18,129,36,19,157,68,21,99,106,16,69,123,50,2,12,68,121,58,235,230,198,239,105,156,164,245,185,168,134,214,109,39,82,42,24,235,241,223,233,214,208,245,221,131,173,255,214,111,25,222,173,155,144,160,211,158,239,205,6,181,240,3,142,127,141,185,41,35,185,45,89,93,10,7,61,252,37,6,182,182,185,208,56,69,18,104,150,242,106,125,57,45,215,174,160,208,196,69,191,42,170,172,87,34,111,18,191,204,3,252,126,63,194,142,254,228,114,8,80,240,155,15,148,149,178,39,172,11,68,116,128,78,122,206,198,157,87,230,190,162,180,169,70,84,87,166,163,137,91,149,149,58,108,129,173,185,76,61,83,246,244,81,3,126,43,109,175,243,130,75,59,76,73,144,92,42,212,56,94,109,179,183,131,70,205,159,101,97,5,222,142,63,144,89,8,202,119,17,255,208,166,236,34,110,41,223,58,196,188,119,211,36,20,90,62,108,26,72,96,194,85,103,115,105,36,195,236,188,108,133,251,203,107,251,210,251,157,205,247,240,186,2,173,221,115,60,208,242,233,97,219,255,200,74,55,178,23,247,56,205,61,126,19,11,84,237,129,243,7,171,194,170,250,101,194,171,30,144,193,191,198,23,167,86,132,240,141,221,114,144,155,84,229,217,66,185,146,196,45,220,159,178,12,200,165,43,21,213,47,190,204,244,244,213,146,74,65,90,189,62,61,86,232,99,99,84,53,241,49,34,230,193,54,120,112,211,102,222,83,4,108,172,55,16,20,253,239,56,93,237,108,76,130,239,167,248,187,206,227,232,220,223,62,6,244,47,13,118,156,179,202,223,180,33,158,237,137,112,90,166,61,73,79,42,93,255,241,191,71,187,118,90,70,252,27,211,131,8,90,198,180,167,67,238,147,164,129,215,131,60,97,4,41,8,140,57,208,248,242,223,249,97,171,140,172,13,192,120,93,187,4,161,138,198,153,185,103,122,56,190,13,27,106,109,153,215,20,81,137,82,185,0,63,25,12,221,197,108,95,90,47,85,177,151,98,92,206,171,53,121,179,162,245,34,38,131,118,207,84,194,201,116,127,126,80,202,197,134,8,183,2,88,8,53,52,250,220,66,24,149,95,69,89,24,65,4,107,68,63,143,178,80,119,43,100,79,107,179,144,31,173,74,91,216,95,197,253,60,44,212,229,177,40,74,33,194,22,250,77,89,74,36,193,222,34,24,225,27,125,203,183,64,252,40,238,12,17,112,72,197,24,91,128,27,8,198,45,215,214,43,21,58,163,145,24,187,126,49,66,210,139,115,93,10,9,112,192,208,87,162,250,67,13,155,48,126,175,239,76,130,32,217,33,83,199,34,3,5,102,207,17,149,61,139,52,92,87,102,253,233,180,10,132,135,216,159,33,149,224,154,162,237,139,121,184,135,112,71,204,221,144,5,216,215,251,189,222,32,98,246,236,62,91,194,66,90,91,52,95,112,251,255,226,196,160,64,26,167,136,197,190,186,79,50,208,132,2,22,81,230,157,208,5,164,123,45,70,109,238,45,122,52,100,12,103,153,96,141,227,220,81,229,111,124,142,223,174,176,49,179,36,78,88,252,186,187,55,82,93,118,242,135,199,190,74,50,86,130,50,115,74,110,31,126,72,121,51,2,13,202,166,164,154,21,173,19,7,209,103,142,189,155,74,157,202,210,132,141,55,254,224,135,96,15,153,122,205,112,33,66,145,90,69,97,232,45,234,180,123,14,237,236,157,29,18,197,97,190,105,127,247,88,203,22,255,211,210,120,183,51,175,56,95,39,185,253,24,101,229,153,164,178,245,13,84,50,150,70,234,132,97,5,32,17,41,190,100,25,27,241,236,173,109,102,127,150,115,68,136,80,181,13,232,210,23,119,102,44,202,102,159,16,118,70,17,105,253,67,57,25,97,77,178,251,231,89,198,251,174,1,127,92,244,231,144,103,44,94,164,132,89,231,99,243,143,227,60,217,132,219,21,249,169,119,10,207,255,72,80,203,108,154,100,46,81,61,226,149,9,88,94,196,84,106,29,175,217,167,44,11,170,34,159,69,7,27,73,92,164,177,221,109,203,37,213,23,253,97,108,106,15,58,115,165,253,1,108,83,19,50,143,152,248,197,228,79,142,206,142,130,55,171,159,181,71,43,245,183,213,84,73,207,150,88,70,33,80,120,150,67,105,182,24,13,218,78,115,46,130,100,216,13,234,55,171,253,226,21,161,127,29,143,173,17,229,149,175,161,171,233,155,77,93,148,3,242,190,123,75,75,6,33,233,25,8,76,27,141,160,231,58,124,92,179,173,153,4,113,33,218,66,91,200,165,248,255,177,46,251,123,38,145,56,201,197,235,173,209,183,40,117,94,161,22,62,58,207,176,42,183,14,42,20,118,137,237,1,147,26,44,56,2,157,56,99,229,252,183,30,131,88,105,23,61,150,26,153,90,189,129,27,19,49,165,65,194,40,137,59,212,146,68,33,244,137,151,157,168,106,168,113,175,139,32,204,82,221,41,124,36,158,207,108,71,68,129,105,35,92,64,255,126,98,99,0,136,96,201,238,166,49,8,89,14,225,180,77,139,90,81,250,204,71,165,111,168,145,166,117,248,244,108,152,184,1,120,66,3,56,157,204,134,76,133,14,202,71,29,101,216,83,73,119,48,176,92,160,184,45,202,184,205,244,111,77,205,225,97,181,234,189,144,214,213,206,111,206,40,41,204,226,165,120,154,42,30,7,74,209,35,138,115,55,198,107,243,216,106,65,164,39,108,77,234,241,112,172,39,54,119,55,132,201,30,97,58,84,247,175,30,73,21,191,114,74,99,214,208,56,212,62,145,11,132,209,172,52,69,183,34,209,128,91,216,124,238,69,126,55,207,220,221,237,192,56,214,169,14,60,0,148,168,222,218,5,117,49,239,67,201,103,25,149,198,223,13,193,89,108,46,55,201,207,0,193,1,104,102,3,197,236,84,86,136,125,26,163,197,131,63,122,228,41,204,181,118,52,39,40,25,153,3,75,96,91,60,206,140,236,255,1,173,153,210,158,126,138,116,120,52,18,170,9,36,96,133,17,192,181,10,203,71,187,189,8,20,140,20,197,93,98,80,29,153,179,230,6,191,207,125,251,251,138,7,49,172,75,161,79,49,61,190,156,130,222,199,178,188,245,94,139,158,195,134,133,250,167,40,143,92,233,42,219,220,13,250,139,108,118,35,202,172,46,29,187,107,194,179,244,54,8,81,223,190,234,35,7,193,244,66,38,77,45,207,98,178,160,89,6,14,247,54,99,85,176,174,243,254,115,234,222,76,2,5,227,26,6,0,56,39,246,114,57,112,225,238,45,211,12,1,223,94,255,136,3,179,92,15,209,162,205,149,152,74,16,34,41,242,90,192,152,49,14,219,40,93,118,218,56,65,216,90,199,229,49,128,150,224,176,54,76,183,28,120,184,211,167,180,192,142,2,33,180,229,12,154,151,38,59,40,114,194,226,213,68,196,127,55,46,242,232,44,24,133,249,75,158,175,96,109,28,200,177,117,152,99,100,30,94,81,133,98,171,43,62,209,156,107,233,212,114,217,3,214,148,54,46,153,4,255,101,212,98,249,197,135,175,71,205,26,172,208,201,125,21,120,118,27,32,117,238,179,85,101,45,63,28,194,160,237,203,208,243,181,240,218,223,215,216,217,22,50,25,26,211,199,175,134,65,104,103,131,228,25,228,101,120,77,205,50,8,137,20,249,105,123,2,169,48,235,163,51,35,11,76,236,114,185,197,239,245,221,212,10,237,188,3,198,199,151,114,31,244,178,45,183,55,10,68,77,70,147,237,82,244,99,79,155,114,69,116,205,135,123,222,101,238,206,66,114,191,113,37,140,163,71,252,182,122,155,161,134,94,177,125,25,83,174,10,178,72,68,109,143,126,188,218,58,147,15,219,122,253,98,81,135,59,245,127,138,94,57,6,225,222,154,19,167,89,175,49,148,150,120,228,130,105,9,166,15,82,233,12,156,123,143,103,58,206,198,105,120,245,0,255,190,204,71,188,158,235,224,164,162,113,56,174,184,225,243,255,25,244,79,151,206,160,22,86,221,88,200,50,56,126,176,52,42,41,205,211,155,247,5,18,225,16,253,43,251,233,188,62,119,153,222,85,231,43,217,50,187,224,71,137,94,165,140,15,186,201,113,124,67,112,26,25,89,185,177,246,193,25,243,118,101,117,24,217,173,82,111,43,112,45,191,91,250,119,181,133,60,106,0,184,133,179,120,27,248,58,188,67,236,186,193,175,127,18,236,203,147,196,41,160,18,13,240,139,235,1,37,217,27,54,119,81,146,136,104,98,38,222,247,130,71,94,20,3,110,131,219,113,163,91,229,107,126,211,10,106,105,22,38,165,96,76,222,89,93,43,10,255,91,243,183,211,186,153,230,54,13,168,222,99,48,68,170,137,76,79,199,184,85,42,127,42,46,165,204,69,22,123,183,63,78,51,228,175,184,2,20,124,72,90,133,211,50,228,96,103,131,85,118,72,201,210,224,161,177,90,177,178,2,84,56,239,73,162,135,144,167,156,184,151,5,49,203,124,228,171,37,179,145,101,30,237,238,167,39,97,71,163,56,169,90,21,212,172,124,9,254,160,162,252,156,1,182,56,238,190,89,215,92,165,85,175,143,190,42,38,202,0,100,150,156,29,37,226,49,127,180,117,207,85,25,233,143,182,131,163,184,217,149,245,72,131,42,186,94,84,0,248,116,236,28,4,92,138,205,92,157,43,111,78,70,133,236,152,23,81,229,35,94,175,188,5,231,197,229,143,66,77,128,117,124,99,234,10,114,230,65,239,172,98,209,4,172,35,227,16,127,55,158,121,118,48,197,140,13,140,120,105,190,140,187,188,71,173,250,121,115,202,78,255,108,182,43,173,139,64,215,140,180,208,210,127,100,103,131,143,250,225,192,111,168,132,99,251,227,6,70,30,162,95,226,90,6,128,172,108,154,83,23,219,243,13,216,198,205,128,137,80,176,128,12,59,83,12,119,241,238,109,215,119,37,238,179,103,71,57,131,191,141,220,113,213,241,34,65,65,2,197,52,142,132,236,177,252,229,109,177,63,33,194,112,103,31,121,123,50,251,123,118,30,221,217,212,40,241,154,52,61,23,114,235,47,120,66,146,237,116,162,92,90,165,143,176,59,122,22,197,118,115,148,7,158,43,188,185,241,111,77,3,88,192,241,44,215,165,28,219,242,146,137,9,85,35,100,209,136,84,144,176,33,152,121,18,24,42,246,238,165,89,61,193,170,229,199,238,80,250,163,172,101,160,74,169,9,82,117,86,97,93,42,136,70,144,98,105,93,14,36,156,216,181,193,22,69,36,76,252,196,247,81,96,83,216,44,183,86,235,247,140,158,159,143,28,84,196,72,25,41,17,182,47,251,112,154,82,164,125,10,95,83,66,98,255,187,242,254,109,157,100,123,224,5,175,246,76,199,114,62,23,231,1,123,47,175,228,192,14,6,107,62,180,30,18,135,118,219,48,81,110,77,100,13,168,73,139,219,227,150,46,162,236,161,7,202,113,202,41,91,163,34,106,222,92,77,101,66,36,148,85,29,166,164,26,168,153,111,243,177,94,43,172,252,142,175,108,113,123,2,100,102,229,134,253,71,237,175,203,121,142,184,147,198,50,38,2,191,57,137,4,161,134,157,40,79,48,125,228,105,151,89,29,227,168,96,219,39,166,129,2,253,212,179,89,186,166,240,0,255,195,175,16,148,68,3,80,113,16,236,92,139,161,106,23,90,53,66,169,241,252,147,241,166,116,7,234,189,201,75,213,128,157,59,12,191,208,58,228,125,6,197,30,203,159,92,215,133,192,135,19,28,147,192,134,118,39,131,181,101,204,141,35,185,129,125,58,75,45,66,64,225,144,155,8,62,247,114,144,104,38,2,158,208,205,251,40,62,126,151,143,254,192,185,98,12,68,206,154,42,127,117,138,67,13,55,34,219,58,224,7,93,137,27,22,99,40,83,242,51,169,124,249,12,64,105,31,16,7,25,195,172,136,175,224,235,102,67,124,98,159,107,212,196,124,2,61,81,170,112,88,136,10,47,153,230,228,159,180,222,149,190,124,85,236,184,249,68,92,38,122,62,124,5,122,10,119,71,123,23,150,231,90,247,239,67,207,79,100,122,86,21,29,253,205,158,158,185,124,27,188,92,217,117,185,120,212,248,118,144,219,171,154,217,148,243,140,43,100,205,128,217,109,187,66,225,75,105,145,141,10,166,15,71,225,52,0,49,200,227,168,28,131,107,138,16,5,38,239,204,254,177,217,159,170,226,243,113,112,244,211,38,83,209,164,21,37,30,213,77,76,166,190,56,151,162,201,25,44,248,153,98,213,209,124,7,242,27,93,44,131,132,83,64,127,68,77,197,109,138,76,241,221,114,184,164,182,58,26,77,147,228,32,48,173,184,28,253,147,254,102,38,223,11,87,68,85,105,89,173,114,206,88,110,181,110,226,128,156,253,250,214,117,11,191,237,92,12,197,43,205,15,111,103,236,130,243,236,116,209,155,232,18,248,184,0,28,110,203,173,103,223,6,252,176,20,37,220,126,153,131,55,41,146,38,208,113,145,141,191,174,120,142,212,53,191,130,250,228,34,12,74,8,40,21,157,143,80,255,32,2,28,233,127,49,150,135,170,91,183,243,180,121,227,184,82,189,23,42,177,124,48,57,191,19,123,150,6,251,27,234,114,31,65,95,33,192,55,186,12,177,176,160,146,46,222,32,209,12,193,92,245,2,174,18,155,144,81,248,253,44,11,24,13,14,126,91,80,37,213,116,58,242,161,136,111,83,122,39,83,229,16,34,240,153,93,19,7,210,147,35,20,103,61,158,26,161,117,16,77,32,89,73,169,194,188,14,206,20,78,207,242,150,10,235,217,99,232,18,100,52,124,228,249,48,212,87,142,116,252,135,25,153,50,197,198,9,55,219,183,37,157,8,51,104,26,1,46,222,203,246,208,227,71,55,112,169,131,30,183,200,221,249,125,2,40,123,128,68,114,59,178,86,5,11,152,227,93,4,64,248,226,191,97,39,53,199,170,208,50,4,10,121,22,91,89,141,80,94,56,158,158,219,195,175,104,157,47,111,9,228,84,231,50,132,22,15,124,28,80,248,39,53,138,83,105,84,128,186,239,194,56,97,72,157,194,49,63,11,89,154,22,244,174,105,11,166,44,119,14,228,200,10,201,235,57,238,170,24,58,215,10,83,221,40,152,241,4,103,16,59,65,15,84,31,206,0,105,85,38,140,210,94,104,163,128,194,101,51,31,233,160,148,62,118,39,150,51,44,246,30,168,32,162,54,108,38,236,86,65,83,14,202,136,209,206,92,3,26,129,105,105,154,59,217,168,152,32,17,89,183,253,118,123,197,228,189,117,118,29,103,90,196,70,179,49,10,209,116,18,7,93,118,214,33,14,219,74,240,100,108,150,28,16,189,26,192,22,109,240,120,240,179,174,96,4,211,194,62,126,236,152,129,231,178,146,114,138,188,11,20,199,119,113,85,74,227,190,23,64,9,182,183,119,76,169,0,74,211,66,42,193,226,0,220,158,26,230,9,119,114,138,222,246,122,180,111,112,220,212,32,236,2,215,118,79,92,213,111,41,132,99,88,104,59,224,226,0,95,118,227,177,137,114,27,222,247,115,194,93,249,109,11,231,1,209,126,26,222,176,122,68,174,190,160,82,204,197,23,38,13,170,98,169,121,12,163,84,77,248,74,206,132,73,110,111,8,192,6,18,117,35,22,175,117,214,121,220,187,105,192,135,113,157,204,253,56,23,3,39,105,58,32,179,88,230,2,12,44,9,238,216,95,208,78,74,231,202,103,145,49,194,48,206,238,196,75,94,242,175,246,198,62,142,78,248,51,233,146,195,110,224,235,54,115,253,241,162,89,213,14,136,243,27,162,249,27,161,213,119,223,236,204,17,233,113,251,58,1,8,181,70,155,31,165,135,112,184,222,154,185,95,63,185,122,250,147,184,34,98,0,202,202,198,134,7,82,10,116,78,65,34,174,131,249,239,2,15,104,56,70,32,199,250,164,102,40,94,181,13,72,61,61,229,174,190,101,242,206,114,46,253,223,175,7,213,17,151,117,65,77,123,22,171,181,72,137,165,68,67,124,83,133,18,38,9,89,132,20,121,104,139,217,239,106,106,184,229,50,220,123,49,42,78,92,108,183,17,190,45,143,102,243,254,30,157,44,128,111,163,254,131,75,215,94,113,153,213,107,32,243,244,82,151,253,131,54,153,17,144,10,254,235,145,142,135,17,122,182,74,30,6,4,163,230,9,19,225,73,247,73,208,150,31,18,250,60,69,30,25,179,219,153,103,236,126,64,56,11,114,106,255,2,203,85,163,214,103,49,144,198,183,223,196,221,68,68,73,107,58,193,12,199,174,52,190,31,237,238,90,87,14,160,144,67,30,221,3,155,164,136,213,142,118,19,208,6,227,18,129,213,28,187,67,16,28,23,108,93,234,62,146,55,192,31,143,217,112,239,70,252,130,36,94,21,14,170,204,145,126,207,29,105,21,14,212,1,223,4,26,186,138,57,248,20,236,70,74,150,54,132,93,54,161,175,254,102,29,90,55,234,171,149,246,29,55,157,196,47,236,205,238,40,159,102,221,115,233,176,39,166,11,20,96,145,208,132,225,186,247,52,212,168,71,231,118,236,138,9,113,248,232,144,213,109,255,47,44,253,109,249,127,93,108,167,168,34,150,57,69,123,183,155,30,210,102,253,47,6,221,253,251,5,212,29,156,252,65,143,234,127,181,157,119,129,125,81,243,18,60,99,203,83,230,69,208,7,112,37,31,96,176,76,223,61,8,107,237,103,108,158,210,133,162,235,119,218,199,160,235,240,143,6,78,60,30,246,105,25,14,238,41,202,107,252,15,215,28,12,64,17,155,130,67,216,27,121,36,93,105,83,76,62,49,226,211,3,206,29,138,88,19,127,165,117,191,12,29,237,229,64,117,133,180,151,120,217,181,13,207,110,115,24,154,169,169,228,245,75,159,191,233,129,156,209,202,236,41,247,33,140,23,233,85,141,243,11,243,126,238,11,118,191,38,199,21,227,206,149,212,69,223,77,194,10,239,227,68,116,52,68,178,193,82,171,55,83,39,59,58,138,21,174,170,42,247,88,168,219,73,217,176,84,103,76,139,168,218,212,4,176,163,205,91,57,239,49,146,228,4,37,74,86,107,247,216,217,11,129,167,190,77,164,233,162,145,98,208,198,98,71,195,153,244,235,163,66,172,81,140,240,123,60,190,28,2,234,189,89,198,65,65,215,191,137,135,138,226,242,122,130,10,196,38,177,116,250,160,250,103,92,73,167,196,150,169,54,182,64,20,133,112,243,140,96,99,227,254,204,83,8,75,51,15,167,156,66,230,192,146,55,45,34,240,73,233,199,73,59,42,35,34,93,237,33,155,17,125,109,126,17,125,127,34,29,223,70,145,11,216,33,172,137,181,201,34,47,189,236,45,63,152,67,210,184,28,163,182,158,200,50,39,252,151,111,152,131,240,53,6,95,201,55,57,160,245,156,139,62,128,52,238,245,103,127,253,99,188,170,198,103,38,38,156,66,108,93,47,153,145,70,178,133,169,168,176,43,21,23,241,159,24,245,148,245,236,133,8,77,82,66,17,97,228,138,223,170,100,128,14,69,226,110,165,29,1,22,242,57,229,160,223,247,181,17,49,166,23,245,191,101,151,153,155,223,143,178,185,243,227,253,12,121,67,16,86,51,25,36,194,158,169,243,66,67,254,3,201,65,58,90,8,215,30,19,82,243,173,6,78,9,32,10,191,26,44,249,50,251,112,9,65,24,98,26,24,122,60,202,188,200,13,118,175,161,253,56,128,195,117,185,118,206,228,25,0,153,86,50,82,57,93,98,38,30,211,216,163,75,179,112,90,142,142,80,255,25,132,110,61,94,122,2,54,188,0,67,16,148,124,122,154,185,186,221,14,255,164,215,39,72,92,218,126,156,233,69,71,0,21,14,90,218,189,25,78,36,110,211,164,135,4,244,26,16,225,62,232,239,170,182,117,146,85,97,1,193,121,156,211,182,31,110,217,196,39,134,28,181,231,70,140,11,189,22,118,191,45,168,175,255,233,86,35,155,166,67,215,28,70,155,83,193,35,20,191,140,154,0,119,68,222,27,54,250,184,247,51,99,172,189,69,48,77,129,93,116,98,131,16,21,231,109,13,92,216,115,253,82,240,55,67,92,122,146,172,144,111,159,249,146,76,71,173,246,108,30,119,205,34,181,83,240,45,98,58,23,37,193,217,126,15,81,95,83,109,74,58,233,194,89,132,153,241,194,85,41,58,154,94,218,187,122,7,190,203,212,133,47,98,148,124,155,140,61,231,113,31,241,229,225,73,249,118,233,149,179,166,129,90,31,158,108,97,61,240,204,80,59,38,95,234,244,155,148,104,56,36,70,202,66,55,199,79,153,158,207,234,172,42,136,157,63,192,199,208,73,90,169,223,27,109,8,11,112,97,22,99,203,196,172,175,176,13,122,207,179,202,25,252,148,135,112,219,54,42,174,240,233,177,14,133,198,153,35,209,84,75,76,28,189,67,71,224,127,6,120,176,200,173,246,19,69,122,158,89,186,106,176,68,232,149,83,210,221,34,196,197,110,246,70,53,136,119,103,199,19,153,42,169,209,219,146,0,245,47,20,214,123,159,231,223,22,115,12,125,107,86,233,75,165,1,23,4,167,210,232,31,92,168,150,160,53,162,159,175,226,6,120,114,190,101,140,114,215,184,198,129,120,179,173,244,60,139,130,7,214,119,71,43,131,94,74,76,209,145,227,48,236,89,254,224,125,169,127,186,156,194,155,125,52,226,237,199,221,208,211,215,31,10,218,10,220,136,201,60,254,165,250,180,180,203,224,216,38,202,73,50,69,203,59,14,130,213,18,58,191,93,158,56,34,150,208,163,148,124,108,143,6,172,6,241,77,109,112,245,238,103,52,41,63,244,132,133,162,172,30,56,80,164,193,88,95,73,171,151,14,126,252,109,231,186,226,4,113,183,210,108,87,32,57,151,138,44,234,87,205,130,217,210,146,33,87,217,174,104,253,161,108,215,51,111,119,10,46,6,189,95,255,134,136,70,125,73,20,58,216,151,89,195,99,26,12,233,165,237,43,82,151,231,83,19,161,191,46,104,167,196,57,75,240,83,166,63,10,204,236,82,201,126,185,11,30,220,119,194,32,61,58,246,94,103,111,50,195,45,93,61,108,230,227,152,183,187,114,157,174,211,96,81,40,52,211,241,225,147,138,53,85,233,40,109,229,105,112,118,104,5,46,177,33,53,84,218,24,58,155,161,182,126,240,212,52,52,111,80,108,230,35,117,155,239,134,72,52,36,230,235,93,85,218,121,147,122,161,238,10,29,43,180,138,100,201,137,119,208,79,22,198,194,52,11,59,20,235,95,237,61,13,63,225,206,99,82,202,148,45,252,119,166,80,82,41,103,111,23,88,84,156,32,149,104,73,74,184,245,5,33,1,123,33,109,118,216,197,219,10,0,27,137,49,227,179,109,21,120,156,153,12,38,229,87,223,249,80,150,170,122,146,227,105,31,161,65,164,89,215,206,159,189,87,210,235,194,143,115,196,225,117,176,21,92,167,148,110,7,39,85,207,92,215,230,181,63,253,153,187,252,171,153,33,213,46,30,87,206,97,75,147,182,61,124,212,183,45,254,187,8,141,1,203,223,75,80,38,193,43,192,36,87,223,51,249,102,222,75,34,124,149,64,183,47,98,107,123,78,172,146,93,110,247,164,103,198,138,79,223,107,76,7,232,175,56,79,145,72,144,121,85,48,66,97,25,62,23,252,114,151,172,225,25,18,8,73,182,226,64,47,75,216,103,132,203,134,145,102,243,15,8,212,100,104,24,121,99,105,18,203,125,31,164,7,157,45,75,122,252,77,161,12,248,38,129,63,2,9,123,23,131,235,255,140,35,6,74,138,25,98,179,61,186,180,84,144,228,189,145,156,150,216,32,68,45,156,127,10,118,253,9,41,205,53,141,43,162,152,141,190,216,242,31,74,13,23,194,61,216,104,206,226,171,79,181,155,140,180,227,174,209,219,18,219,81,211,89,151,83,242,114,217,148,209,191,115,29,12,20,182,209,228,25,20,223,181,250,85,252,66,189,47,35,240,67,126,66,183,118,200,239,71,168,120,180,189,235,214,206,79,135,213,47,170,146,209,244,136,43,124,81,18,236,186,172,170,144,38,23,249,41,255,239,205,237,168,200,251,122,100,197,78,149,123,221,228,98,233,240,200,137,146,212,62,182,211,249,155,102,150,211,130,5,206,59,49,43,5,21,220,193,86,54,212,203,72,105,242,5,20,222,175,129,38,208,139,224,67,150,132,148,219,216,85,164,179,211,79,173,40,202,100,147,234,184,219,31,160,183,246,16,2,161,174,157,16,74,88,71,60,81,251,66,19,123,124,181,131,147,168,29,190,232,172,175,231,115,60,165,176,166,64,102,3,249,60,144,53,111,146,141,191,80,20,50,100,10,100,241,250,225,41,98,62,87,27,183,227,40,159,36,144,210,47,146,180,5,216,77,172,77,5,60,74,27,170,124,223,162,147,15,29,207,241,92,112,92,135,190,88,65,94,3,147,255,17,120,176,40,124,120,50,169,190,213,208,12,30,110,155,242,139,7,227,94,206,108,115,106,7,9,253,147,46,247,178,181,40,166,231,44,168,70,68,248,180,15,82,183,160,247,150,227,80,24,153,45,241,127,125,4,92,144,125,171,28,39,126,145,232,43,143,124,150,11,130,70,111,140,236,47,162,51,192,4,125,22,16,85,214,36,136,78,197,231,115,247,175,199,47,214,128,118,64,55,241,50,3,173,24,118,177,184,73,68,114,111,141,135,115,25,241,5,71,138,141,135,117,67,167,106,23,92,177,187,240,155,248,132,143,14,128,165,91,0,197,194,104,121,212,91,21,66,90,196,227,187,243,185,58,106,171,160,37,246,153,71,76,27,105,209,153,193,210,200,148,100,56,199,116,235,30,183,124,7,164,234,209,80,69,123,214,67,38,108,238,92,168,228,116,168,102,191,52,163,123,209,241,40,108,12,119,54,84,213,29,159,85,98,180,3,96,58,90,172,77,82,16,205,59,136,239,203,2,52,164,142,160,34,197,55,80,83,41,217,12,254,104,28,45,216,34,10,82,14,80,124,54,179,235,164,150,28,223,15,111,15,46,27,178,36,127,225,42,121,156,30,185,117,89,235,149,166,85,42,34,255,166,210,248,213,245,136,178,231,134,7,239,25,211,72,234,179,113,78,93,133,135,103,208,229,232,47,115,182,203,254,100,89,113,174,127,22,42,13,93,105,38,245,56,76,36,140,136,50,83,177,18,216,116,4,149,249,211,33,77,214,100,175,42,101,31,228,115,16,247,177,92,188,170,43,222,209,250,215,115,215,238,38,74,127,218,120,8,174,32,119,111,6,92,38,196,215,158,99,188,9,26,207,248,201,204,150,89,156,152,42,213,185,114,214,61,140,49,134,160,83,173,206,118,179,157,41,180,98,241,167,0,43,87,200,105,13,241,215,239,72,157,8,18,47,228,253,150,78,211,181,171,223,196,11,64,21,36,236,175,85,232,134,67,104,200,59,36,210,45,14,62,86,196,57,78,173,17,120,109,220,105,17,203,76,149,166,220,34,255,19,181,14,227,1,193,115,222,50,218,236,233,17,180,180,107,118,99,136,13,56,191,102,34,117,239,240,0,181,240,198,92,111,76,79,253,18,149,42,195,108,28,90,39,111,213,143,66,245,37,123,220,47,163,87,200,229,129,154,155,233,182,251,37,242,193,60,104,35,166,233,51,96,149,116,252,9,54,206,181,86,183,220,219,68,69,107,133,213,154,138,161,182,226,25,253,238,117,50,112,30,108,64,204,248,92,53,126,9,202,26,127,33,149,132,117,240,236,11,105,221,63,84,164,188,226,159,104,49,37,240,148,198,6,55,96,232,24,170,246,187,207,226,0,45,74,186,114,234,8,69,77,0,179,94,195,26,153,55,129,57,242,166,173,226,62,109,159,172,31,38,187,177,171,45,135,126,125,205,82,26,186,190,206,124,244,98,202,165,211,100,131,247,137,195,229,136,120,45,66,109,62,53,113,75,57,221,107,204,245,238,156,174,218,140,150,117,3,83,205,225,50,0,227,247,123,139,20,1,227,252,20,185,13,52,130,235,35,220,8,149,222,251,178,1,176,242,91,220,80,21,215,50,94,199,103,51,111,103,210,37,71,226,184,109,149,174,5,132,30,193,4,134,92,218,231,206,140,128,7,192,37,155,124,205,145,243,148,226,254,56,187,99,255,219,203,222,15,153,21,128,103,162,115,157,178,7,137,145,142,3,200,239,12,55,98,179,232,241,14,109,235,139,7,78,99,22,29,177,41,139,28,101,198,179,167,15,220,17,206,199,125,202,254,229,113,80,87,119,234,33,244,132,76,196,35,23,110,206,68,209,38,108,67,73,174,192,104,155,54,101,29,26,137,240,114,181,111,249,133,253,207,249,179,42,151,72,237,1,249,48,77,29,47,59,65,55,35,161,207,105,46,126,23,198,207,154,151,243,21,127,76,34,84,151,26,141,9,0,48,103,206,103,51,158,188,5,102,2,214,89,28,207,82,76,206,173,208,182,124,97,3,133,92,92,229,45,226,43,73,133,22,105,235,181,243,29,27,69,103,248,33,41,30,69,244,204,175,27,116,171,27,252,104,206,97,51,28,249,205,174,159,81,217,67,60,198,3,147,147,192,156,108,151,102,223,1,209,37,216,60,152,187,199,195,6,114,91,103,208,173,167,124,30,205,16,117,71,6,18,189,34,43,216,79,57,233,178,23,212,17,222,111,139,113,183,68,185,27,203,23,216,163,157,231,125,115,104,96,21,198,33,240,136,101,108,162,139,72,25,237,10,62,25,209,143,216,2,125,194,233,1,33,54,35,186,8,49,221,213,187,53,72,151,73,107,108,167,184,229,13,45,169,79,206,56,152,113,181,119,163,164,156,210,12,181,183,39,14,150,149,223,32,86,10,34,147,131,54,219,246,126,98,96,86,136,247,71,182,234,143,198,163,53,136,74,109,16,214,149,122,254,112,195,0,230,91,147,196,87,18,54,211,224,221,74,31,90,242,93,144,130,254,236,244,41,209,21,255,131,16,97,217,21,116,108,111,229,108,108,234,26,38,99,81,195,105,68,208,47,114,229,50,244,223,228,104,234,177,172,112,206,233,79,63,75,119,69,185,96,15,73,133,139,70,192,141,90,84,193,104,240,223,34,181,135,101,254,2,165,117,49,117,19,223,12,203,211,34,226,187,240,82,255,35,226,128,136,160,217,25,131,218,25,136,97,15,165,50,119,69,73,93,44,171,61,100,114,26,177,133,46,135,10,57,114,109,67,1,151,67,139,98,96,158,253,204,21,105,38,48,66,240,136,247,142,153,36,150,195,6,1,180,128,131,60,209,25,126,251,30,62,43,250,16,93,12,193,208,5,218,100,35,141,105,29,99,16,101,121,32,165,45,8,117,117,144,140,118,216,39,112,169,44,51,46,74,129,27,202,187,170,228,50,66,199,167,254,253,34,166,158,229,82,26,102,223,250,22,76,8,136,180,154,30,27,85,135,135,163,39,37,160,169,189,2,103,207,101,13,47,141,116,69,189,65,210,3,108,170,185,119,175,226,187,225,170,230,57,63,2,143,110,84,11,141,216,15,201,99,185,106,234,155,56,214,80,117,46,228,203,128,196,245,51,133,82,142,82,203,255,147,31,178,172,0,31,150,104,160,90,70,241,124,74,130,60,152,218,34,252,219,131,197,17,161,50,243,243,247,144,106,83,71,164,205,99,96,67,207,191,157,184,113,39,59,185,157,120,1,51,152,249,218,66,63,241,185,0,226,158,105,15,201,198,121,38,226,126,100,114,45,186,57,81,236,178,170,139,6,125,92,240,14,189,164,208,27,68,118,140,59,114,72,16,135,187,158,200,169,202,28,160,86,210,227,29,207,121,236,244,63,188,9,133,5,50,167,109,70,128,216,68,192,14,69,198,3,161,149,37,38,100,235,252,16,58,255,22,123,132,14,51,2,237,133,82,236,150,60,23,52,112,150,237,115,175,42,209,38,31,148,129,131,33,115,26,32,140,109,113,211,37,29,233,51,210,139,102,238,40,203,201,91,156,161,207,115,13,113,22,121,152,9,68,81,133,30,176,213,58,133,137,152,148,156,108,79,162,218,164,50,73,90,21,138,162,141,174,85,0,171,155,145,204,92,110,135,115,180,96,240,177,200,33,58,248,24,4,171,171,0,164,168,105,150,30,199,180,130,87,67,9,189,120,145,182,4,6,168,1,176,73,209,15,231,162,1,102,86,231,82,141,151,252,38,2,196,50,110,25,240,237,123,236,133,153,118,116,1,248,14,4,154,115,145,124,46,161,62,189,210,92,182,112,170,37,152,171,245,105,154,75,145,80,42,227,194,27,136,229,54,133,172,246,26,222,165,201,103,148,111,67,135,45,237,129,175,240,207,138,78,155,206,237,83,237,175,188,231,236,178,47,106,34,99,30,170,206,253,252,35,108,240,131,254,66,242,187,254,252,6,179,127,94,230,22,57,179,245,214,155,16,50,34,11,16,218,193,205,69,137,133,151,230,116,221,130,124,174,23,57,178,168,90,239,60,71,239,118,145,55,182,109,94,101,8,152,165,73,151,235,102,224,165,191,124,129,64,216,102,168,28,210,232,176,206,165,196,161,250,202,93,7,8,242,181,75,233,151,61,224,48,226,244,11,73,238,45,8,87,162,178,198,184,189,91,143,115,34,187,45,97,175,50,91,145,197,128,99,222,174,175,106,130,126,145,70,7,41,173,224,185,115,21,223,37,66,242,29,213,62,87,4,162,183,125,180,151,236,144,62,97,7,250,8,1,133,90,159,75,242,175,158,230,17,116,77,91,148,207,57,117,121,91,68,101,169,249,25,120,159,188,224,163,154,209,148,194,115,198,17,67,23,253,124,220,109,153,229,221,32,250,112,14,20,251,220,159,159,116,188,151,232,24,134,246,216,36,121,76,112,192,201,153,189,61,193,194,69,146,117,90,226,239,154,145,3,142,115,51,41,73,200,175,122,180,12,199,74,93,96,75,4,168,70,193,129,33,101,86,181,66,56,189,233,114,108,28,180,46,28,37,244,252,130,165,173,255,81,29,205,129,107,227,28,140,246,117,224,173,97,95,31,237,183,193,185,18,143,10,156,29,26,25,215,186,38,226,66,222,149,174,222,119,247,216,47,69,118,180,248,245,182,21,167,16,22,212,125,149,4,0,30,127,192,175,149,208,22,12,111,65,229,118,154,231,20,14,68,67,212,20,127,194,176,32,143,213,64,86,161,201,236,180,198,120,237,38,49,6,153,45,112,125,110,7,44,59,65,144,169,60,40,220,63,28,170,109,72,240,51,121,43,74,72,199,222,181,110,49,230,113,62,194,175,230,242,109,204,19,73,5,6,43,239,207,87,221,201,178,234,251,178,114,130,170,160,170,222,129,250,142,99,156,42,150,243,201,226,128,208,140,146,206,131,110,46,173,84,226,180,252,179,151,202,87,116,216,121,216,152,216,110,36,222,26,2,83,159,189,29,64,122,148,16,31,5,207,84,86,183,151,210,47,122,231,190,116,59,56,236,65,70,117,95,194,153,208,3,134,255,183,43,108,190,90,113,93,143,168,122,187,38,53,96,187,69,11,210,172,8,0,57,46,113,33,26,222,242,152,21,12,74,221,214,50,125,227,89,22,19,208,159,178,126,150,33,248,149,215,50,92,110,65,88,126,115,248,174,32,48,245,242,105,9,216,169,88,226,243,72,107,251,250,198,186,64,170,74,193,87,208,253,60,81,62,149,33,54,26,244,38,247,118,220,74,135,50,184,16,191,108,173,142,33,143,234,211,67,245,9,127,42,11,212,253,10,100,252,155,138,36,28,113,26,124,48,201,55,211,52,117,174,89,184,15,99,89,133,184,3,30,107,154,207,18,86,199,147,239,204,30,67,3,253,15,111,134,66,43,217,123,194,125,18,63,8,93,14,177,37,251,127,104,70,210,105,174,137,214,52,233,47,140,235,91,242,18,186,140,26,83,247,12,92,202,148,188,110,238,210,20,36,79,10,131,211,51,20,62,16,50,151,17,81,79,87,236,107,151,11,112,49,145,97,17,120,159,191,31,169,87,213,222,118,213,10,40,222,9,196,132,186,187,228,51,241,109,236,143,89,212,84,214,214,62,3,87,163,236,121,124,81,64,185,68,87,40,23,170,251,173,121,7,5,146,39,225,133,57,1,193,229,1,193,220,186,148,127,1,102,56,97,17,249,20,169,229,6,211,99,84,91,236,56,135,173,157,165,191,132,81,139,131,35,161,82,169,196,181,226,191,6,112,62,58,36,54,193,92,133,11,18,178,54,129,229,174,235,74,25,97,247,78,49,204,53,134,181,20,199,233,60,188,5,228,129,61,21,65,72,143,126,132,91,217,61,55,215,68,177,41,182,69,55,149,232,111,251,111,174,250,16,113,195,207,192,132,107,134,103,147,1,223,80,55,173,242,88,121,143,242,234,147,149,25,35,99,223,25,40,92,98,117,55,173,79,56,67,108,242,148,76,122,28,41,86,2,170,56,202,210,114,105,233,250,27,142,244,231,202,66,191,126,53,36,49,92,142,68,42,181,156,15,175,223,191,243,51,51,149,66,117,19,131,216,222,121,242,129,250,196,192,3,31,26,212,1,148,77,130,9,146,121,31,199,125,25,144,176,235,6,8,32,242,82,61,131,63,5,90,254,0,203,230,103,11,49,100,15,70,98,195,109,129,56,151,116,111,189,212,238,105,234,209,223,206,26,10,179,179,123,20,180,253,46,110,18,93,64,100,116,128,200,109,162,168,25,166,51,155,136,233,35,191,71,236,136,179,110,85,212,127,243,196,13,166,192,204,241,7,100,57,9,169,188,136,125,126,179,99,23,28,176,187,178,168,20,13,212,251,252,46,66,71,18,87,173,33,22,19,38,31,146,139,253,139,27,247,67,86,237,182,241,123,177,205,240,234,81,41,46,111,151,8,69,44,104,105,231,164,231,221,48,76,238,215,24,247,161,54,181,76,26,244,29,53,251,58,95,246,53,149,58,153,236,200,164,193,32,17,242,44,39,32,198,62,69,255,192,66,27,18,101,27,4,171,212,91,89,20,121,225,102,16,85,192,59,39,4,51,83,197,113,196,73,17,133,29,99,1,113,220,3,52,68,216,54,57,65,13,142,214,46,43,151,226,164,77,13,48,152,159,40,106,47,249,25,168,104,120,113,176,9,176,254,38,211,45,174,134,39,54,221,88,198,39,229,200,215,19,15,239,104,93,150,36,237,68,52,223,92,122,143,209,95,182,108,132,135,73,176,87,40,10,34,103,141,164,235,18,202,67,165,30,248,27,89,0,106,72,13,216,95,47,214,58,96,234,89,89,35,238,229,56,218,184,240,43,190,228,178,49,207,12,202,130,69,179,21,174,153,16,212,247,199,148,68,85,64,142,60,59,163,49,219,128,177,70,69,41,58,156,118,92,113,198,105,238,209,190,52,113,250,47,158,137,254,128,104,8,99,1,185,21,105,157,198,192,78,178,206,75,1,66,78,247,150,68,66,46,88,121,146,97,96,125,70,123,182,9,179,160,100,128,99,54,92,22,12,20,229,160,20,124,126,238,124,187,247,145,143,214,112,164,186,51,103,37,71,187,12,24,103,104,146,197,252,189,239,97,228,141,248,68,224,206,41,13,8,112,51,24,227,120,43,182,184,93,124,18,147,206,198,16,221,174,61,58,176,83,130,58,77,60,52,109,194,193,254,212,169,137,29,211,145,253,57,133,136,83,25,67,245,99,228,1,168,206,122,191,65,132,89,244,156,55,122,183,68,233,244,159,183,214,156,126,164,150,111,22,245,109,168,101,161,72,103,164,118,173,109,246,200,133,188,234,70,76,63,40,61,8,234,84,223,157,240,3,117,69,93,5,0,223,146,96,14,65,101,88,218,8,6,208,82,57,201,93,243,34,34,162,213,195,116,119,105,136,125,158,205,51,90,233,33,145,39,38,90,213,40,187,171,68,39,237,143,111,41,105,231,78,255,220,150,112,55,195,226,195,147,121,90,140,23,194,121,57,213,253,157,235,189,2,50,44,168,199,51,161,235,174,1,176,165,109,231,255,72,61,135,50,65,108,145,20,159,205,111,152,56,70,23,217,230,26,189,69,202,140,194,135,237,36,31,24,222,94,8,191,127,172,151,118,166,108,153,251,97,89,145,37,140,240,28,236,171,114,20,162,170,37,55,198,209,170,230,89,107,217,20,191,255,189,231,199,159,167,68,174,145,234,119,96,74,30,106,47,173,12,155,253,131,9,85,135,254,189,229,59,74,60,90,211,168,209,49,159,220,203,62,135,70,34,212,59,249,37,136,137,203,195,211,149,205,18,126,43,190,211,105,199,48,242,191,107,236,6,99,99,1,28,12,118,68,136,124,40,19,98,1,250,213,28,238,9,135,118,167,100,7,115,210,228,185,231,34,3,149,65,33,100,49,24,219,13,245,189,46,252,251,67,236,195,250,56,52,185,38,76,9,157,98,212,86,25,12,35,13,232,216,2,186,74,225,208,38,116,38,164,59,192,209,233,6,29,64,17,5,46,232,14,229,250,142,229,132,105,247,199,128,106,129,155,234,18,163,216,171,62,230,255,55,197,148,233,241,105,184,235,141,47,140,164,13,28,72,34,199,236,39,176,172,209,79,250,60,94,210,106,231,10,68,6,96,72,115,43,196,255,162,122,153,237,40,169,47,91,76,161,57,6,154,69,66,21,224,170,147,204,243,167,171,223,40,56,210,142,192,121,136,204,71,157,134,17,203,178,137,255,212,253,96,162,69,241,106,223,164,46,90,13,143,58,76,216,40,119,5,197,210,238,129,84,250,53,222,13,16,233,54,140,204,60,102,206,137,42,59,185,26,239,72,82,78,215,48,209,219,172,255,100,177,204,66,152,55,192,107,146,103,151,72,98,100,156,60,78,32,57,83,78,52,227,9,249,57,13,23,47,241,9,129,14,50,106,208,139,211,214,105,58,11,41,61,233,69,106,155,40,203,68,150,175,145,102,64,70,86,5,192,207,232,180,79,89,209,2,221,25,137,187,196,93,165,92,115,12,29,193,108,74,165,28,220,135,54,193,192,90,126,193,240,4,215,172,246,49,80,5,99,41,255,209,229,111,232,119,239,203,173,18,221,149,109,207,73,132,125,99,210,168,236,141,246,124,143,35,203,7,117,113,91,159,160,40,254,241,216,121,59,193,57,212,47,19,227,49,177,202,98,152,244,240,229,82,10,15,164,227,12,233,237,99,97,60,138,118,171,159,74,41,183,219,29,134,149,5,60,177,123,44,16,158,59,173,169,180,142,38,44,122,53,53,173,86,58,205,94,62,101,126,69,31,36,134,204,29,5,34,74,114,54,242,55,81,251,113,112,51,217,10,57,126,207,90,215,14,54,11,220,43,226,232,64,40,247,252,155,143,167,144,154,248,177,213,92,64,37,193,215,134,192,239,3,157,224,9,52,158,118,112,209,251,100,200,147,236,124,127,208,23,195,88,139,147,236,230,46,181,94,2,64,69,97,46,65,49,211,217,217,251,0,168,211,249,31,80,24,209,95,125,239,30,191,255,227,21,224,217,73,69,118,8,81,165,223,160,73,185,13,125,152,40,154,135,67,254,109,238,15,41,175,215,187,249,82,37,152,68,59,34,126,250,220,223,246,226,139,202,69,214,24,63,114,244,114,101,242,248,6,24,4,253,182,40,171,124,164,197,222,223,69,5,185,170,164,159,191,87,101,60,99,30,203,52,21,236,38,201,181,154,43,29,32,64,16,208,22,226,56,4,121,254,179,104,184,31,62,126,117,177,87,51,17,67,140,164,4,107,240,76,37,33,12,236,117,18,104,229,10,250,188,96,191,23,228,103,181,36,183,242,144,201,52,248,115,157,39,214,248,104,96,5,74,24,129,245,60,231,100,240,123,216,224,221,154,233,186,55,167,62,11,11,189,99,99,81,9,29,39,223,151,164,181,147,132,58,49,47,255,243,2,33,240,9,182,15,200,220,224,72,163,241,70,64,253,245,80,11,16,51,190,73,70,126,254,254,153,176,73,218,38,124,36,56,42,133,123,19,249,162,41,80,93,208,224,87,25,95,19,241,247,10,22,175,34,136,228,105,73,6,58,50,15,126,230,240,23,174,229,93,87,186,162,99,205,111,31,62,253,154,228,19,216,154,60,53,183,155,167,177,82,36,157,159,62,63,198,105,112,10,96,202,247,13,61,117,144,100,66,64,153,44,157,192,241,104,21,203,115,21,8,52,148,2,196,85,58,185,255,42,56,207,183,13,193,84,214,41,214,177,108,125,133,27,208,68,36,249,24,206,207,16,157,217,81,86,44,104,126,80,75,243,23,190,209,84,104,130,212,86,146,167,22,234,15,160,104,112,188,44,220,108,175,231,183,97,116,4,20,170,19,110,150,178,223,179,66,136,24,38,209,146,127,188,97,219,237,139,133,218,154,135,124,102,132,250,0,73,36,124,99,45,159,125,59,80,218,71,47,109,102,26,136,162,238,56,89,42,104,241,9,15,57,1,156,139,205,114,195,87,80,57,152,92,200,248,196,116,181,54,104,116,53,32,118,15,198,91,206,193,143,66,186,7,89,160,107,120,250,249,170,194,153,115,102,126,27,47,206,228,164,207,137,136,178,169,64,169,9,195,201,174,113,254,174,199,47,155,48,200,109,62,182,232,89,172,190,189,224,173,65,165,57,221,113,237,253,188,227,42,129,15,216,134,37,183,44,166,107,216,111,53,49,162,223,223,182,151,161,5,179,127,235,44,125,138,142,65,90,187,254,45,142,65,197,107,239,131,79,231,193,74,42,189,92,253,28,128,14,210,101,126,207,99,152,57,28,84,56,226,159,0,227,245,116,86,123,92,207,124,18,10,244,94,195,160,237,63,186,24,0,18,0,0,2,189,207,239,214,210,51,144,44,19,101,111,88,189,188,28,245,55,197,171,2,233,47,164,102,193,139,88,237,48,196,23,24,255,43,222,180,94,211,246,6,57,54,202,227,109,55,2,193,200,137,126,214,241,118,64,149,173,23,24,64,47,48,0,143,111,69,41,190,71,171,156,74,238,210,39,48,63,9,151,227,221,44,69,143,118,119,106,205,78,149,29,124,169,184,214,115,238,127,46,160,59,197,96,118,211,142,221,28,56,215,225,112,250,149,167,253,207,57,236,39,185,73,235,245,219,251,199,19,58,86,200,238,236,10,204,159,135,2,44,219,251,248,184,78,24,214,55,135,97,55,215,51,251,184,77,250,178,152,85,176,24,234,87,25,99,129,139,27,221,4,29,66,169,62,238,118,196,190,50,90,195,101,199,154,80,254,35,160,159,85,3,223,94,98,130,81,73,25,94,119,20,249,163,151,252,250,249,42,124,156,63,212,58,195,89,103,0,248,80,138,244,69,137,219,188,219,109,51,209,97,79,222,30,48,214,209,136,248,211,15,116,33,190,64,29,3,242,105,241,130,2,75,37,244,211,37,55,158,138,190,15,197,8,46,25,29,164,193,19,65,183,184,83,30,183,39,93,85,199,233,56,144,233,115,140,119,92,210,67,84,84,245,165,207,129,80,95,236,26,117,241,9,89,151,162,5,222,61,57,18,22,59,5,112,181,72,227,128,155,160,115,55,17,6,14,218,79,54,179,216,113,63,185,249,111,116,19,162,243,247,65,59,45,13,253,226,48,1,173,205,28,191,80,61,102,209,114,215,191,129,140,169,49,69,200,4,187,100,56,174,159,209,46,86,70,189,28,184,173,1,60,127,57,173,75,40,149,250,252,72,238,56,129,250,137,76,167,156,22,215,79,59,190,213,24,46,7,175,0,249,97,219,203,26,79,137,184,40,140,34,122,211,170,182,229,57,126,234,55,106,160,140,133,81,201,18,190,237,98,80,139,134,242,249,121,16,106,165,3,38,155,253,193,101,71,206,25,236,123,161,177,145,159,103,58,187,117,203,239,87,86,248,82,144,8,255,80,9,179,29,157,91,99,230,221,19,202,234,158,162,37,205,100,59,223,157,205,143,83,192,237,140,58,121,168,232,246,246,25,178,245,175,209,117,72,120,17,137,34,79,105,210,255,52,49,168,118,248,163,169,158,0,107,223,160,77,80,142,22,186,150,125,166,233,216,30,36,250,43,61,251,111,61,32,233,146,159,88,219,107,92,40,35,38,3,7,146,246,75,63,149,174,220,175,204,198,40,215,11,138,80,111,212,177,255,55,131,221,17,180,255,45,92,53,210,245,27,10,200,92,74,184,39,251,129,14,90,28,85,60,202,95,189,200,105,248,151,42,172,0,159,162,238,203,255,31,66,45,186,112,60,171,5,109,21,91,79,26,203,124,169,102,58,178,37,132,131,94,125,56,52,5,184,152,107,121,206,85,110,253,75,205,245,163,254,8,26,174,75,185,79,249,30,174,232,5,131,22,87,159,113,119,201,53,81,172,4,244,129,54,148,154,158,134,172,28,190,150,61,100,45,79,134,47,44,224,248,96,127,10,250,171,236,87,168,76,112,232,87,1,147,201,32,195,70,86,68,139,155,204,103,168,169,232,210,159,81,53,144,86,150,77,151,29,179,147,226,43,222,127,137,29,52,194,240,165,204,115,223,218,35,221,141,232,58,78,208,103,82,241,202,91,188,106,56,158,127,84,42,134,65,186,160,19,21,191,121,234,80,158,23,221,142,26,192,15,186,122,127,90,57,82,206,194,59,185,238,229,32,200,17,191,97,46,81,132,69,132,28,148,47,134,181,42,173,42,251,217,52,51,220,143,58,112,206,19,223,75,238,142,55,69,219,142,90,240,149,141,110,162,207,104,236,206,48,130,79,58,15,55,125,91,219,181,73,102,230,94,231,145,206,112,13,89,80,67,77,36,117,164,43,216,227,70,124,107,97,117,19,209,154,71,230,243,147,197,46,236,130,233,129,43,192,238,234,177,123,68,151,210,160,201,34,192,43,107,15,83,251,138,78,182,50,101,62,248,175,28,109,237,39,169,207,43,113,198,186,10,154,67,124,14,82,119,4,190,137,127,16,232,197,99,61,232,162,116,114,124,125,142,117,245,165,100,74,76,26,233,204,27,112,36,28,250,42,191,62,73,56,175,146,123,232,144,26,135,16,114,158,186,225,248,23,146,222,64,125,202,146,202,158,56,236,205,95,233,213,148,155,179,37,158,187,59,97,138,189,11,198,190,85,30,192,124,40,155,25,122,104,160,84,199,233,53,184,167,154,238,99,234,93,83,216,244,0,113,186,132,19,89,243,95,116,51,95,206,187,68,252,202,4,183,58,108,58,179,151,4,15,2,49,166,93,98,240,53,62,168,108,200,94,249,100,181,29,95,169,167,149,88,59,254,70,240,1,156,61,37,114,4,193,129,74,198,174,110,122,153,23,207,218,115,216,47,206,111,81,25,206,81,77,72,75,206,145,10,177,59,62,163,176,120,36,138,171,141,56,160,111,162,184,116,116,249,145,151,202,180,94,107,140,11,103,226,32,110,225,73,139,107,5,201,236,198,165,153,1,173,73,187,60,113,161,125,88,177,61,229,49,1,215,159,220,131,130,93,133,168,220,51,199,221,214,25,39,218,81,77,62,221,23,119,15,35,39,247,196,138,44,221,61,109,96,67,214,205,55,242,142,210,38,112,227,65,216,234,186,82,15,126,146,179,116,68,80,73,6,219,160,56,28,165,186,112,142,156,25,245,201,244,56,13,66,90,124,150,161,205,238,63,204,163,82,238,66,0,44,170,91,23,133,121,111,155,26,118,230,136,187,11,235,228,123,80,187,38,36,118,108,245,204,208,25,23,167,37,75,80,45,201,251,127,44,212,79,159,14,222,21,194,23,195,172,175,218,187,102,117,134,234,138,157,191,249,73,12,226,63,56,214,67,102,48,52,170,221,133,252,213,15,230,69,229,195,190,13,53,45,247,43,179,102,183,11,170,179,160,114,51,28,21,220,47,198,16,180,240,189,120,251,229,143,215,56,148,172,47,55,79,73,196,120,213,18,233,197,19,135,78,11,253,106,114,45,155,4,57,210,178,25,57,170,234,234,189,31,159,62,195,154,133,201,133,29,132,181,76,178,104,105,46,189,110,17,153,168,171,10,248,133,124,253,58,11,91,156,119,218,69,251,20,12,15,10,115,66,28,210,167,68,144,83,191,36,69,150,74,195,131,252,158,191,192,199,25,152,187,67,87,156,247,19,101,98,74,207,215,21,163,123,232,84,19,61,96,253,15,108,226,162,126,159,90,229,145,225,121,122,0,201,182,86,234,2,230,13,186,140,155,245,225,196,208,203,129,132,43,217,253,26,246,158,107,239,251,6,237,30,149,6,145,6,154,35,94,255,248,4,167,182,70,151,65,231,191,212,27,202,247,142,65,69,247,83,174,112,33,235,138,123,180,128,102,112,168,68,128,232,235,185,202,252,123,42,5,19,28,101,221,178,238,104,243,145,128,14,239,224,6,9,220,137,49,87,75,218,161,187,96,112,90,113,217,135,45,5,36,156,91,105,225,222,89,113,36,60,9,33,106,9,11,130,108,125,105,245,192,5,11,51,239,54,27,86,129,225,145,160,132,153,86,170,225,132,22,112,145,212,125,133,40,82,190,167,239,194,199,106,75,118,242,1,146,28,12,198,107,25,112,100,187,26,179,119,233,47,235,117,6,78,135,159,171,153,222,252,106,20,65,67,200,132,14,19,15,92,192,44,60,224,183,82,37,40,86,158,40,173,193,209,46,142,43,180,13,168,47,34,70,159,97,71,227,119,10,242,153,112,132,235,241,185,9,177,48,44,4,75,155,98,143,215,253,99,35,225,161,98,124,103,141,242,233,125,166,44,13,36,58,120,241,94,73,254,94,189,45,236,187,105,145,113,73,203,203,191,77,38,4,124,255,146,189,182,176,193,83,97,178,230,108,245,142,56,234,236,231,195,134,246,21,75,211,80,15,187,253,212,236,224,124,174,193,255,109,44,222,14,63,127,128,241,178,141,29,10,49,239,223,25,154,181,212,78,28,54,75,202,159,54,44,151,16,86,35,91,160,193,214,31,14,86,114,51,75,251,56,10,37,107,242,127,0,216,8,58,59,146,44,84,176,157,173,162,72,14,61,16,228,70,37,30,20,149,28,99,127,11,25,210,62,205,44,183,207,107,145,62,111,218,186,85,168,175,8,229,21,11,141,45,109,127,235,156,47,178,133,28,224,205,208,1,167,229,236,79,188,87,161,139,191,75,237,151,183,192,160,135,228,27,21,14,62,195,127,83,153,168,4,207,229,73,174,129,142,123,18,255,89,239,242,10,180,173,58,97,230,56,213,182,57,114,205,165,67,152,250,174,80,146,101,20,139,198,33,243,170,204,113,192,169,105,235,83,125,127,103,235,245,65,129,35,143,10,38,52,65,75,170,46,155,246,159,244,102,222,57,87,155,153,196,213,9,181,21,227,127,253,177,73,161,221,106,198,40,82,153,185,232,210,222,4,162,58,112,232,108,9,158,128,24,104,163,49,214,145,0,174,30,10,115,215,27,137,112,134,162,23,153,174,252,226,32,98,27,14,143,1,53,66,108,193,102,106,208,165,249,30,127,198,252,86,142,71,142,211,254,198,152,46,150,254,73,163,113,47,220,159,228,137,58,1,147,185,235,98,224,124,227,149,37,208,238,108,81,100,83,4,153,147,236,37,56,50,132,246,249,83,75,75,185,100,136,229,170,208,104,243,75,69,11,95,120,173,68,106,75,13,7,172,225,141,248,208,166,113,63,177,118,36,123,105,191,163,91,54,123,162,116,30,172,52,99,255,59,189,52,189,145,178,69,235,20,31,71,216,217,166,46,55,139,109,162,39,54,40,222,225,146,96,234,61,210,47,89,18,177,62,171,58,129,251,162,211,226,171,187,124,164,243,101,90,27,112,14,202,177,197,91,222,40,28,174,40,120,151,85,189,253,58,150,249,8,137,252,5,207,2,100,80,180,124,217,226,221,41,121,140,67,187,174,231,74,122,59,52,107,70,168,142,95,86,3,193,67,217,247,50,246,254,17,199,82,22,188,199,62,0,142,255,233,152,117,150,161,31,73,17,248,4,170,161,3,156,127,116,144,113,21,87,6,32,19,66,113,11,131,96,242,51,44,247,36,7,127,135,140,218,152,165,77,61,64,112,235,2,248,181,195,23,242,103,189,9,99,141,183,41,17,191,237,44,102,106,137,157,117,57,235,216,67,37,171,240,245,208,114,5,101,87,189,132,28,185,38,151,16,147,194,64,240,78,101,84,188,39,203,218,249,95,191,180,188,190,110,203,116,199,8,201,130,34,34,44,252,118,110,42,138,218,160,163,84,32,35,118,33,137,206,136,225,35,219,29,169,213,2,238,14,205,88,219,26,113,82,58,191,186,97,239,65,58,128,4,170,161,225,110,43,254,4,86,178,199,117,26,238,229,30,98,126,225,102,6,29,44,79,184,255,181,222,72,56,96,151,28,37,207,129,235,248,41,24,242,182,136,114,114,21,238,168,167,207,193,124,151,152,50,23,201,154,190,125,91,252,206,38,130,90,207,75,193,234,62,148,125,182,211,100,17,207,134,193,180,5,64,15,112,83,131,59,60,190,116,7,163,63,176,216,212,93,208,121,207,193,144,133,70,18,72,182,5,26,133,53,180,21,136,107,102,67,0,83,196,205,152,74,249,115,65,238,184,206,183,174,221,128,37,244,200,94,69,134,189,214,52,88,178,228,184,174,89,205,244,254,225,39,54,190,5,157,219,145,228,204,231,94,121,43,95,90,78,193,58,234,107,81,54,162,39,149,84,157,187,178,197,32,142,248,157,168,173,162,183,157,242,61,127,151,220,218,203,184,224,186,249,25,2,235,187,79,9,85,146,183,87,110,183,147,62,86,35,38,121,88,160,200,4,176,246,162,141,235,250,147,57,54,90,232,34,169,83,205,209,199,41,189,254,220,105,150,132,129,58,3,107,75,152,98,68,121,245,5,163,89,130,45,213,226,38,116,168,100,38,234,5,174,74,75,17,85,202,76,154,165,43,148,1,40,147,91,195,148,151,116,158,188,134,117,60,178,131,191,107,219,62,101,169,55,164,131,128,208,203,67,245,32,122,194,252,52,216,198,77,60,152,5,155,162,79,11,46,151,205,206,39,20,6,60,226,255,180,242,134,137,162,188,94,143,34,220,228,251,130,169,94,236,242,14,234,102,18,49,183,41,194,62,123,241,149,195,67,108,86,12,213,211,36,174,219,32,137,184,252,241,194,164,187,32,250,174,11,54,26,8,1,38,55,47,204,171,53,203,89,186,213,158,65,14,71,178,86,242,173,74,208,204,90,46,247,111,82,169,139,245,67,120,96,149,142,226,58,242,87,147,78,197,40,202,142,205,191,65,155,107,35,207,245,161,5,36,106,124,32,144,245,146,212,3,113,238,123,246,229,185,63,98,255,0,199,61,150,30,20,188,3,43,212,29,21,72,162,225,221,57,214,106,19,23,86,171,199,166,53,33,232,227,123,247,112,55,159,62,154,90,70,224,220,140,18,208,120,111,212,132,114,226,102,186,179,145,88,83,225,151,203,92,83,255,75,196,31,124,114,206,249,22,51,51,35,231,76,131,165,137,239,242,122,98,135,205,160,11,141,72,137,111,129,139,254,189,156,113,229,161,186,254,185,202,199,52,113,219,164,14,219,87,13,110,72,77,224,252,96,71,151,241,193,195,34,12,5,137,18,32,196,167,96,26,129,87,201,106,241,157,130,93,85,167,174,85,76,40,216,78,159,221,87,212,184,125,8,133,110,220,173,126,22,198,176,26,21,137,253,115,34,40,212,81,109,98,142,80,133,26,48,26,239,180,145,162,171,219,117,240,243,7,217,231,182,149,225,80,143,57,13,149,106,190,210,94,237,156,223,69,95,73,230,14,221,96,36,143,122,181,159,112,24,148,28,165,94,76,67,33,50,41,126,190,112,163,96,185,105,191,232,151,36,154,49,190,32,107,49,190,82,179,101,16,91,245,88,223,197,72,244,78,62,143,23,9,137,29,224,100,146,35,56,154,194,172,159,35,111,206,118,100,65,157,32,95,177,235,109,96,73,208,40,172,206,176,117,46,91,8,205,21,87,63,111,26,254,248,32,87,20,191,192,41,244,3,216,93,205,88,3,93,190,123,81,93,174,210,30,24,40,235,106,88,26,247,57,200,244,199,42,87,0,19,137,130,204,252,247,38,85,27,9,122,227,73,17,156,99,85,93,3,62,197,180,231,15,93,100,231,32,128,140,51,151,153,128,88,62,10,218,117,113,61,3,226,247,175,147,195,112,120,244,54,113,202,26,236,205,148,133,154,229,245,29,100,52,12,21,115,119,46,37,190,117,182,65,211,213,216,250,48,75,167,193,131,156,32,202,236,139,112,167,106,140,13,174,206,32,73,36,169,248,160,78,43,31,50,109,65,40,230,140,115,1,156,236,250,169,157,145,185,223,68,3,80,61,174,241,114,194,234,47,45,169,24,5,106,118,62,46,110,250,40,216,88,31,15,208,105,72,214,170,139,38,51,236,184,229,166,228,72,75,51,75,111,33,213,180,150,114,29,137,119,40,188,214,21,173,227,234,192,66,242,141,251,232,53,64,46,121,165,188,251,18,148,217,55,113,109,7,205,174,4,241,138,40,197,6,81,206,55,191,125,73,63,198,186,198,115,243,200,4,184,54,72,18,203,254,99,116,78,194,151,131,33,80,244,12,33,32,14,78,153,96,61,190,113,224,230,225,15,44,208,79,194,52,85,54,54,206,161,209,12,5,0,156,84,85,153,187,13,194,115,149,63,27,227,16,195,129,20,171,235,115,139,153,71,252,128,173,154,250,144,157,64,9,22,238,96,131,122,172,49,205,232,87,5,163,35,42,205,1,181,152,41,154,97,128,35,8,55,38,61,94,138,10,148,82,145,134,179,240,83,53,193,186,247,104,82,137,237,173,25,55,114,18,231,219,99,215,7,222,183,120,174,40,190,189,194,72,68,215,200,124,164,97,26,232,128,255,156,144,250,215,226,86,40,219,178,186,217,47,77,136,8,139,92,189,160,25,165,245,252,10,45,51,126,113,65,42,161,90,241,189,231,244,183,107,244,160,151,157,167,41,195,204,50,137,166,27,42,16,220,206,66,186,139,152,80,20,83,186,11,40,245,115,74,242,235,213,15,224,50,218,240,24,124,143,12,193,235,4,160,47,167,24,209,118,187,113,161,103,236,18,114,87,35,57,191,220,248,124,154,80,110,192,176,215,88,44,103,249,20,138,47,203,202,29,239,247,238,25,224,104,190,161,26,229,163,223,153,128,185,36,185,176,255,55,50,135,229,140,121,80,39,184,160,250,18,152,39,4,183,173,105,129,169,48,255,153,174,185,31,205,245,111,151,48,170,60,255,56,206,223,102,63,64,200,95,147,35,125,12,210,164,210,2,31,43,137,88,100,89,140,44,184,88,107,22,39,120,31,0,229,218,29,224,151,197,31,153,155,235,167,84,160,96,17,115,233,154,161,13,60,172,73,91,210,63,98,123,206,138,47,171,18,134,130,30,255,227,17,243,115,206,153,138,52,188,255,42,144,159,212,115,58,108,73,16,69,73,152,181,1,204,17,20,230,145,58,111,172,45,201,169,107,93,236,68,161,210,178,225,6,109,155,200,200,55,227,111,27,55,233,70,23,4,166,71,91,38,46,98,80,16,6,1,26,39,149,44,95,27,189,206,97,42,70,26,137,254,183,65,144,54,221,117,97,42,105,199,63,44,199,16,76,196,162,212,171,206,20,155,223,36,132,123,208,246,248,133,80,60,218,197,225,44,118,28,19,206,180,69,175,235,29,63,103,175,215,43,231,123,182,198,121,100,199,154,101,100,60,45,124,84,198,6,89,109,27,126,128,21,144,65,170,29,227,149,210,42,244,106,149,155,128,139,93,94,153,33,3,73,168,72,94,105,108,190,28,97,55,161,120,172,83,243,99,243,201,105,39,240,201,161,226,17,77,111,249,105,88,126,164,99,120,41,192,91,105,216,62,3,41,106,118,230,69,250,106,4,74,179,54,103,182,249,156,108,64,182,66,170,134,160,62,39,15,151,28,2,166,236,200,207,10,176,192,226,95,233,186,236,21,5,21,71,66,228,94,11,83,162,0,149,164,254,177,23,102,223,164,78,93,110,58,166,165,103,162,135,132,253,59,220,45,66,144,131,130,17,167,179,43,13,157,165,3,162,66,125,39,125,211,56,179,216,22,116,48,130,153,135,88,105,190,13,116,246,144,80,166,41,98,99,77,173,105,141,201,191,217,113,198,30,163,238,146,111,254,168,183,110,120,108,150,56,18,68,45,84,205,227,98,36,146,77,198,234,179,64,150,169,77,77,235,34,193,114,107,251,162,178,137,181,218,207,158,121,90,20,213,69,237,142,142,16,75,82,233,167,142,4,144,106,19,93,25,99,1,44,221,76,187,176,62,29,120,49,241,138,194,148,50,225,144,196,162,211,20,148,189,54,66,115,235,49,30,89,59,3,246,24,136,62,63,110,181,40,63,132,110,6,133,67,32,30,4,149,49,190,176,229,84,1,189,40,44,149,33,246,46,18,191,74,127,5,179,111,176,90,2,252,39,25,236,68,205,97,2,216,107,26,60,166,104,57,152,233,135,161,8,52,245,178,245,149,148,151,125,59,195,236,124,177,119,172,82,70,196,130,158,173,120,216,105,38,57,105,191,156,74,36,50,99,4,61,172,66,171,234,70,15,170,132,159,114,144,109,239,59,204,220,167,253,169,173,87,240,40,16,210,166,242,53,231,114,70,131,123,85,205,193,187,40,60,226,3,30,210,175,203,3,5,31,83,230,240,30,72,213,60,125,127,227,37,2,136,130,255,80,74,11,35,76,151,241,216,104,227,68,206,82,152,189,28,253,181,207,85,181,114,185,80,45,96,151,70,2,203,70,156,117,217,12,72,41,150,86,7,72,227,210,7,77,22,121,79,63,234,233,205,71,193,189,227,242,177,87,121,93,70,205,202,246,250,62,196,26,30,230,23,140,68,63,203,203,176,114,39,101,82,130,239,193,115,54,206,86,229,159,155,72,229,168,188,81,134,10,51,139,57,168,171,189,107,220,151,27,242,42,168,100,110,176,18,198,84,103,228,130,25,103,183,105,242,143,245,85,204,95,244,227,196,92,198,122,213,25,73,200,74,61,84,79,64,46,76,10,122,42,3,17,110,105,23,121,153,233,26,44,85,237,158,28,253,40,240,207,174,139,2,243,200,194,30,59,132,142,76,194,212,248,11,64,33,120,16,2,102,77,250,192,164,61,209,219,192,113,252,87,242,107,96,8,113,69,142,201,108,36,79,103,179,42,125,240,231,178,240,9,210,72,211,14,146,188,1,146,15,126,41,110,92,178,156,76,161,170,123,246,238,67,31,99,137,216,144,12,19,168,124,233,69,147,101,116,201,93,96,77,55,169,97,111,10,181,83,77,195,33,96,192,126,84,216,24,144,55,148,242,121,45,10,161,218,161,196,160,178,164,136,139,224,230,91,191,248,77,47,237,130,164,141,122,43,78,207,253,16,173,6,58,150,3,86,17,20,1,69,233,96,95,228,90,244,245,119,185,44,231,137,214,75,137,92,76,125,183,193,116,136,99,73,227,199,22,139,63,108,59,124,151,31,136,127,220,27,170,184,62,249,95,112,209,161,30,28,92,100,33,71,89,238,221,55,110,199,242,87,64,232,65,51,255,89,194,173,164,89,9,67,97,49,250,60,175,29,144,106,42,242,151,0,198,183,190,100,221,44,97,155,40,69,104,240,171,12,236,240,90,161,33,169,153,205,184,161,238,160,186,51,88,163,198,243,88,252,225,75,81,196,16,232,89,189,110,235,251,154,101,107,55,186,179,199,226,13,107,74,231,13,224,83,46,190,70,183,181,150,196,109,34,158,214,11,12,138,11,27,15,125,158,41,188,16,46,118,209,159,131,87,239,21,146,223,122,148,50,80,240,21,176,19,193,156,41,79,251,10,22,35,94,41,69,177,79,110,182,207,88,219,125,7,246,182,169,173,127,102,251,13,248,28,41,191,246,4,4,78,56,176,209,203,248,64,81,131,8,54,250,233,190,244,118,233,245,96,28,150,113,145,59,220,13,240,26,8,148,235,171,4,242,127,164,43,98,250,57,69,4,3,66,226,176,96,107,159,214,192,44,148,234,6,63,193,84,59,75,145,183,168,148,87,7,116,62,41,32,66,117,168,18,14,101,220,242,146,241,93,179,35,200,226,152,54,1,169,196,60,197,223,234,41,33,232,193,119,121,187,47,226,236,136,177,52,71,6,17,72,115,253,236,128,86,231,62,225,226,204,77,218,248,19,223,192,212,167,160,71,15,158,201,255,75,83,132,248,87,221,162,72,62,17,240,39,145,219,255,176,182,79,4,141,184,92,97,2,195,77,166,160,151,8,162,153,121,9,62,13,136,116,233,59,69,71,169,237,217,175,60,146,150,131,146,244,158,128,40,56,101,239,42,255,244,93,112,37,227,221,247,142,187,55,27,145,223,8,26,178,69,143,63,22,134,100,34,175,121,165,198,171,168,125,209,212,26,183,143,150,98,94,102,227,83,199,82,156,252,187,91,118,16,115,93,56,138,105,46,58,32,130,28,151,203,98,224,8,150,204,203,174,200,175,190,39,198,65,9,212,134,40,244,199,49,71,216,245,197,139,13,220,132,183,7,23,238,61,146,194,106,85,226,204,8,245,190,99,91,77,224,11,156,47,80,111,199,122,190,26,24,175,2,111,192,69,66,208,85,168,154,183,125,203,193,18,49,155,119,185,81,21,226,103,175,58,111,233,41,194,43,85,84,120,10,255,111,144,221,249,21,112,1,34,3,137,36,26,91,116,216,100,119,112,16,166,203,196,210,198,35,194,119,205,35,216,216,40,140,13,56,137,28,34,120,168,101,229,244,7,51,3,84,210,27,148,112,105,246,216,6,214,226,222,36,77,41,136,97,27,212,156,141,120,33,198,121,206,188,217,249,75,141,208,246,58,66,30,116,216,14,224,207,67,12,7,90,136,72,63,208,76,232,160,227,223,54,4,87,255,218,253,51,246,126,172,203,218,146,56,237,197,169,164,238,254,224,82,221,119,44,135,70,159,2,227,66,36,219,236,90,51,35,55,1,205,232,76,102,134,15,6,205,170,52,162,38,229,114,68,106,153,118,180,162,164,109,39,206,251,253,144,212,111,33,226,19,224,215,126,237,157,169,48,187,233,243,185,207,43,148,180,60,174,126,152,155,37,201,61,71,183,95,83,21,194,242,78,46,156,163,101,143,155,203,248,89,141,250,17,188,241,166,101,22,160,246,128,208,145,131,13,99,57,185,195,171,15,170,106,119,167,248,24,129,232,23,81,64,169,116,51,206,236,143,129,32,25,115,234,48,143,103,169,65,242,161,218,171,162,252,44,63,6,193,133,17,40,107,210,79,214,173,55,69,10,242,238,187,21,179,52,135,4,113,24,1,241,75,178,54,196,87,185,225,192,234,53,32,192,104,133,180,177,224,0,14,217,221,49,70,92,211,77,23,254,50,151,31,97,96,72,62,172,92,178,24,181,147,194,185,255,240,181,88,43,237,230,97,203,229,213,144,7,176,12,51,201,7,113,181,14,157,179,191,221,165,77,126,24,6,206,104,77,23,18,199,196,211,193,203,159,62,224,229,143,173,10,67,28,244,23,105,145,249,74,205,9,151,151,194,182,35,110,138,248,98,48,185,17,157,155,233,195,109,209,14,106,105,108,38,238,204,74,181,234,148,115,182,19,245,199,27,197,11,105,241,94,72,121,196,24,92,110,49,31,94,136,149,218,233,134,247,111,92,171,174,232,96,14,65,199,69,222,7,87,72,172,166,218,43,177,103,138,196,245,171,192,247,104,4,13,42,218,117,80,252,189,105,95,39,72,169,25,252,160,200,141,174,249,151,241,72,201,128,101,143,84,145,109,191,49,86,121,183,88,14,60,86,218,206,22,133,145,246,192,100,205,112,147,192,200,53,245,82,4,205,11,107,160,69,124,182,14,98,72,223,4,203,214,144,152,178,174,233,244,38,50,118,147,225,231,0,145,45,49,182,125,110,121,76,54,72,146,12,25,222,11,71,143,113,164,73,129,130,148,64,134,221,223,238,20,25,160,37,35,32,111,12,83,207,215,177,111,42,114,21,69,150,10,255,16,161,187,109,212,163,133,137,146,27,195,42,216,118,126,128,138,223,5,149,214,195,121,65,224,18,135,44,236,222,3,218,239,3,161,98,153,53,150,72,57,109,242,218,65,52,110,45,51,155,164,43,138,166,110,149,40,197,255,239,191,28,241,56,200,28,207,113,2,40,106,193,123,231,148,117,101,106,193,87,31,190,188,29,14,245,128,72,132,246,56,89,4,6,194,118,35,210,178,250,65,226,10,76,71,217,34,24,82,238,110,4,60,112,88,197,187,53,230,240,166,16,107,161,208,98,117,227,79,13,180,104,88,212,196,238,166,92,113,136,66,102,166,70,144,243,133,164,140,107,133,182,175,217,236,234,116,224,105,211,94,28,178,24,13,148,113,28,21,239,166,37,241,54,213,192,253,82,42,53,34,203,198,197,206,73,177,88,126,9,14,74,80,158,164,234,186,70,146,251,227,118,54,239,107,104,127,168,30,196,174,98,230,252,236,105,110,208,108,221,103,235,253,196,3,152,232,137,43,132,101,230,228,41,184,45,128,248,168,14,211,242,196,2,111,118,70,135,0,71,164,130,48,31,113,119,148,108,148,224,84,62,254,39,246,138,145,127,193,149,8,243,215,55,102,226,237,48,211,80,108,22,174,48,227,67,148,221,138,158,123,144,97,123,230,85,219,197,17,62,162,40,191,92,128,240,252,134,218,251,90,105,113,59,59,192,130,24,44,168,176,4,82,124,184,104,156,94,131,129,87,75,101,102,11,22,52,192,3,193,154,142,216,9,209,177,37,10,5,137,38,8,9,215,132,140,38,157,109,195,56,72,152,157,162,134,116,186,145,77,190,52,237,141,85,162,161,222,185,156,127,150,95,109,99,168,163,63,126,7,144,128,125,253,7,185,2,54,99,229,115,59,71,206,198,123,0,34,14,203,129,122,90,195,249,254,146,125,33,54,65,161,198,240,162,136,240,17,227,66,231,144,30,8,57,63,248,85,250,111,68,212,6,182,97,32,251,147,196,51,254,161,118,94,170,101,210,253,140,93,74,63,252,91,161,191,105,172,54,131,221,51,242,134,177,181,174,156,158,6,84,91,42,37,43,61,235,74,113,171,56,193,152,180,144,244,178,222,78,48,97,72,184,4,98,84,188,151,0,124,234,224,16,147,64,0,160,74,103,179,165,108,136,73,53,194,59,158,134,190,172,50,76,249,159,244,198,139,245,50,246,115,158,219,165,206,128,65,234,199,185,250,182,80,100,254,239,65,191,112,72,93,112,122,167,53,166,114,212,165,106,74,119,40,21,81,140,60,65,58,245,17,255,14,196,51,125,245,11,234,88,169,134,183,84,159,247,84,164,43,216,23,45,94,253,183,193,64,206,189,32,237,104,184,30,84,159,58,122,252,139,165,21,20,66,175,191,200,160,138,146,118,44,79,50,127,26,160,205,255,53,200,82,67,196,156,48,250,109,250,236,191,14,16,12,78,184,86,153,153,125,184,121,243,72,237,45,137,81,31,103,62,65,217,29,98,244,96,112,20,127,47,246,157,46,197,131,185,90,191,97,14,157,141,158,26,102,60,249,54,253,181,208,220,129,120,37,75,184,140,134,72,24,181,162,1,66,247,65,84,38,149,0,176,187,213,178,12,130,249,2,33,43,45,100,139,172,185,16,139,180,101,82,198,196,213,78,218,244,240,67,125,121,181,178,110,79,33,82,83,102,14,220,139,243,175,179,107,38,178,119,56,128,255,119,21,218,168,206,161,172,244,6,6,210,75,81,79,82,194,197,78,117,122,186,172,139,250,232,19,237,230,121,144,133,85,169,124,209,37,52,239,203,188,101,197,48,121,89,103,23,48,171,61,83,94,245,255,85,123,254,104,40,67,241,212,57,24,148,226,22,51,73,99,248,126,182,65,121,243,179,221,135,160,54,242,59,238,167,32,188,210,77,95,116,203,219,26,237,1,216,239,105,6,164,173,6,91,20,139,198,146,64,158,63,125,211,254,13,223,200,255,83,135,145,130,153,155,169,48,246,123,91,221,167,143,47,231,129,152,93,133,154,125,159,4,160,221,9,63,33,1,247,68,230,103,126,80,223,106,110,192,119,228,172,126,157,68,59,77,168,152,7,244,54,177,53,228,13,23,58,120,179,249,97,23,66,103,97,82,143,114,163,228,104,138,150,86,47,208,235,34,208,182,36,135,8,109,124,20,94,41,104,51,210,211,41,137,117,242,137,103,52,172,182,152,71,241,182,225,189,76,89,17,157,74,233,139,60,123,66,134,216,180,56,37,190,108,203,41,143,104,111,186,31,38,155,218,104,205,31,149,161,62,216,147,110,154,66,165,208,91,83,180,192,152,217,138,155,200,166,63,158,5,196,52,213,117,239,190,87,34,112,101,4,111,157,94,118,53,254,68,120,241,193,39,161,239,225,111,174,131,177,71,115,71,143,213,32,32,178,136,147,206,143,203,33,233,33,248,114,62,107,24,2,71,55,14,206,149,223,168,35,40,6,121,160,32,67,166,172,77,148,51,6,224,240,199,207,113,72,218,240,72,43,48,147,130,89,48,102,96,3,169,189,128,41,10,185,25,134,117,106,74,8,43,44,92,89,63,176,49,145,41,98,127,120,107,231,42,23,146,146,195,181,135,9,84,193,6,226,171,90,70,25,182,78,176,82,157,145,151,47,112,35,174,10,18,109,188,240,105,61,166,29,78,117,81,98,59,55,209,13,41,154,79,136,2,105,231,186,94,77,154,108,73,168,20,220,252,171,145,54,214,179,149,97,142,29,210,73,32,69,4,28,213,25,187,121,210,225,219,220,85,182,47,218,238,185,92,250,14,101,142,228,228,212,166,167,11,13,218,99,204,197,18,35,76,216,203,132,145,7,154,153,207,23,185,125,150,25,22,140,224,164,76,73,223,144,34,205,208,155,252,129,255,101,11,219,142,142,11,130,155,107,168,213,93,195,28,228,22,27,246,156,239,47,215,97,37,249,202,6,151,40,193,161,37,129,174,141,104,120,96,91,156,141,158,91,82,224,83,7,223,162,219,207,60,172,42,124,20,239,91,114,75,55,188,216,31,229,195,44,76,206,163,237,161,171,77,153,155,28,2,254,144,190,202,115,252,1,14,122,68,51,64,3,174,134,95,9,69,235,115,153,165,124,191,68,17,21,242,157,124,115,152,162,168,196,222,28,243,150,138,6,249,186,136,209,83,89,147,177,34,63,186,217,214,137,16,111,19,204,48,214,147,194,46,128,50,49,87,115,165,39,146,231,236,111,166,69,78,7,134,6,26,167,17,70,83,39,233,150,163,178,198,237,235,122,150,10,239,175,121,70,232,169,211,221,217,92,182,9,74,173,44,217,4,199,171,126,67,95,11,56,249,156,188,188,170,127,136,221,203,239,12,68,167,46,32,97,44,32,42,84,212,181,252,20,131,185,245,221,171,63,94,88,212,195,27,142,202,212,182,78,101,206,109,184,110,131,89,153,71,122,55,57,97,214,138,162,120,88,199,232,4,61,123,65,142,146,158,25,37,33,122,39,185,96,195,67,228,73,134,179,188,183,177,148,207,137,149,30,82,255,107,218,193,233,195,112,8,80,83,192,237,40,204,71,233,29,238,168,97,154,154,1,68,87,32,48,243,60,79,111,206,97,130,142,122,158,116,126,190,38,137,52,72,34,152,233,17,43,8,198,120,148,213,118,75,14,158,147,197,220,249,218,210,176,42,39,148,0,246,214,27,67,224,126,160,123,164,181,253,213,211,178,28,162,33,54,254,152,16,40,56,189,106,5,108,102,130,147,253,146,44,220,152,59,141,196,54,29,188,249,164,14,31,60,27,48,154,230,223,61,144,131,20,68,6,199,47,131,207,17,57,15,13,62,136,75,9,101,122,72,254,91,229,55,151,126,240,83,66,236,212,38,246,236,97,67,220,82,232,128,192,121,202,138,192,60,123,208,129,12,6,118,106,250,13,114,237,245,67,178,134,212,170,81,200,183,66,225,167,139,174,193,92,3,72,18,23,136,89,210,179,60,212,31,225,207,211,83,149,99,176,86,101,205,193,161,101,73,139,86,28,107,149,6,131,134,19,202,111,202,145,12,103,184,182,95,86,36,3,139,196,91,137,250,190,58,95,221,129,148,9,220,139,5,236,12,109,251,150,135,113,207,249,140,197,222,6,86,43,132,39,104,200,208,127,91,121,64,26,16,99,83,53,199,101,198,4,170,244,154,40,226,104,201,27,150,8,254,44,210,158,14,181,9,39,232,33,60,241,36,193,61,218,75,183,42,141,124,9,22,142,192,60,248,206,30,130,155,18,16,244,169,221,144,104,215,16,182,72,248,144,17,201,121,53,134,57,173,16,230,181,71,58,230,168,140,152,169,170,160,253,197,97,65,189,77,44,32,10,155,183,203,188,86,115,164,26,244,219,47,50,58,24,104,42,94,255,15,21,85,46,159,109,89,25,226,241,19,52,68,247,138,122,153,197,248,196,185,167,149,127,217,253,100,156,18,77,202,187,241,17,202,138,35,129,73,148,15,81,150,170,230,250,37,109,166,62,181,202,55,22,12,169,128,131,122,233,144,147,134,157,191,92,135,225,202,5,207,14,243,56,192,88,210,98,73,204,46,114,235,79,45,16,233,147,27,61,179,63,243,16,249,88,125,119,80,138,106,204,15,170,0,64,197,92,230,78,199,28,82,115,210,87,233,82,51,22,117,251,33,155,63,99,215,51,101,131,174,89,30,44,29,134,67,169,147,41,121,104,146,54,185,82,30,0,133,40,224,97,215,115,123,142,152,106,12,49,12,123,180,93,169,31,22,199,241,117,155,212,6,253,243,226,75,10,184,187,101,137,211,49,47,170,174,136,142,84,86,96,106,218,187,185,99,135,42,42,95,37,11,154,114,140,94,231,29,84,45,26,210,67,38,204,1,172,37,134,221,255,31,193,34,19,113,111,142,27,10,167,18,78,82,114,46,29,172,207,195,132,212,53,88,24,201,213,123,250,136,183,38,244,119,50,1,119,193,74,10,75,21,50,106,239,31,196,145,12,231,56,165,212,32,66,82,143,235,31,103,33,28,53,0,255,239,138,158,131,195,19,247,29,207,196,104,56,91,82,31,234,106,247,81,234,190,4,77,10,99,171,34,72,231,154,70,162,199,60,175,115,222,48,84,173,32,201,149,191,234,227,85,95,215,35,78,208,254,25,15,142,238,34,136,19,172,235,161,11,60,4,134,242,119,75,194,132,98,167,163,156,55,83,236,208,36,191,102,98,55,194,38,10,167,105,199,218,60,197,144,69,236,238,18,81,132,63,194,87,216,202,224,16,26,25,172,63,227,160,123,199,235,51,60,51,156,106,22,110,59,66,92,200,241,97,15,126,168,227,127,206,172,117,54,19,192,227,71,87,77,18,246,182,145,100,219,254,57,177,78,127,32,223,191,194,0,227,202,208,12,172,107,131,55,173,121,8,37,187,214,51,80,170,130,177,225,179,18,233,99,182,145,92,208,51,224,194,190,91,153,147,53,233,154,185,58,98,120,152,185,30,44,187,111,193,81,12,245,147,144,16,155,2,90,131,36,202,222,60,83,230,192,153,199,207,206,62,249,119,206,43,15,180,224,228,90,233,27,104,226,173,37,171,60,46,154,247,131,226,222,238,200,248,127,191,37,212,46,42,242,196,86,177,31,219,152,203,149,56,62,0,199,80,24,215,151,44,175,254,1,90,6,64,52,79,95,187,232,154,251,68,152,200,133,93,177,182,165,140,6,144,191,38,182,207,244,166,176,239,58,142,11,15,176,204,13,254,245,90,185,86,206,220,19,21,215,219,83,73,207,185,245,24,157,158,22,21,143,250,41,75,253,186,97,111,71,159,139,165,148,104,76,176,20,115,35,245,242,100,34,249,133,131,104,109,214,114,242,205,126,103,95,27,187,17,243,161,235,91,120,230,138,151,234,14,22,208,132,183,226,122,225,95,15,81,155,147,135,36,49,138,235,31,251,233,249,253,32,217,46,212,104,84,188,60,198,160,114,139,181,83,95,86,189,237,163,229,95,223,179,164,159,250,44,124,240,144,202,110,159,153,139,90,234,245,55,23,20,236,149,63,182,130,144,185,224,178,140,254,24,10,191,118,114,169,193,175,17,44,243,223,9,48,237,2,249,164,54,215,108,215,74,216,213,90,57,124,17,178,59,48,168,93,221,218,114,220,34,131,90,133,196,248,28,50,235,62,197,187,104,0,102,76,108,82,228,153,63,109,190,205,216,133,104,33,189,146,249,2,250,212,101,70,74,169,22,133,193,249,187,76,69,58,147,245,175,82,155,124,173,67,245,75,237,238,28,196,138,126,215,169,145,86,179,230,27,229,34,147,222,88,219,193,26,253,237,164,19,54,30,24,83,205,111,237,198,188,117,113,33,216,191,59,82,178,204,166,202,0,53,215,172,244,245,19,172,169,39,131,121,126,142,30,93,161,235,216,111,154,95,18,99,111,43,18,255,112,222,24,69,211,148,45,248,32,243,33,237,53,159,135,188,15,163,205,224,252,198,97,77,159,246,107,186,33,30,73,218,227,1,84,254,233,140,17,215,99,145,183,144,232,75,165,38,179,159,211,223,119,224,0,64,140,150,25,247,77,174,178,175,112,86,84,71,82,169,172,115,183,70,34,219,9,100,9,112,222,196,103,188,97,224,94,235,96,141,195,99,175,219,202,206,146,227,66,216,37,102,160,113,100,223,150,247,130,76,20,63,154,209,85,185,2,96,28,201,180,199,26,182,103,102,44,50,51,86,48,1,153,161,32,26,31,9,30,102,212,106,139,63,89,127,72,10,112,69,97,168,124,126,86,83,9,116,245,170,199,37,242,59,190,162,130,1,49,224,19,207,121,62,163,38,199,203,124,120,89,128,228,196,236,86,189,236,79,79,19,138,115,112,21,126,112,108,175,206,88,124,115,233,10,187,225,131,103,180,50,177,37,158,60,83,154,210,182,133,134,215,159,134,190,121,78,239,176,163,200,68,200,0,57,163,161,223,16,93,205,78,25,166,171,171,36,156,64,30,161,12,170,33,207,151,127,4,199,82,73,111,129,149,184,197,237,38,196,177,76,48,253,29,65,179,186,109,105,15,235,6,237,73,50,16,133,129,22,47,131,63,54,142,41,29,190,254,226,161,47,177,89,179,136,42,243,195,174,244,76,229,42,185,205,30,197,228,194,245,246,220,211,21,197,243,177,24,248,238,221,245,73,28,15,52,76,238,44,137,127,249,84,19,104,78,52,209,116,63,217,130,233,172,180,98,41,105,190,189,106,127,249,12,101,135,233,166,136,59,170,165,70,121,107,125,204,13,66,165,78,26,242,31,108,76,236,154,26,231,81,158,230,232,222,102,9,79,86,159,118,45,243,205,129,210,5,24,80,246,127,170,155,252,115,0,150,5,187,62,187,153,139,64,152,194,1,91,46,81,8,50,29,161,159,205,88,179,159,179,221,197,92,86,225,68,116,42,89,95,244,118,170,176,157,8,69,112,243,126,167,179,193,190,173,135,94,65,123,42,230,111,199,93,92,163,119,5,129,6,0,77,147,124,68,38,138,91,70,173,243,31,78,186,161,20,101,145,130,145,106,252,153,71,64,101,255,178,220,107,129,194,76,243,187,173,86,104,90,212,57,78,60,33,162,194,41,170,13,155,6,249,34,35,158,73,253,185,197,90,221,148,178,38,209,185,84,215,250,60,132,27,63,187,163,249,166,26,127,79,212,118,58,83,240,130,213,98,107,73,5,111,174,0,8,241,199,49,226,176,102,177,252,172,243,47,121,95,51,92,134,13,223,171,215,134,117,192,82,150,25,22,175,130,212,30,183,28,29,206,57,153,251,31,227,119,193,210,208,77,124,61,17,10,185,30,37,217,1,65,245,27,137,175,197,109,160,84,163,247,28,219,141,172,203,181,22,227,110,95,26,99,202,70,162,192,135,204,136,112,87,20,79,205,10,245,122,68,100,65,12,255,158,191,22,58,140,249,205,200,67,63,156,45,24,167,160,88,88,245,16,174,70,154,64,198,73,107,152,223,161,164,94,130,207,153,23,129,22,64,80,207,230,203,230,150,55,134,175,97,218,193,120,85,118,138,156,147,10,57,234,97,155,69,174,120,82,70,166,1,149,35,68,4,36,234,128,147,66,47,142,28,67,156,160,43,111,255,126,250,2,157,111,200,116,91,100,197,149,17,145,81,159,121,228,160,31,73,130,194,191,97,88,19,14,3,135,121,81,17,52,29,85,59,186,137,80,140,239,207,124,199,214,160,192,1,63,83,248,74,1,136,134,168,167,105,212,70,150,25,138,8,234,73,138,223,212,155,235,108,122,14,62,5,230,46,212,171,104,14,155,38,245,48,203,226,189,55,236,129,196,163,196,8,219,120,26,145,29,112,224,252,213,60,234,166,116,101,107,157,74,63,52,155,5,249,195,191,89,157,107,50,15,90,171,49,102,158,166,48,207,189,249,115,47,200,209,193,171,250,134,159,151,206,35,44,80,51,179,69,9,92,35,64,207,181,116,112,193,83,115,102,212,198,68,11,47,59,128,86,190,191,50,141,70,4,49,127,169,116,158,77,96,249,211,205,56,192,88,153,48,56,71,173,59,60,59,249,110,163,94,39,22,80,59,18,227,48,236,83,158,132,241,34,217,7,124,194,174,104,116,10,92,198,199,11,7,180,19,132,143,34,80,133,47,204,157,96,64,240,233,203,211,90,157,34,131,88,159,61,35,167,129,47,99,211,135,87,6,186,3,248,42,29,63,114,226,27,52,100,145,69,47,90,28,47,131,177,28,186,164,64,142,6,110,113,127,30,224,71,14,115,178,193,41,76,180,30,214,79,12,251,5,110,241,70,84,211,27,155,138,249,35,109,56,187,225,188,169,16,215,90,188,207,240,198,214,62,32,47,220,90,224,165,67,209,20,72,101,220,21,159,62,214,26,186,3,47,232,151,125,129,139,13,210,40,161,116,157,168,111,9,58,35,110,104,121,232,100,237,39,139,58,206,65,82,60,57,152,54,23,144,39,191,167,163,66,235,138,73,68,159,201,60,142,82,50,98,237,241,153,20,168,0,182,59,242,54,39,23,231,236,50,52,86,171,3,199,119,157,210,109,53,175,128,129,233,44,241,60,33,200,94,137,78,229,162,139,101,204,26,226,93,165,231,99,80,12,94,141,32,191,75,5,177,227,141,240,192,192,118,162,133,255,106,53,73,104,124,127,4,51,106,215,213,224,168,58,150,30,106,13,154,77,109,247,149,239,24,150,209,42,113,30,161,115,144,234,157,131,49,57,98,220,156,106,22,117,47,4,30,115,163,205,109,4,9,118,130,134,220,147,251,255,207,156,59,63,187,23,222,20,101,166,110,79,187,83,170,6,39,82,14,116,1,135,84,238,155,155,61,201,4,223,110,83,140,29,174,125,226,125,20,207,183,235,115,114,19,35,110,17,62,178,150,129,227,137,218,23,125,161,115,92,100,109,106,130,235,184,3,246,254,124,179,242,161,136,122,252,188,81,72,178,71,219,201,84,100,153,42,245,148,126,242,214,2,39,211,129,121,128,99,224,124,20,156,38,167,43,184,17,211,216,137,96,12,118,108,18,63,176,135,181,41,82,169,214,61,157,123,99,193,168,229,69,200,181,214,26,124,181,9,252,104,225,76,216,243,142,76,103,59,248,145,170,191,11,239,96,59,174,103,42,36,41,157,57,93,184,105,243,159,27,154,56,75,106,49,188,135,26,61,72,138,19,34,27,40,154,110,135,199,194,120,32,122,223,148,236,64,198,50,80,23,57,31,28,108,239,118,179,255,112,180,164,250,196,127,51,109,40,101,90,246,181,93,146,78,109,110,40,68,43,81,33,235,29,100,169,99,168,109,58,252,185,155,55,133,77,197,82,145,234,204,74,89,255,10,47,158,124,75,62,179,58,56,71,111,47,34,113,151,119,99,230,6,23,121,52,126,231,162,203,17,187,14,98,236,153,139,7,182,58,129,123,38,95,224,129,145,201,201,84,249,239,41,236,232,145,202,235,245,174,138,213,18,104,254,116,225,125,205,94,31,30,149,202,141,200,106,98,14,66,64,151,79,115,152,79,51,200,223,43,117,200,244,90,3,35,4,107,113,150,171,138,32,192,152,49,126,216,39,203,40,73,75,25,14,19,128,186,172,40,17,183,35,173,193,141,146,67,236,152,140,159,7,29,141,229,161,54,28,98,2,205,249,245,11,129,61,105,248,98,73,221,166,176,178,35,187,158,91,208,2,246,188,201,169,70,153,47,210,57,36,15,215,40,83,205,41,124,107,50,75,209,244,141,196,229,49,22,106,251,174,113,16,45,87,208,10,238,36,231,255,173,131,217,27,231,82,115,141,10,17,202,233,118,107,111,240,243,191,140,220,140,204,189,33,206,223,13,124,39,244,42,215,150,82,8,126,51,75,110,142,80,23,187,69,63,144,137,54,24,143,53,1,94,209,127,255,176,54,12,173,64,187,80,86,146,247,250,92,53,107,185,131,237,45,115,167,238,225,0,155,232,111,171,14,133,133,241,23,242,134,235,236,184,205,191,104,102,144,168,42,177,232,240,54,29,67,207,250,127,1,239,242,243,137,82,194,201,89,248,248,224,58,136,76,193,43,144,155,255,128,91,1,19,59,244,142,222,246,66,18,144,16,248,244,131,230,188,168,220,3,153,38,15,133,116,103,163,35,25,116,47,54,106,111,221,132,92,80,163,129,34,71,21,148,34,34,88,139,98,169,67,193,141,141,153,229,203,33,210,34,12,180,126,56,78,99,193,75,100,66,216,238,243,252,179,224,107,178,149,45,250,199,119,217,202,245,31,255,234,215,50,15,81,10,17,39,104,161,180,238,94,69,0,128,229,201,189,137,195,119,229,103,21,74,84,3,45,144,37,237,206,37,51,237,33,146,12,152,115,33,32,113,246,146,238,80,34,139,54,25,212,217,68,50,65,189,16,73,51,248,78,191,92,216,202,118,212,90,186,212,76,225,208,33,202,195,111,11,184,52,145,150,153,153,229,245,67,229,146,35,129,108,145,221,6,69,66,52,11,182,20,206,3,49,119,108,146,34,246,12,156,102,156,194,22,124,87,43,181,173,225,135,82,61,68,203,187,49,152,188,220,145,96,163,77,40,191,245,251,104,106,41,147,12,198,1,94,184,220,37,137,72,104,185,100,154,253,8,121,112,32,232,52,149,52,193,199,169,145,153,236,226,73,86,240,244,36,91,37,43,219,58,248,8,57,227,74,45,205,9,21,135,86,88,54,170,184,13,249,16,58,237,26,177,190,37,222,121,25,141,40,202,0,83,178,254,84,64,244,57,241,203,46,233,34,219,136,103,44,82,192,191,77,217,49,70,89,29,12,34,138,3,90,176,244,86,75,110,226,236,246,72,75,225,76,190,87,153,209,45,96,77,139,68,54,59,60,153,208,137,121,67,219,52,105,84,147,55,50,246,41,109,109,185,193,89,82,22,89,223,229,59,10,201,245,161,142,97,20,201,48,182,172,161,13,190,136,223,255,143,43,223,153,240,68,159,107,38,171,14,16,21,113,122,128,74,230,75,204,74,188,122,203,93,92,2,87,67,236,133,9,182,11,65,189,126,165,207,209,86,123,234,238,207,249,113,18,73,236,233,254,137,30,54,152,50,46,171,50,109,159,48,172,68,175,107,110,239,145,71,52,166,49,134,192,46,243,198,135,158,231,220,222,37,178,107,15,235,28,60,232,183,228,214,13,3,99,89,160,134,85,82,41,60,222,51,134,41,41,18,207,185,74,102,238,141,155,120,248,169,211,225,129,198,189,183,27,29,97,27,70,26,173,79,9,167,8,6,132,242,22,26,70,103,208,242,87,99,123,154,36,81,254,101,19,55,8,26,65,42,156,234,241,206,60,247,118,203,47,22,200,185,178,207,77,227,195,159,155,207,20,255,250,249,243,220,62,130,195,242,246,30,51,229,234,214,8,81,80,17,190,232,250,36,189,147,224,100,74,36,62,118,85,36,252,134,204,64,119,46,71,102,205,19,142,180,50,248,15,65,0,6,206,80,241,189,40,89,128,122,92,243,62,136,198,116,111,73,225,203,6,36,98,77,78,167,68,208,251,183,225,110,94,48,179,83,97,163,42,96,205,105,219,78,0,76,82,216,155,215,216,51,232,109,76,102,72,41,178,97,19,255,20,168,83,46,25,209,166,113,22,146,166,124,235,75,66,204,14,95,139,61,161,81,10,41,44,105,87,223,86,103,106,47,172,42,178,186,96,246,206,53,203,160,212,150,181,63,69,192,238,208,152,222,32,200,7,84,6,188,58,127,83,198,138,158,162,99,136,107,223,207,154,131,117,255,208,168,232,78,91,36,239,4,95,15,150,108,140,176,181,191,14,128,129,108,155,2,230,132,18,17,235,227,163,75,234,163,142,236,166,144,68,66,215,106,95,106,147,174,13,64,49,186,247,53,1,102,165,52,5,14,32,242,38,160,236,170,12,59,173,139,86,21,99,152,252,173,97,144,112,193,11,191,24,17,208,9,187,243,79,138,103,112,217,146,36,163,222,170,166,230,96,201,49,152,114,198,59,41,87,33,40,20,3,169,3,249,172,20,11,147,48,228,162,47,13,109,224,176,84,162,81,173,242,187,31,108,9,243,252,181,0,84,255,163,13,139,135,144,152,255,214,107,141,46,246,24,82,227,172,251,7,170,127,30,135,190,157,238,235,137,186,31,108,67,145,22,105,65,145,82,234,96,38,199,10,239,58,172,160,166,66,208,43,1,135,37,160,216,194,0,63,236,217,228,218,72,253,143,33,6,114,65,131,141,130,185,34,8,50,202,110,178,45,170,223,25,4,96,122,195,17,194,96,234,171,141,169,138,132,10,127,210,12,202,106,195,205,175,71,243,159,94,83,107,88,164,45,188,187,68,129,73,231,98,133,87,127,221,56,107,235,195,85,173,176,152,241,219,40,189,172,137,162,143,254,206,210,175,224,140,108,123,100,215,139,128,185,68,97,76,173,175,174,186,65,142,213,48,237,144,138,206,188,202,85,128,193,239,46,210,114,24,119,57,253,3,67,244,126,122,53,209,19,43,48,222,228,129,179,231,37,152,210,118,17,124,95,48,205,22,63,178,28,28,243,5,84,78,67,155,149,213,57,123,187,14,242,22,249,146,229,90,217,37,46,96,50,244,170,121,236,99,5,54,120,202,135,207,68,114,0,95,199,159,225,118,224,125,128,176,28,55,68,176,231,143,133,220,230,145,13,156,150,38,216,98,23,64,241,101,113,230,1,101,173,28,4,79,93,177,250,140,82,99,250,131,223,124,172,24,84,1,100,82,139,85,226,76,183,205,45,52,24,110,114,5,64,211,11,197,156,64,92,9,140,124,139,250,76,156,30,111,248,61,217,188,154,160,210,29,126,243,238,85,45,164,121,104,225,145,59,213,249,189,87,21,25,59,53,203,161,104,143,178,114,212,131,54,27,53,120,24,189,135,149,248,66,101,124,196,223,206,93,97,154,146,218,79,172,46,170,155,130,43,32,144,230,94,207,170,70,200,0,21,85,93,113,76,88,176,11,78,165,206,131,191,245,162,191,177,118,47,201,200,57,221,145,215,1,1,141,122,46,116,220,183,14,5,140,3,168,192,128,166,4,103,193,185,245,239,20,142,164,5,50,226,31,157,207,211,212,230,125,196,124,249,133,176,107,32,185,83,80,229,48,130,24,242,161,143,178,62,235,100,85,54,244,100,196,246,223,205,127,223,28,188,13,57,150,218,13,178,96,24,197,132,55,62,35,167,247,118,187,9,107,9,31,207,152,254,218,223,150,200,133,119,154,130,13,240,43,249,27,69,228,154,87,168,230,209,87,132,60,183,87,167,38,142,50,86,157,150,202,50,224,143,210,50,122,103,199,134,57,135,27,22,208,101,126,86,88,192,135,147,167,137,249,221,3,4,11,156,199,24,188,172,12,174,73,61,184,139,208,3,146,38,216,58,174,109,140,195,0,59,87,234,227,8,152,106,56,89,199,215,252,237,11,29,158,125,6,99,209,45,181,243,250,11,207,118,252,238,29,123,146,254,1,39,56,151,98,217,229,203,171,45,46,129,134,246,100,149,75,217,201,198,78,184,141,68,109,163,64,8,182,119,56,13,69,131,163,234,7,149,232,97,54,179,166,220,151,170,149,233,111,137,174,88,92,60,136,151,221,77,118,163,188,82,66,216,135,197,130,245,34,118,190,244,117,186,219,119,2,194,116,36,124,212,218,98,229,44,250,169,96,212,35,189,148,104,57,182,124,55,75,56,58,34,78,244,93,82,112,247,253,51,235,216,172,18,249,165,226,170,231,186,120,0,22,127,186,248,92,211,217,43,148,237,204,147,249,255,216,55,105,218,69,160,208,250,227,87,55,185,66,178,68,90,235,165,69,245,95,59,122,62,99,134,49,152,206,171,221,83,54,178,218,132,45,164,245,145,182,65,114,138,41,50,200,132,90,50,163,159,213,18,33,193,61,222,33,64,2,95,171,177,26,117,173,115,137,126,135,227,104,223,180,103,79,99,108,236,30,245,105,105,210,188,65,198,26,167,126,78,47,184,209,205,253,123,110,75,101,22,113,17,154,11,55,94,83,41,74,191,202,10,51,50,122,21,105,178,198,148,118,180,88,88,0,162,172,165,56,113,87,46,170,146,153,228,102,38,231,231,62,43,171,49,27,56,204,163,188,200,25,68,147,149,117,154,100,251,113,136,169,63,46,36,170,56,170,76,31,101,90,39,255,15,17,101,179,191,117,140,22,157,119,30,2,113,131,107,28,226,59,159,234,76,155,153,161,16,145,227,174,22,54,31,176,46,54,59,162,245,244,86,177,242,255,158,141,72,176,171,170,49,39,220,71,127,234,173,177,15,118,93,252,219,65,41,35,54,141,86,78,13,34,87,109,140,175,182,138,224,87,29,40,168,40,137,190,140,81,92,115,65,47,73,15,101,141,113,190,134,149,99,199,64,63,168,101,219,146,67,19,234,110,80,201,85,53,139,113,155,97,31,13,198,142,111,153,79,74,210,95,208,7,45,234,8,97,217,240,96,96,183,3,208,99,146,43,95,7,23,198,2,131,178,214,94,211,27,74,46,34,219,5,17,81,126,32,48,218,77,113,42,48,1,136,238,139,156,175,79,69,44,109,105,142,202,184,176,152,168,83,85,171,7,76,93,167,165,104,248,235,30,188,215,3,148,179,210,193,87,231,109,213,226,230,88,182,225,161,221,179,225,197,183,21,66,129,25,69,108,169,5,74,15,217,107,35,248,94,230,141,174,212,188,36,63,118,27,203,94,229,170,215,57,132,158,60,65,4,165,165,223,248,26,9,162,168,182,74,117,144,234,22,154,41,28,242,221,202,72,84,81,84,103,167,118,115,95,3,139,176,35,144,26,212,109,177,14,195,168,252,112,153,205,205,194,179,117,127,184,82,63,216,169,18,38,135,62,72,56,11,90,188,205,134,177,199,49,21,133,84,243,206,45,235,148,136,232,108,87,169,102,232,53,69,244,43,219,4,89,113,218,147,162,173,175,109,232,65,69,159,144,172,94,50,66,18,33,57,194,200,216,5,73,211,206,229,126,238,164,148,12,92,226,95,17,76,64,107,174,71,94,131,238,153,113,222,172,50,206,225,10,47,68,95,52,228,32,13,62,120,75,162,211,156,159,95,157,153,207,86,173,124,109,164,239,186,236,154,94,109,115,177,219,11,55,68,44,32,163,74,231,4,211,179,227,240,52,3,178,128,67,154,238,116,83,89,84,3,40,76,9,173,213,40,27,161,128,78,175,51,141,124,103,249,144,57,179,67,16,183,88,132,166,211,62,132,39,238,177,105,165,88,147,182,210,88,79,17,57,193,229,7,204,216,197,73,99,254,218,129,180,210,38,102,223,148,113,204,202,129,47,234,251,67,110,87,76,193,246,33,166,61,13,197,200,130,82,186,12,56,235,45,22,117,199,106,58,229,200,26,24,194,96,180,189,98,59,132,180,214,83,21,144,90,249,44,172,124,26,228,111,201,194,13,218,87,188,130,57,184,135,234,74,149,75,182,133,217,181,137,16,243,65,210,80,142,39,121,235,83,98,223,242,144,159,231,154,117,105,61,74,34,147,15,122,33,91,201,89,30,155,114,233,226,242,112,106,231,50,162,209,77,155,142,176,138,32,243,169,108,255,146,60,254,203,122,147,210,255,89,186,119,59,90,15,7,160,157,81,105,227,255,73,213,189,192,130,29,52,73,83,51,156,211,84,224,65,169,252,131,131,94,62,154,77,222,102,240,230,131,233,112,64,21,229,199,161,147,7,118,166,229,24,109,16,184,16,238,190,184,76,162,49,23,46,190,238,141,42,181,151,236,221,126,72,64,12,135,251,224,64,24,146,238,83,14,136,66,81,212,112,76,203,248,63,30,102,0,69,127,230,106,193,124,255,211,66,238,151,250,160,88,71,243,237,165,40,140,81,135,195,126,72,239,104,29,175,134,127,127,45,43,200,171,137,57,228,27,233,212,149,211,50,32,99,92,66,7,161,124,50,193,211,131,112,5,64,224,29,246,228,12,128,220,57,32,65,7,182,227,66,199,230,54,66,14,217,39,104,164,226,12,236,33,133,146,230,165,214,21,220,137,247,36,98,172,39,143,215,144,237,219,204,220,68,91,192,190,180,195,198,210,38,93,31,94,78,178,210,151,245,15,198,107,135,40,219,169,113,12,7,207,44,185,146,242,164,143,74,192,180,238,78,15,110,212,122,223,202,110,64,184,4,77,29,5,144,49,68,135,100,134,241,156,254,83,26,44,209,186,154,47,50,99,123,126,200,179,144,231,126,204,81,198,154,27,110,216,132,144,35,63,25,9,142,87,151,65,214,223,41,29,90,229,74,31,115,231,5,134,6,113,69,252,102,224,248,25,183,31,56,222,171,19,100,50,160,61,17,90,135,243,12,246,41,232,119,216,188,143,96,85,137,116,65,209,122,165,79,185,37,36,139,8,181,242,200,154,129,145,250,185,178,128,205,124,107,103,20,174,6,27,85,18,49,212,49,99,207,45,144,221,42,212,55,132,175,24,90,234,20,38,76,29,30,160,86,96,165,216,34,68,137,141,122,32,55,96,3,175,231,236,59,141,74,229,59,29,93,144,119,240,118,182,171,98,31,93,169,121,142,128,168,8,18,43,110,181,167,32,121,40,232,150,238,184,145,163,52,187,246,163,33,52,65,120,225,159,224,16,229,220,164,191,82,250,111,57,82,214,49,200,172,206,229,231,163,141,250,219,169,27,213,230,136,206,225,254,51,108,170,63,149,244,171,157,214,8,220,156,229,63,132,188,245,194,240,90,14,120,83,128,39,175,170,82,10,189,114,61,214,195,227,239,217,237,88,198,179,109,83,23,91,53,18,208,12,16,201,177,91,69,241,241,28,225,82,216,85,151,60,65,119,30,191,96,176,243,211,58,143,71,27,72,207,60,238,64,255,195,114,36,208,112,74,251,55,43,132,122,223,69,143,106,189,117,94,168,145,114,56,121,9,63,224,240,13,242,245,123,78,185,140,33,87,102,158,39,182,144,47,129,223,192,163,118,98,10,221,232,96,225,237,63,119,149,23,53,7,156,87,76,127,193,82,127,165,141,60,219,233,227,158,79,236,244,69,43,182,122,206,119,166,73,209,81,225,201,210,108,219,175,89,128,78,135,240,47,155,170,10,31,143,119,152,73,45,115,58,121,195,73,69,18,139,159,150,101,18,220,51,22,132,52,90,147,115,247,141,48,69,170,131,57,203,193,242,144,151,241,36,242,96,184,114,161,191,168,149,152,21,55,157,150,14,188,118,121,101,242,63,0,153,46,22,8,213,38,124,156,206,225,178,47,67,89,195,7,180,139,84,48,235,239,34,128,75,143,122,190,106,150,192,59,140,42,221,68,5,151,111,179,40,239,182,166,234,189,11,212,166,244,58,31,109,80,165,246,126,33,249,103,224,16,79,145,175,192,145,241,179,227,227,155,194,83,231,149,100,37,180,230,11,138,160,136,237,60,233,176,72,181,166,104,59,229,20,8,223,84,122,195,137,191,21,213,26,131,198,70,90,54,253,40,25,56,54,26,120,119,109,123,172,105,218,66,18,164,59,57,70,94,227,74,254,170,43,71,124,155,183,53,114,223,119,188,45,81,182,86,196,87,249,14,211,230,176,233,70,183,203,221,228,88,113,125,147,21,156,172,233,128,120,130,158,245,60,99,255,21,223,40,40,249,113,156,26,59,165,234,202,195,108,68,29,103,72,50,114,192,0,237,157,102,92,3,8,45,85,227,149,208,55,136,50,136,232,217,33,137,139,225,46,27,59,114,18,44,162,150,215,171,248,247,155,225,145,142,47,154,101,86,76,69,171,43,65,129,155,134,5,90,157,39,116,223,221,109,109,50,192,155,145,229,33,42,110,126,51,238,46,221,160,183,244,191,42,195,35,42,171,78,148,87,133,1,146,35,43,196,246,152,216,154,253,69,213,164,135,252,145,227,61,156,191,177,67,61,226,135,13,198,123,74,172,158,226,12,80,106,64,16,15,106,49,53,80,234,197,67,202,105,227,75,120,73,164,244,235,94,106,124,62,216,26,124,57,116,13,201,106,87,142,0,204,152,232,4,83,91,5,248,29,251,60,31,50,127,68,22,90,167,142,119,211,152,66,1,241,108,31,222,164,171,121,135,134,16,27,152,39,83,17,28,223,116,22,105,86,178,246,213,225,200,105,62,235,117,131,177,185,141,198,94,109,125,147,228,123,159,184,6,53,244,241,12,190,162,209,87,127,126,250,103,186,187,104,223,246,23,96,82,152,43,59,222,153,173,67,203,120,218,210,47,132,145,82,145,240,127,126,33,215,38,212,248,154,98,145,92,159,23,165,115,248,252,97,204,126,143,240,127,90,11,29,79,19,60,143,152,204,64,86,22,245,173,146,247,76,14,226,205,170,233,115,192,139,221,16,48,127,76,195,98,106,141,75,105,54,225,153,233,240,182,146,124,125,74,252,91,103,176,125,105,65,72,110,123,84,233,26,186,159,6,67,68,108,1,133,0,252,38,60,240,178,14,234,203,157,249,222,218,75,49,24,105,105,194,194,178,155,197,88,253,77,105,176,142,128,173,60,178,1,109,67,229,181,86,198,157,198,55,23,247,38,0,125,59,230,188,27,179,181,111,64,214,131,115,196,112,146,136,47,152,170,240,66,118,38,171,121,236,111,252,193,18,226,133,137,140,128,251,17,157,245,80,159,118,57,68,142,255,38,11,101,25,103,219,202,70,115,124,27,191,215,236,123,137,112,38,240,244,210,110,171,206,94,144,27,73,154,57,255,123,133,37,143,119,117,11,141,181,234,12,145,53,128,33,195,12,222,83,50,142,66,113,53,93,21,255,11,150,133,173,4,212,199,34,2,49,74,204,64,142,151,84,246,171,209,192,151,136,249,212,247,154,225,19,83,164,26,244,127,63,183,7,78,143,25,3,255,94,108,129,165,28,60,242,48,225,59,88,161,213,176,222,212,220,70,80,123,129,209,45,244,213,115,190,109,99,79,243,194,104,167,172,96,117,46,67,151,204,146,235,234,73,126,83,4,89,163,2,207,192,155,93,181,176,23,243,39,84,30,200,238,13,41,112,129,238,133,3,234,35,95,133,212,191,48,1,10,183,22,134,30,146,4,84,92,190,202,154,188,104,208,133,82,134,249,255,81,180,223,114,123,14,189,79,157,138,50,218,221,181,252,169,203,226,66,29,4,178,107,204,192,98,139,87,95,71,218,158,171,128,79,13,155,168,135,251,99,105,54,34,94,222,42,44,36,14,8,61,28,119,203,234,83,140,5,167,34,157,131,80,110,180,166,180,234,189,6,222,246,100,239,83,92,88,79,85,34,160,49,58,53,16,165,31,57,119,98,89,14,162,43,71,107,104,100,144,248,19,80,188,122,164,25,99,217,96,125,1,63,17,121,236,239,142,222,96,21,222,1,161,44,143,68,138,32,241,215,238,16,37,193,121,91,18,28,1,143,16,151,195,90,60,235,63,196,27,223,121,59,140,162,84,107,235,252,171,219,161,95,149,195,87,87,53,189,146,151,118,170,205,39,114,91,108,27,27,1,22,190,155,141,48,219,164,227,70,91,102,102,62,198,78,208,61,8,124,88,178,230,190,45,187,193,162,137,93,57,67,5,50,185,64,252,27,194,9,153,20,98,145,100,98,97,245,7,232,205,217,244,40,98,98,93,50,34,254,183,148,8,116,175,146,54,63,190,237,92,255,88,110,187,50,160,249,23,102,108,225,12,7,136,191,143,164,199,53,172,176,38,189,245,96,113,238,136,142,242,233,130,15,122,144,53,14,148,248,86,246,123,29,73,209,132,1,220,166,134,145,183,179,61,126,190,224,150,92,150,108,91,153,136,94,66,140,69,211,46,223,60,217,19,2,111,3,174,207,232,234,189,71,115,124,190,18,159,176,8,9,182,134,163,43,14,87,164,79,5,61,110,64,152,83,235,27,249,86,198,134,188,3,213,117,118,125,144,188,155,88,233,90,76,245,25,183,153,45,209,204,199,79,167,37,16,106,153,133,71,111,231,0,168,99,53,107,143,153,184,228,174,81,171,206,119,123,204,214,30,102,253,143,92,233,74,72,143,210,118,49,118,77,60,196,194,204,221,126,246,114,241,75,134,51,106,177,17,243,202,7,72,1,157,12,77,26,92,114,222,126,44,123,128,61,165,210,163,134,230,156,135,182,248,238,120,13,5,123,146,193,185,92,83,180,116,169,5,133,43,114,102,244,29,46,149,81,126,204,248,158,79,193,214,89,63,61,95,20,230,247,81,81,217,139,189,201,92,93,136,2,207,14,227,119,124,148,9,127,78,77,233,234,151,72,237,207,171,200,34,231,156,216,81,57,185,196,127,231,129,69,31,8,81,2,109,235,222,130,164,1,15,243,90,156,128,250,211,234,226,201,68,194,134,217,144,236,191,55,99,42,151,116,29,169,171,109,194,9,241,51,246,141,68,119,40,42,194,132,28,40,159,226,93,144,207,174,143,94,221,162,144,120,122,179,185,134,128,251,71,225,182,128,36,199,242,39,88,169,63,241,120,165,23,0,220,116,176,90,253,39,151,73,247,214,123,146,207,2,5,93,109,53,41,56,99,146,43,203,232,91,173,149,143,189,228,49,31,141,210,117,190,161,187,44,47,5,92,72,96,32,161,166,187,13,226,236,168,108,217,168,69,138,148,138,123,84,11,199,210,28,184,178,141,107,171,90,8,198,114,195,100,234,170,62,16,217,80,108,54,202,140,114,218,178,122,119,125,13,253,249,37,132,116,112,25,98,128,252,4,144,53,167,85,76,230,128,21,5,130,180,154,147,13,71,164,197,182,99,153,122,156,134,101,221,255,95,214,224,60,144,91,137,34,12,77,5,127,18,82,160,35,68,132,248,15,50,135,88,158,4,174,210,89,200,203,207,226,209,41,220,134,28,84,253,203,34,91,100,79,153,93,124,116,249,247,43,236,32,94,67,153,97,94,86,9,0,140,77,149,86,130,96,122,8,229,68,179,1,99,219,240,160,230,181,223,141,105,113,137,222,192,85,67,123,151,211,45,5,140,121,51,193,42,114,217,159,21,7,84,143,37,159,11,158,135,235,142,198,244,75,228,176,105,104,41,22,30,248,25,158,3,76,227,240,174,254,135,30,221,97,180,13,194,247,92,161,87,32,218,118,51,108,242,67,210,45,225,90,58,62,252,61,147,209,51,46,156,121,140,118,92,195,155,23,74,195,241,167,109,224,53,201,152,216,202,20,226,31,29,255,15,194,154,254,222,28,119,243,201,143,245,101,30,235,109,191,23,198,249,6,43,51,120,4,2,58,214,41,103,93,26,22,246,164,121,104,30,241,56,79,222,124,122,187,122,201,28,44,34,57,253,143,46,254,86,171,254,128,57,172,152,13,82,6,16,233,167,28,58,76,106,131,15,54,203,102,2,135,131,106,154,164,2,59,19,248,233,58,174,51,250,104,198,243,26,173,193,65,182,32,192,102,198,71,120,40,42,142,205,115,155,89,155,38,187,140,71,235,2,69,23,230,216,4,122,197,186,70,15,184,135,165,213,35,212,39,40,167,68,214,14,29,207,79,247,197,191,239,128,88,126,167,23,10,243,33,156,184,252,210,228,112,141,46,234,132,63,0,152,163,71,41,42,56,176,171,221,130,185,108,157,195,214,236,148,195,48,26,218,69,122,233,111,78,208,247,91,182,7,171,236,205,148,219,88,32,203,173,65,132,191,154,250,146,157,221,152,106,47,12,163,248,116,45,171,218,33,25,34,101,60,231,222,210,103,125,122,115,13,167,164,151,121,92,126,98,179,213,199,112,198,78,36,130,76,136,22,34,139,200,37,240,61,145,224,254,179,211,113,238,178,23,87,45,39,213,218,125,45,115,78,139,80,242,129,59,147,72,114,102,185,109,197,200,103,84,194,17,251,26,229,212,66,127,226,218,213,96,138,135,129,29,150,56,212,81,182,118,136,250,184,25,193,1,153,76,73,62,248,152,13,120,221,186,191,149,101,59,111,200,82,218,210,9,50,184,240,203,102,234,134,95,175,9,198,138,205,228,218,87,202,100,178,166,76,81,246,243,104,126,145,99,194,53,162,28,159,138,227,154,40,44,181,66,192,137,198,28,255,64,148,246,213,30,125,243,208,147,57,43,147,21,93,206,170,106,90,25,219,210,54,110,157,220,44,200,4,225,38,208,101,135,61,61,142,184,179,31,70,12,26,203,18,145,237,242,123,135,126,211,129,106,124,150,103,48,99,226,144,197,254,185,73,82,249,120,11,214,225,110,215,253,231,16,24,161,92,186,185,46,31,146,233,86,0,140,241,228,104,71,208,163,111,247,179,79,254,180,126,7,156,176,47,53,202,205,142,34,48,164,2,186,13,174,60,249,55,185,194,164,59,157,33,98,226,147,187,196,19,22,238,204,126,103,20,65,202,215,213,225,147,99,138,199,71,152,62,41,249,85,175,76,14,211,141,231,10,87,126,123,11,64,241,131,210,95,78,70,166,247,104,107,240,93,175,182,129,45,83,115,139,12,223,13,173,39,228,96,47,190,14,187,31,109,97,221,75,47,20,252,161,194,120,2,70,177,45,13,197,154,143,98,237,138,43,16,16,132,32,145,172,144,176,251,198,191,134,250,1,214,53,194,190,99,6,20,209,213,168,228,240,31,109,64,218,125,105,133,242,166,199,31,108,28,178,53,141,59,138,105,3,22,204,29,67,241,168,158,251,77,235,88,154,255,238,232,204,157,203,252,2,244,74,237,28,195,6,124,96,251,50,182,211,220,163,132,240,40,244,103,123,118,184,62,115,107,185,218,207,253,253,13,3,53,105,94,185,99,2,174,19,114,16,175,246,59,143,196,58,117,25,21,36,39,32,91,140,190,7,14,39,185,212,49,37,163,184,235,168,94,208,60,235,127,164,143,193,181,200,87,138,6,114,212,99,203,106,91,106,225,191,120,99,174,161,232,111,75,179,195,144,135,58,88,68,45,18,155,204,243,66,181,181,76,227,94,49,136,63,182,49,188,106,159,249,65,129,72,214,14,43,208,212,115,122,210,80,227,15,239,239,33,3,115,41,171,162,237,29,125,73,105,229,133,243,119,150,84,63,134,213,221,237,144,252,80,144,245,94,94,145,85,201,119,242,210,77,182,6,156,33,16,128,64,206,12,24,204,44,85,95,34,31,192,13,252,241,131,30,162,36,219,25,226,233,181,119,231,238,61,222,180,109,60,237,211,100,71,31,143,177,158,207,170,210,154,104,190,130,161,239,198,58,163,52,132,213,53,58,173,27,24,242,71,52,180,157,181,27,158,85,157,127,151,19,115,6,80,7,133,52,0,251,244,233,5,190,142,46,112,182,19,163,148,124,91,31,209,136,22,218,221,92,106,166,123,155,156,49,52,115,21,232,2,218,67,187,6,233,50,80,88,33,2,240,208,188,0,235,126,2,204,108,0,78,209,94,156,254,27,191,246,167,68,161,206,118,117,60,228,108,90,39,81,27,242,172,219,191,24,182,146,91,189,76,198,127,113,190,54,248,67,235,9,240,181,1,19,220,142,128,143,1,81,67,172,208,127,220,166,249,183,228,32,101,90,30,123,81,209,243,153,203,99,217,123,36,227,18,80,144,123,93,181,34,197,242,154,163,76,6,255,21,57,182,239,98,77,224,122,32,242,195,17,104,153,190,44,62,7,116,141,79,217,168,236,176,190,222,66,16,184,97,203,48,75,45,123,84,64,83,214,108,232,214,252,33,130,121,123,246,59,10,209,70,76,136,224,18,153,240,9,3,162,61,236,33,251,196,113,6,58,69,110,150,229,145,210,147,173,233,74,170,165,128,237,225,49,254,161,201,212,51,65,147,248,140,52,70,187,163,249,73,20,190,190,60,144,140,172,236,227,199,199,210,162,120,216,1,57,34,135,24,214,196,117,179,140,163,156,113,18,187,67,220,160,196,62,166,67,203,160,6,2,80,230,180,37,239,5,160,184,62,216,28,191,225,60,16,64,83,237,219,197,29,101,171,138,198,35,89,166,98,72,29,149,137,97,37,235,106,243,97,205,158,79,102,198,7,242,248,61,200,249,35,196,28,138,149,162,94,206,84,127,225,81,112,140,150,224,98,7,15,180,57,113,153,26,56,145,135,198,49,56,70,30,90,143,112,120,119,175,251,95,98,157,106,230,234,36,184,177,224,216,224,46,165,239,226,241,216,32,132,147,255,52,200,154,7,43,157,226,218,56,167,119,45,113,64,16,50,27,3,215,127,63,83,103,63,211,42,16,196,8,208,8,159,63,144,40,75,65,243,124,162,26,102,28,85,212,84,231,9,47,106,237,112,69,44,158,24,237,136,27,212,222,243,33,92,212,126,124,249,114,112,163,140,4,53,48,209,93,142,108,222,218,37,47,50,26,69,150,155,3,199,38,11,230,74,30,212,208,169,83,232,214,108,22,254,68,160,71,67,189,141,192,190,248,21,158,177,142,58,98,220,96,170,203,162,3,206,155,61,150,244,119,197,35,85,53,216,69,56,187,5,65,5,195,13,159,250,129,153,220,221,142,220,141,5,116,40,84,46,238,231,221,193,5,131,250,235,66,127,45,202,64,122,80,233,142,76,83,254,210,120,114,250,214,246,79,182,133,79,177,250,126,173,92,95,133,188,84,191,29,10,65,1,104,31,206,117,219,180,148,46,210,80,177,107,152,118,233,59,173,196,20,27,188,186,82,187,225,91,4,96,204,19,28,164,238,92,247,13,84,184,216,112,239,113,249,10,47,98,67,158,41,49,70,66,204,109,25,98,74,202,26,18,89,185,81,33,73,144,137,11,43,211,155,136,83,26,116,7,5,46,249,216,72,108,11,233,48,144,116,64,17,41,39,40,52,73,8,169,11,106,63,133,19,78,90,224,139,31,216,39,95,194,142,168,32,115,254,144,55,107,251,181,95,95,54,181,205,0,232,187,204,163,72,92,110,106,231,87,210,8,73,10,172,197,74,169,90,101,95,32,137,173,7,86,225,248,112,73,195,87,133,184,183,4,104,205,179,238,89,228,181,5,125,187,22,124,217,76,40,68,137,122,209,17,187,170,33,188,154,11,222,209,163,7,146,234,187,188,133,128,206,235,141,212,254,112,190,204,71,2,246,3,223,130,230,22,169,247,59,139,5,204,115,245,30,233,251,94,206,68,142,7,156,84,242,99,76,245,3,92,171,61,39,85,188,50,255,79,14,41,8,62,189,178,217,251,159,102,213,63,19,114,164,99,23,0,69,157,72,132,228,19,15,232,108,78,118,201,41,98,88,101,36,203,74,232,38,173,3,8,255,186,243,96,165,107,139,151,14,217,248,150,8,127,230,11,4,152,148,17,148,186,8,57,223,155,91,232,126,160,140,106,173,112,25,39,46,38,243,162,68,204,15,215,193,166,181,145,119,57,180,245,175,10,149,184,147,34,163,99,74,246,119,28,54,138,151,134,169,245,40,181,92,219,144,197,150,62,90,191,212,89,201,41,181,235,207,58,52,24,93,136,146,254,28,243,225,235,10,223,61,68,213,6,222,40,144,87,31,195,53,179,105,96,40,42,106,87,96,87,194,199,214,188,109,224,244,228,213,195,243,248,209,220,222,211,80,92,250,92,218,82,226,125,5,221,215,111,229,186,184,146,113,181,78,194,125,63,63,93,38,61,32,130,152,232,247,38,24,175,27,234,89,159,49,6,203,187,136,80,130,81,102,117,129,101,160,95,1,15,232,138,51,46,146,38,42,103,38,47,182,252,53,196,244,171,215,176,75,230,61,53,15,165,132,60,158,194,14,164,137,209,104,203,229,160,113,155,92,167,32,218,38,120,208,9,55,24,210,225,19,134,33,19,203,13,73,212,36,236,167,107,121,68,125,36,31,180,206,214,219,113,2,175,214,88,230,8,227,146,12,15,106,238,98,157,210,182,28,207,78,237,33,12,250,145,255,215,35,88,219,115,44,243,44,118,138,167,38,117,21,204,197,138,130,5,127,175,18,89,206,161,164,12,195,95,211,98,27,211,139,87,96,200,56,226,145,196,193,180,191,116,7,81,90,176,16,189,139,66,175,0,242,59,229,32,239,45,77,89,187,181,31,70,235,225,5,141,240,210,55,250,176,129,182,24,203,103,222,186,1,110,178,79,218,243,198,176,197,72,73,78,99,119,147,31,207,203,21,84,32,244,218,130,143,225,55,8,181,222,41,233,17,209,225,85,9,84,52,64,5,253,3,9,34,81,20,223,217,71,83,14,173,230,157,211,226,160,101,232,140,231,115,230,151,77,16,246,30,28,154,14,211,244,25,10,157,100,131,48,173,188,160,37,203,195,134,68,37,239,144,60,212,157,167,160,140,58,91,235,187,247,9,204,135,73,102,67,253,99,16,148,254,61,222,252,146,240,215,71,180,249,170,215,63,49,210,211,62,28,111,30,31,146,4,53,157,134,136,123,61,125,137,246,160,175,128,55,224,3,66,199,87,95,79,222,23,228,44,85,196,7,93,27,106,4,5,165,252,137,132,93,8,107,185,126,25,201,205,92,222,202,108,30,89,191,6,74,161,230,31,14,204,250,133,211,55,93,37,57,168,16,244,44,96,147,17,191,165,26,95,193,56,97,121,8,171,160,14,244,203,47,219,171,9,35,41,125,86,198,242,42,39,58,184,222,175,164,61,194,216,196,97,98,235,38,1,113,60,217,19,228,143,102,231,237,19,57,138,253,149,162,140,145,162,95,55,63,140,225,242,249,169,161,135,133,163,58,83,186,49,206,25,65,69,82,193,252,171,47,171,68,124,90,164,229,195,231,234,118,184,115,110,68,222,216,229,50,179,154,160,190,37,245,58,249,35,222,11,20,31,168,77,239,151,94,174,223,216,170,191,136,174,125,217,103,241,184,148,157,23,109,178,0,98,98,66,73,43,31,59,95,163,24,220,168,38,128,74,88,109,134,226,111,207,82,242,234,144,230,73,71,46,218,220,23,184,5,167,240,127,221,216,63,81,23,36,2,23,245,4,13,178,41,93,152,24,50,129,176,148,221,154,95,194,16,23,216,18,231,12,86,94,169,182,73,148,242,188,179,209,20,117,103,214,80,80,61,101,255,87,183,247,201,177,170,166,100,168,61,35,216,255,158,175,62,226,99,106,234,254,25,254,57,196,165,102,43,215,51,152,71,97,44,216,230,92,40,242,75,156,166,133,220,52,132,102,188,79,38,227,77,66,72,45,164,208,10,59,157,70,167,214,32,89,139,97,143,81,188,115,51,252,50,213,166,28,140,109,25,77,21,4,243,46,106,60,107,182,154,14,245,56,59,61,106,81,47,180,131,18,151,135,73,117,168,201,11,241,158,112,166,6,93,86,159,132,162,36,52,93,128,34,55,49,118,29,248,255,166,138,134,38,88,252,20,67,63,114,108,51,144,55,189,231,64,0,198,235,62,196,4,23,15,114,170,111,109,88,197,60,111,38,53,113,135,108,147,71,58,114,159,62,153,47,219,109,228,229,86,96,145,20,255,144,42,106,215,25,115,71,242,54,252,200,68,150,24,208,234,70,67,5,240,128,16,30,66,109,121,211,71,115,177,147,167,124,219,171,161,108,215,88,193,153,50,254,226,72,147,255,2,15,193,16,180,156,73,206,254,231,126,137,5,212,72,245,68,35,62,81,134,209,202,5,4,172,11,24,177,85,37,49,81,35,71,65,38,86,40,32,218,19,147,129,36,146,231,145,150,133,0,164,242,123,181,114,139,74,208,18,104,49,120,231,9,94,30,148,195,250,170,163,71,95,63,17,240,61,230,57,202,231,67,214,248,214,252,168,28,142,131,135,167,76,176,173,24,196,62,103,223,166,49,29,100,181,33,8,246,18,225,44,176,144,157,188,42,35,143,104,204,1,104,127,24,227,28,123,165,50,237,166,198,24,189,24,28,151,194,165,211,50,85,154,193,46,80,25,177,57,149,44,87,48,236,226,226,88,223,210,199,153,57,72,100,47,90,250,163,33,15,104,87,16,253,219,22,136,191,74,18,60,33,140,56,134,3,176,172,155,96,139,82,116,86,219,170,191,67,255,225,196,21,183,62,120,135,34,188,102,114,141,177,14,36,228,125,143,114,80,181,226,240,130,51,94,108,124,177,94,153,19,156,128,177,136,175,83,109,255,106,185,146,125,43,5,204,247,29,239,35,95,93,234,30,9,238,49,8,96,194,191,63,203,66,14,36,197,153,247,20,9,157,123,205,58,102,245,63,172,33,251,103,231,116,235,81,242,112,14,61,10,105,191,221,42,221,23,242,163,234,210,224,12,185,148,239,244,143,120,143,203,233,84,184,195,87,7,220,243,221,121,181,129,12,170,242,52,190,30,243,255,21,151,246,34,93,139,113,74,28,78,7,136,190,242,91,59,134,155,99,162,49,118,230,97,229,138,187,7,24,60,164,252,165,9,49,17,65,178,57,12,29,28,35,88,57,123,130,199,166,59,241,166,5,205,121,123,52,171,71,233,222,183,243,6,163,117,69,103,19,108,174,223,44,230,172,152,236,170,97,89,214,106,146,106,136,83,147,42,248,29,126,132,178,90,125,17,62,100,63,89,235,57,158,110,107,60,121,213,32,237,240,88,70,29,12,237,150,190,32,128,3,73,88,218,157,127,168,161,158,149,106,2,141,199,72,54,66,13,247,229,94,35,207,86,88,58,44,175,249,126,86,158,53,165,75,10,112,90,161,209,87,129,191,75,241,154,215,235,151,62,32,82,35,201,0,78,254,135,235,133,225,155,183,38,159,88,134,110,36,133,208,142,173,22,94,98,95,190,5,4,156,241,40,226,50,141,173,32,47,60,102,216,112,172,67,121,59,120,228,2,165,32,160,100,163,147,88,57,54,95,83,68,176,198,141,75,21,225,211,153,135,8,248,169,23,43,18,237,203,19,47,212,135,27,161,63,1,34,245,198,178,185,250,245,190,231,99,173,98,121,80,137,173,25,206,242,138,80,106,242,197,3,67,255,233,184,157,207,225,197,13,167,235,117,197,225,18,208,27,254,47,209,129,213,213,237,5,152,112,91,253,160,143,107,87,6,20,175,126,110,173,57,199,169,140,96,212,80,202,134,70,155,249,21,116,47,242,57,179,64,237,129,90,175,176,99,214,87,187,30,124,219,27,146,22,181,32,234,152,168,194,162,207,33,231,38,204,18,225,197,95,59,52,135,216,44,30,135,13,156,46,214,66,21,81,57,68,148,242,207,172,10,242,94,117,80,123,193,22,91,164,174,149,184,252,144,178,15,181,40,218,251,80,107,146,180,191,186,82,59,7,52,80,7,218,221,183,213,160,15,192,171,19,130,237,167,41,84,30,126,169,88,150,246,255,252,197,202,122,68,63,222,110,140,209,135,100,123,16,35,88,144,236,51,211,233,93,160,22,84,224,101,222,131,21,212,34,72,211,118,106,221,9,103,133,184,3,122,130,184,237,7,193,62,144,128,4,27,7,228,213,55,165,222,77,55,151,196,155,145,95,112,24,57,211,64,185,12,27,30,33,80,71,109,61,46,104,159,161,254,253,243,161,63,163,109,122,122,196,99,131,157,116,166,146,252,238,31,223,242,229,61,27,204,71,222,253,224,205,149,71,124,48,172,71,190,220,231,180,57,70,223,203,30,151,152,181,246,40,219,196,217,29,11,143,247,225,212,71,90,13,82,183,148,41,54,255,241,159,17,106,162,192,93,16,84,217,0,67,15,76,134,168,51,3,164,1,74,108,181,231,120,197,113,204,10,105,91,47,109,208,249,63,91,27,141,66,249,164,42,133,25,238,56,170,140,206,252,216,196,83,155,35,53,228,36,229,142,200,184,79,112,38,55,232,124,21,240,100,244,43,137,240,220,173,142,2,116,8,34,30,91,9,33,231,61,56,10,42,152,216,140,98,119,148,70,251,217,201,245,168,159,188,110,14,108,58,140,73,240,125,131,112,255,142,222,154,146,181,144,229,185,142,241,178,69,52,106,31,219,196,151,6,164,170,38,226,5,62,103,7,182,146,133,223,238,43,61,85,248,162,32,19,142,14,174,9,188,65,206,232,80,120,102,139,154,144,38,200,205,79,95,181,215,23,29,112,19,202,92,167,82,78,140,178,178,242,25,38,190,102,202,236,88,143,181,182,113,2,17,100,139,207,123,174,251,203,22,159,74,26,88,198,168,191,119,238,237,57,62,43,77,115,186,228,203,242,119,11,50,143,216,150,141,39,156,10,39,198,121,129,226,61,140,173,94,238,196,220,246,22,4,6,12,172,225,211,60,151,97,23,152,219,255,69,7,226,72,242,163,225,47,200,225,159,157,57,62,45,184,169,122,139,31,115,66,137,194,251,108,5,30,47,249,73,25,129,16,140,121,93,42,172,182,252,80,41,103,65,252,229,114,207,182,231,17,9,34,225,116,163,87,96,202,106,118,194,73,164,115,215,131,10,143,224,201,20,186,208,175,209,34,189,190,176,229,141,11,235,240,205,28,134,34,108,233,92,190,70,227,66,189,94,155,50,212,45,200,190,135,237,158,133,65,145,53,42,77,156,228,188,69,30,185,53,142,189,175,43,235,83,115,130,4,102,213,252,161,24,249,189,134,12,148,126,149,115,161,208,254,193,162,32,56,60,9,66,8,80,63,82,145,32,185,96,98,222,218,74,62,202,181,65,183,105,27,123,107,25,204,148,38,147,103,172,86,178,124,100,143,212,87,244,170,63,253,145,202,60,106,69,21,170,88,168,50,27,40,156,137,173,105,98,15,248,163,251,156,0,231,246,114,219,73,102,71,243,231,121,28,130,229,213,19,22,145,128,57,106,25,72,27,63,203,178,136,28,13,58,103,230,151,51,46,76,150,11,10,231,247,112,42,244,169,177,19,178,233,173,146,141,182,242,108,4,31,210,29,210,4,83,161,32,239,223,135,19,105,225,123,170,118,42,56,48,57,184,60,154,201,137,109,10,61,74,92,125,27,3,254,55,227,222,171,242,40,86,76,91,45,122,252,35,66,0,29,147,167,123,81,58,41,6,25,188,131,232,27,188,85,134,70,167,19,203,128,39,128,154,130,245,115,143,201,234,39,66,218,64,95,112,129,137,140,41,79,6,176,52,27,246,0,103,2,100,9,11,116,137,73,138,243,224,195,79,58,89,20,42,81,48,60,35,112,104,49,243,250,54,131,124,161,205,91,56,203,190,231,231,181,83,143,255,138,137,0,128,194,180,210,58,188,214,199,221,25,167,235,136,245,204,92,12,167,161,173,90,217,235,103,142,134,164,146,152,121,54,123,75,81,154,169,90,133,243,225,64,76,24,252,176,85,136,16,234,42,166,253,121,150,23,238,223,107,149,232,150,248,188,168,14,238,123,95,90,220,54,206,94,38,37,139,240,120,214,133,84,123,121,97,74,62,132,140,150,214,36,230,40,221,162,203,38,73,223,247,221,228,220,15,30,81,248,207,215,203,153,122,153,215,238,104,54,97,171,232,70,165,201,202,78,250,198,148,23,72,48,22,224,124,236,97,170,192,211,34,153,9,95,200,186,157,81,179,74,84,234,43,64,110,155,148,242,141,112,252,217,36,76,63,201,2,33,16,159,108,97,139,4,195,246,220,216,56,102,154,195,110,47,155,13,192,167,156,98,183,133,75,248,116,70,205,90,246,81,30,15,76,142,85,2,120,63,76,118,129,206,225,20,240,207,113,127,204,90,125,81,117,136,90,233,212,172,243,84,117,110,126,56,100,118,242,60,56,215,30,91,64,217,210,167,191,30,223,136,140,200,40,100,181,177,192,74,165,196,124,178,218,21,238,170,178,8,98,89,59,33,215,240,181,198,41,105,38,237,127,106,106,230,140,191,57,192,20,54,204,78,27,92,113,47,77,50,14,38,152,126,236,150,56,102,113,219,31,24,119,169,169,188,228,56,172,140,35,195,155,67,211,142,5,234,164,126,199,218,109,46,228,255,56,105,214,198,180,117,156,21,132,174,37,2,228,126,253,8,88,138,161,120,136,20,4,231,75,27,169,163,173,52,197,168,31,236,236,125,65,146,135,72,232,12,85,6,111,222,129,246,198,79,81,175,183,89,113,176,215,153,65,7,192,48,249,105,78,54,220,102,157,122,170,98,77,9,91,23,195,177,103,170,57,58,239,248,238,69,91,53,137,252,211,152,158,11,65,16,109,55,120,14,232,240,153,45,137,145,187,191,39,48,8,101,94,190,196,42,60,196,236,160,222,79,52,200,109,159,254,17,221,36,132,18,45,195,170,139,68,22,154,78,124,131,85,236,216,49,126,219,99,160,150,98,70,88,46,103,29,180,10,177,129,232,255,119,175,247,26,208,135,140,44,180,13,20,209,72,255,57,103,81,194,234,21,160,125,61,12,164,56,6,195,171,204,206,40,67,203,242,157,152,134,150,148,117,12,158,155,15,50,228,223,251,212,33,108,28,39,202,31,147,206,85,70,52,248,239,37,34,174,19,135,86,130,174,146,232,15,79,9,24,247,194,21,241,74,241,158,166,151,180,79,49,220,45,69,113,144,90,74,35,21,207,89,122,231,238,49,27,186,71,17,40,205,85,118,152,5,237,13,111,80,85,186,213,83,174,206,201,139,53,21,17,27,14,143,255,181,207,210,41,151,122,96,179,156,8,22,240,211,140,204,206,83,93,95,149,110,175,88,233,79,192,104,25,134,181,184,131,225,61,89,80,246,166,12,96,177,251,118,40,37,122,1,196,11,151,116,154,213,150,73,218,240,209,234,197,205,72,85,55,184,221,73,210,232,80,171,181,203,84,253,52,173,20,90,72,187,95,40,174,170,97,158,10,76,152,100,82,197,117,11,149,80,156,151,255,96,146,50,102,198,21,171,136,175,101,183,106,138,144,15,105,74,24,114,152,248,91,168,161,108,199,1,102,92,81,118,126,225,121,169,92,250,189,133,165,60,16,135,20,79,245,253,151,134,196,10,175,222,198,97,1,170,96,223,148,40,177,251,110,78,43,100,39,173,145,21,215,245,220,1,167,45,91,22,159,166,1,12,131,78,11,139,241,232,75,42,154,96,89,26,73,105,81,41,235,139,135,210,145,37,187,49,241,26,119,178,128,69,197,115,106,1,53,220,225,152,36,83,162,60,123,111,236,35,29,46,134,223,116,120,141,95,74,231,89,144,97,185,105,141,59,100,23,71,52,73,97,87,143,51,181,192,151,205,31,213,131,5,85,246,121,79,19,73,172,153,244,94,79,79,187,242,116,251,74,126,134,13,92,215,192,231,200,186,211,114,152,28,218,148,54,36,157,80,86,34,230,0,181,9,124,95,102,100,95,105,104,61,6,15,46,112,164,237,183,38,132,104,201,142,44,233,74,189,99,177,42,112,254,91,180,75,136,166,110,9,249,23,68,84,215,69,12,165,131,191,49,3,81,224,38,153,13,62,20,128,45,7,103,221,78,45,114,141,199,46,197,135,65,108,67,10,122,180,16,210,9,70,179,107,67,104,178,103,253,55,50,75,70,80,72,170,99,211,59,190,189,160,128,220,27,138,109,98,202,18,67,61,1,106,227,133,37,42,20,13,137,134,43,126,76,184,167,215,3,255,76,216,207,121,206,68,94,135,106,186,155,91,146,94,241,115,190,140,102,161,217,36,156,21,40,245,126,111,82,73,233,224,225,53,122,57,70,21,104,51,111,181,172,246,29,81,239,72,47,145,219,142,246,253,39,202,74,236,111,236,197,106,85,2,171,178,70,215,88,97,66,173,83,235,11,21,222,136,239,235,54,149,162,4,123,217,166,87,211,201,232,197,252,122,100,79,182,170,232,215,74,26,123,202,116,209,63,60,207,66,80,62,32,186,78,21,142,118,203,163,129,4,148,125,129,165,12,24,18,11,147,75,196,63,82,105,154,11,199,148,31,196,186,18,62,255,113,51,84,234,7,104,208,178,48,5,152,196,226,71,230,97,28,187,14,212,122,108,167,154,135,218,178,32,215,249,52,69,184,221,171,160,29,155,77,17,204,24,54,151,127,146,87,21,130,108,207,166,158,248,223,64,169,127,103,176,139,58,101,201,35,253,7,62,40,184,128,55,88,75,123,211,134,23,138,130,240,157,91,244,253,222,135,123,155,181,25,230,214,170,67,105,7,220,238,247,102,182,116,57,125,2,67,199,160,74,179,132,205,134,137,247,247,178,205,179,104,120,93,21,82,102,178,45,171,2,119,208,219,206,88,190,29,42,233,198,157,157,175,168,237,107,221,213,15,10,119,142,155,113,215,161,97,110,103,184,93,247,171,248,229,194,1,11,148,77,167,178,254,198,82,8,77,60,191,112,164,76,230,68,12,103,12,82,181,20,96,17,220,33,113,240,43,145,38,129,1,27,44,118,254,130,224,79,160,246,91,140,72,220,109,19,199,167,163,70,85,110,235,2,85,219,110,57,201,5,14,26,130,169,160,238,41,173,106,165,132,217,91,92,130,40,113,146,217,110,178,127,26,73,168,205,139,252,230,96,33,47,229,127,144,12,217,60,248,37,46,239,94,25,43,196,5,53,215,37,80,201,15,134,161,183,171,91,88,214,99,253,21,185,163,220,9,86,113,170,53,0,106,49,127,205,125,142,226,21,199,59,242,147,94,26,21,225,225,16,233,101,216,229,142,7,143,130,58,65,0,231,117,227,2,130,115,91,132,69,157,85,101,74,25,63,197,139,187,29,36,229,92,26,31,239,213,232,137,238,237,185,53,170,197,90,116,134,38,61,158,126,166,95,213,128,234,43,1,4,153,249,74,69,215,186,89,114,228,3,129,50,46,210,85,39,189,99,130,163,114,30,154,206,14,15,92,119,4,9,113,20,91,155,11,150,198,176,180,197,32,235,116,162,85,223,246,190,147,158,18,43,97,63,237,5,49,103,24,102,51,64,116,172,170,0,98,161,162,100,93,107,139,155,156,138,205,133,11,51,131,164,201,48,115,7,221,19,63,226,224,52,219,79,41,5,255,228,111,138,193,71,211,206,211,111,201,102,150,136,222,168,115,121,212,70,125,37,246,147,73,161,36,251,89,160,136,49,188,166,28,221,223,228,98,8,3,142,220,152,165,42,198,85,179,255,46,77,154,140,250,120,181,69,191,170,195,134,229,13,207,147,199,215,104,172,142,139,63,62,15,107,201,209,191,102,180,143,48,246,163,32,208,156,18,42,234,170,105,243,59,154,231,166,72,180,222,130,200,142,32,86,48,146,31,220,225,205,32,120,97,59,28,143,222,13,150,110,176,207,124,71,123,3,37,241,8,6,124,127,238,214,251,255,164,157,196,139,246,252,185,242,216,33,130,250,215,97,97,138,123,57,67,120,63,83,24,237,109,211,230,245,251,31,84,202,29,111,230,99,243,50,15,1,228,243,218,125,39,27,152,204,31,115,139,189,233,110,135,4,244,203,179,93,141,37,99,61,110,103,3,74,217,213,180,7,252,152,207,72,250,38,228,246,231,200,193,87,200,95,112,100,48,186,237,25,127,7,61,63,103,93,33,28,135,215,118,43,157,80,48,241,200,241,250,88,152,175,181,194,21,195,220,238,81,211,190,46,234,248,170,18,198,193,199,106,184,70,77,240,4,253,211,149,1,48,27,209,54,209,87,146,30,100,151,219,212,100,28,241,131,247,61,123,64,241,89,159,35,96,64,244,34,248,177,159,45,3,195,65,218,177,135,126,87,239,220,108,134,1,124,243,254,224,135,211,252,192,74,207,125,208,24,218,113,213,40,29,54,89,176,47,189,16,78,163,81,108,83,113,194,203,11,88,9,158,128,51,72,146,231,151,229,50,234,229,236,142,39,26,86,109,100,185,74,90,62,100,16,170,91,121,191,40,199,57,18,179,117,31,54,194,247,67,109,184,16,233,162,250,120,227,37,201,59,146,156,23,180,164,191,230,171,191,233,173,42,196,138,231,0,247,135,44,77,23,97,2,129,174,244,163,202,75,41,203,26,1,185,26,25,203,45,1,205,140,25,177,173,61,67,119,102,160,35,32,213,13,45,137,118,106,254,57,163,133,185,36,210,187,217,28,73,207,55,210,183,210,50,15,13,20,255,48,232,77,244,166,177,201,244,189,205,2,52,193,245,123,25,249,234,148,2,30,69,209,19,236,86,152,150,150,20,89,22,110,93,187,234,61,98,166,163,214,3,96,151,136,165,245,80,208,218,158,138,169,61,122,86,233,133,229,47,146,127,42,179,214,231,224,38,12,66,57,226,15,202,145,171,96,201,144,14,8,51,6,2,2,69,199,118,123,1,33,93,80,79,188,236,39,202,224,85,85,197,90,130,63,29,12,158,145,189,177,63,24,78,190,178,97,31,129,26,225,4,102,98,89,253,210,182,197,165,178,88,185,105,44,248,178,20,154,38,219,255,207,215,231,189,69,150,252,119,220,182,197,106,131,161,73,174,144,161,237,214,219,118,142,254,65,225,115,82,105,91,118,200,58,105,199,114,5,164,93,26,39,148,86,230,143,248,27,130,83,76,213,94,8,187,198,57,224,185,246,182,193,84,71,200,103,223,157,86,228,46,196,121,49,79,162,14,145,78,122,66,184,145,205,119,88,17,214,105,54,4,222,42,106,30,29,157,163,92,142,149,141,185,102,231,242,53,172,162,41,248,172,58,58,1,87,140,156,111,49,27,25,25,134,140,130,37,132,72,237,145,95,161,4,232,98,251,227,56,4,248,247,55,164,224,74,184,83,8,205,62,138,150,181,152,24,249,125,244,160,216,40,14,254,34,252,153,44,125,223,240,224,216,201,48,221,103,217,39,145,37,82,178,232,192,214,66,191,113,16,203,167,230,210,252,224,208,210,228,179,134,24,0,132,226,175,153,91,122,112,168,144,136,142,130,46,21,90,69,34,6,192,196,209,167,162,152,161,218,164,167,16,167,17,163,112,177,31,4,82,16,130,64,140,123,27,85,66,222,179,10,84,243,103,255,253,35,142,26,138,202,34,127,66,240,219,163,117,226,62,47,244,32,142,139,249,176,100,1,115,190,165,118,142,219,153,18,195,199,154,117,159,10,249,110,26,199,79,49,227,89,65,8,57,60,50,159,187,134,31,136,130,229,174,182,132,197,228,206,175,221,231,143,113,165,138,178,146,175,185,124,81,174,51,16,211,35,83,231,128,181,29,236,129,82,51,52,243,106,60,38,90,80,235,246,53,155,167,55,236,142,224,209,53,1,110,30,247,218,106,169,188,142,102,131,109,12,93,19,31,75,1,241,189,120,240,182,13,90,217,234,82,46,74,85,136,249,199,111,201,245,78,108,206,7,227,77,207,97,27,147,132,3,219,141,185,71,85,106,124,8,76,22,186,30,179,98,55,82,115,92,164,60,62,6,190,20,232,155,244,72,7,54,10,14,226,7,97,105,103,160,216,191,100,131,220,126,137,104,171,242,6,97,151,144,222,108,194,31,76,148,54,202,223,204,222,173,42,201,32,141,190,30,89,193,85,234,81,206,178,208,228,24,7,188,146,99,176,134,33,178,119,95,88,128,50,158,185,199,201,81,120,44,26,250,201,171,109,193,199,114,183,63,75,97,210,153,226,54,193,44,51,236,20,64,86,175,150,207,68,197,255,219,80,159,119,10,247,215,131,154,4,158,4,220,109,143,147,241,181,52,82,181,154,76,136,58,151,183,201,80,170,242,195,35,205,115,8,245,15,244,122,209,118,91,117,166,22,77,78,138,221,63,51,86,198,159,130,80,178,136,57,83,106,104,137,87,3,210,102,226,122,7,51,195,102,187,52,43,138,150,216,70,233,139,191,73,125,155,255,126,137,131,104,39,0,60,128,29,106,37,128,218,250,104,237,121,149,163,7,147,153,98,9,168,255,1,159,75,63,24,44,82,11,5,225,85,197,132,122,215,93,149,155,109,246,246,163,215,21,69,233,217,215,31,55,99,72,224,51,183,96,24,129,104,232,33,153,32,242,233,156,11,115,96,164,181,86,162,122,65,15,102,40,102,183,245,238,85,232,103,44,57,217,229,204,150,191,85,20,189,255,28,187,145,75,237,135,96,146,225,209,199,130,7,227,202,205,214,68,229,156,17,230,118,22,185,225,134,118,251,137,223,251,206,120,111,184,26,196,90,115,81,133,247,28,207,196,211,103,77,111,121,70,79,127,251,48,19,15,199,121,145,199,158,156,170,44,254,181,14,121,152,141,20,175,41,13,10,166,110,10,37,250,149,27,193,81,71,178,117,232,230,0,213,18,179,133,85,171,10,48,193,168,177,25,134,135,11,207,158,161,222,143,59,18,104,185,112,52,239,131,97,94,223,191,208,80,18,193,40,55,75,198,67,27,166,244,123,44,40,27,32,73,186,225,71,59,104,46,114,129,18,99,101,80,6,170,251,9,44,184,89,101,21,89,150,4,177,64,63,139,38,156,160,88,34,139,52,232,147,116,226,95,125,244,134,10,48,169,62,67,234,243,242,182,89,222,189,60,98,248,169,174,113,58,75,58,18,208,18,26,211,208,208,111,50,211,192,198,104,110,9,165,48,48,122,159,103,59,63,133,185,203,183,121,204,165,106,209,229,201,24,104,28,213,205,148,7,147,170,21,50,229,186,92,48,16,180,112,212,100,186,191,124,34,109,14,167,249,233,181,131,81,208,171,195,206,57,94,30,9,89,109,27,157,200,106,154,40,49,51,121,82,30,13,235,55,18,58,85,65,28,8,213,144,248,36,170,184,112,2,195,113,134,32,223,105,40,222,18,189,144,227,121,151,11,97,16,178,72,86,105,40,150,102,212,174,171,20,129,6,204,198,81,68,165,37,58,75,9,21,211,153,109,37,169,170,235,158,119,57,90,75,224,1,151,207,186,250,162,151,109,163,70,121,115,255,107,103,105,125,25,110,191,192,191,235,113,80,97,206,89,142,25,199,46,11,123,138,146,251,86,214,35,144,9,47,71,200,227,39,139,0,245,117,169,178,113,186,123,7,49,201,132,105,221,196,204,158,225,10,250,140,43,225,253,126,16,10,47,23,18,223,152,205,40,99,199,192,199,144,42,44,2,159,144,97,128,170,254,14,53,1,145,121,245,58,24,162,245,7,3,194,62,240,74,74,184,151,57,13,79,103,27,135,98,106,34,25,120,200,177,32,49,110,127,2,40,251,118,72,181,201,125,197,199,156,223,211,241,99,231,225,9,197,172,65,255,21,146,177,56,109,118,152,108,62,249,101,179,227,44,126,171,121,162,153,104,190,239,175,68,49,132,40,52,29,183,241,107,230,15,55,103,216,210,127,81,165,128,59,40,8,216,187,44,1,29,114,212,164,215,253,255,164,22,68,179,175,153,124,116,22,63,27,151,247,137,73,242,74,201,170,246,158,179,38,152,185,74,155,146,24,23,135,238,120,231,54,232,229,109,143,123,203,117,144,224,166,231,70,115,64,150,52,33,139,78,125,254,215,158,21,86,148,168,161,24,151,119,100,186,89,95,55,226,32,188,83,44,103,19,158,5,53,134,252,166,113,54,81,26,22,167,148,206,101,238,112,190,46,188,19,6,87,4,61,67,38,245,229,173,54,50,98,226,237,42,140,211,95,2,50,166,7,193,24,72,239,195,170,176,91,27,125,182,145,239,162,223,154,153,158,189,210,162,0,41,92,218,144,252,34,198,100,150,158,190,89,75,254,247,188,104,2,123,30,4,111,173,18,70,254,37,164,38,41,75,236,29,6,114,172,166,175,202,111,76,216,165,227,248,48,171,127,130,133,84,240,169,176,216,69,228,93,235,91,156,165,29,96,108,193,202,14,28,148,177,58,10,18,93,102,255,170,211,10,170,47,49,92,67,61,137,8,161,201,129,185,36,68,11,81,204,173,245,62,90,44,209,136,12,229,107,64,45,141,141,56,177,197,138,90,185,190,251,157,53,48,214,213,255,185,154,79,183,81,251,67,19,30,226,55,142,247,54,103,183,106,237,234,86,33,65,156,22,242,7,211,146,216,11,103,57,31,74,199,32,93,246,137,22,188,64,217,94,136,147,59,96,251,241,181,237,179,127,50,108,131,7,206,39,167,183,20,227,89,118,40,40,103,58,141,190,197,185,31,91,97,210,151,143,154,239,139,111,176,242,84,254,233,244,58,8,96,174,250,216,17,173,202,241,43,15,243,22,105,92,61,23,65,10,119,204,195,171,197,196,61,47,133,86,12,224,185,90,193,143,206,252,129,121,218,213,214,101,240,107,126,46,36,135,7,7,115,186,67,221,0,67,109,57,243,176,176,196,6,0,164,81,134,57,38,252,108,34,86,65,83,62,40,193,176,181,223,229,33,55,247,155,67,214,100,48,17,9,245,123,91,123,67,204,111,117,44,80,0,210,236,222,109,77,7,94,113,216,173,13,187,80,84,21,85,47,197,233,139,254,131,36,88,61,30,52,235,227,245,39,153,218,97,196,181,7,31,147,244,239,46,5,230,136,224,17,22,183,45,88,173,150,61,26,103,41,238,10,132,161,84,49,138,16,7,178,232,187,167,91,16,217,43,62,205,46,234,22,212,1,173,153,114,91,232,229,112,49,39,77,201,229,80,242,254,44,60,230,100,171,153,37,193,252,123,222,148,132,79,75,52,180,225,47,73,140,136,243,132,195,151,65,55,147,162,133,160,88,0,197,169,251,172,4,158,249,221,3,5,175,145,75,207,105,213,247,174,55,113,52,136,190,95,41,4,143,205,66,10,237,127,90,67,73,89,230,135,114,203,119,0,240,171,218,51,136,15,135,27,235,50,92,163,27,225,183,156,180,56,194,163,114,30,19,33,112,243,40,68,132,155,23,68,193,73,198,6,244,21,12,34,183,198,144,246,103,58,147,238,84,145,100,215,198,159,72,117,141,118,43,202,204,33,9,3,233,30,110,79,58,239,35,102,0,209,63,14,70,178,54,156,174,14,235,108,52,216,93,250,15,27,111,251,35,209,132,0,212,104,85,8,62,121,188,234,184,127,163,182,58,156,113,164,197,120,181,97,136,217,242,165,255,96,0,250,76,101,128,83,195,198,208,171,58,110,167,43,149,115,55,202,125,61,25,102,228,51,153,23,118,103,207,198,215,91,72,64,126,204,142,97,106,0,108,93,155,254,10,25,115,199,148,44,104,254,10,239,88,46,157,34,22,57,181,84,17,73,70,245,11,69,173,83,234,245,18,115,226,1,62,71,89,239,95,255,234,208,74,15,54,64,94,226,135,36,183,36,14,159,167,57,129,233,5,123,58,70,206,160,226,231,155,205,195,129,10,180,27,70,233,231,178,199,220,226,123,64,216,238,76,244,41,86,113,197,111,237,201,150,201,234,125,160,91,86,207,231,80,154,204,200,253,139,152,116,198,48,131,120,131,186,146,159,56,81,26,252,184,107,198,193,150,120,54,252,86,21,251,150,48,161,144,175,112,142,120,164,249,241,8,74,23,25,241,64,253,129,139,117,13,236,72,248,4,71,240,20,213,254,20,88,46,226,180,247,34,243,79,35,136,111,38,91,141,53,142,164,250,101,199,35,126,27,163,244,187,107,164,132,113,78,53,40,2,79,171,102,231,184,69,49,159,143,235,31,127,203,171,112,234,13,25,121,30,170,119,5,166,33,240,64,117,238,161,26,169,75,91,38,1,43,124,192,70,239,161,109,233,73,224,131,160,147,6,108,125,234,148,175,93,159,165,93,94,237,6,2,116,196,90,66,233,151,94,140,179,182,82,141,97,49,185,28,113,199,44,113,170,146,202,139,1,177,156,247,204,102,188,132,251,119,217,151,178,30,170,147,65,33,200,175,69,215,221,182,26,173,87,127,217,115,241,105,193,185,96,149,18,26,8,102,32,204,77,253,233,42,87,19,202,9,90,168,101,172,2,201,195,97,101,48,250,86,159,233,176,107,126,65,23,108,180,144,154,117,78,36,100,38,4,9,201,50,7,191,112,254,63,207,213,142,7,174,20,3,125,29,38,82,201,187,75,4,50,212,193,81,192,225,13,7,84,80,66,173,178,46,152,83,109,249,34,132,66,219,242,90,134,247,170,66,242,111,58,179,168,173,212,184,77,182,203,71,81,159,249,65,141,137,198,198,73,195,48,148,217,55,86,29,89,238,34,203,153,156,178,70,34,184,192,43,0,11,40,230,217,141,104,26,13,59,113,179,208,145,65,19,172,181,239,106,129,3,25,119,11,14,119,80,83,13,224,20,237,116,106,65,244,94,94,227,137,181,214,47,138,142,237,123,214,217,32,114,231,162,113,56,30,187,22,181,7,12,54,136,43,77,254,246,184,147,3,71,184,105,190,31,157,6,29,219,31,209,60,123,51,211,35,191,218,225,21,73,56,17,37,12,213,240,116,45,169,84,46,10,167,35,91,210,10,73,201,155,199,245,244,58,96,80,238,137,34,50,41,137,44,140,59,36,99,70,104,142,183,61,200,132,253,136,162,161,106,192,152,178,54,241,124,67,65,31,102,211,68,125,46,238,20,127,25,183,99,240,204,207,25,122,111,202,251,40,225,206,93,179,152,20,63,188,239,18,243,254,8,85,51,71,35,16,88,66,74,53,17,172,7,207,250,89,121,213,81,115,171,91,155,162,194,242,74,88,141,199,241,244,45,34,148,212,168,13,98,247,141,198,34,56,100,105,247,235,182,19,236,132,249,106,185,190,199,163,226,51,156,148,174,179,75,249,129,180,198,5,178,68,251,234,232,239,50,75,148,132,130,255,196,3,161,51,214,168,59,254,183,219,29,232,237,179,51,60,67,202,170,223,148,220,206,209,49,201,158,190,16,199,71,92,64,102,10,201,204,190,177,231,37,114,93,106,58,85,156,215,149,141,43,242,123,98,228,150,229,45,34,147,73,97,228,183,166,247,92,48,237,74,121,132,87,35,105,75,181,95,90,96,99,145,162,208,170,97,165,211,56,4,113,21,206,31,163,88,65,171,14,216,122,63,195,139,38,64,187,29,149,146,175,88,234,35,69,118,106,166,29,108,36,31,155,195,53,176,32,76,164,160,105,164,212,148,205,187,62,169,91,171,114,162,46,255,65,84,32,209,87,56,199,208,207,150,236,58,86,120,152,77,162,141,252,231,3,13,223,210,182,240,3,103,92,202,24,108,232,84,103,115,146,82,98,33,30,239,209,96,98,125,34,92,189,22,181,233,91,28,10,172,7,173,198,229,144,10,39,243,72,16,193,179,45,175,224,226,10,198,214,170,98,242,145,119,115,35,250,18,92,15,102,99,84,142,226,123,81,221,195,39,1,78,58,213,230,202,189,41,230,26,248,24,227,232,67,148,66,85,229,16,63,47,196,11,163,26,92,98,185,194,62,77,250,112,191,236,34,130,70,204,197,64,224,72,141,86,28,63,194,239,59,73,220,23,154,97,151,65,94,34,85,14,124,166,133,54,97,116,188,242,71,68,154,249,175,67,119,112,92,190,7,129,111,45,44,60,206,177,56,131,200,203,35,100,77,83,91,119,19,89,52,232,40,149,157,115,145,176,92,103,197,95,242,108,145,195,46,83,41,149,109,114,45,124,157,127,98,61,15,112,238,60,2,63,251,189,26,13,242,231,81,184,252,240,86,174,121,17,120,9,77,193,103,97,9,208,206,109,68,206,191,191,5,37,29,176,221,43,0,45,225,6,128,125,238,50,3,194,196,6,113,232,149,168,171,193,141,233,159,30,156,172,60,69,83,37,14,0,248,210,180,70,175,202,132,70,237,132,207,200,8,9,82,19,240,246,231,178,38,30,113,196,150,64,250,123,137,109,36,120,206,158,118,73,177,220,54,112,177,84,165,168,174,18,124,139,148,15,131,245,147,68,240,89,179,182,74,221,19,205,120,254,139,58,3,9,117,96,119,30,88,19,174,106,86,194,144,55,169,104,13,113,177,96,162,39,229,137,194,241,83,175,121,201,190,184,162,13,44,41,237,19,103,235,249,83,129,255,214,99,216,78,63,38,98,196,74,215,173,160,229,254,253,149,37,147,83,71,146,74,120,244,141,32,141,52,202,164,232,39,109,181,238,166,21,97,4,116,175,89,199,7,2,199,223,136,47,7,181,219,78,153,29,252,108,16,138,156,23,118,146,166,222,146,48,224,196,12,241,129,252,247,138,139,103,179,93,93,167,160,32,179,110,100,195,212,184,237,149,102,235,218,179,238,213,102,109,97,3,105,212,194,162,110,45,162,136,123,199,128,158,2,161,73,133,87,217,217,165,127,33,22,57,1,104,17,148,45,73,5,57,161,158,222,18,40,228,33,8,20,182,144,220,13,109,159,84,81,154,231,172,120,183,152,18,24,57,41,121,104,191,119,128,102,112,144,210,133,49,167,229,27,103,172,255,249,242,140,205,183,51,110,84,160,88,153,178,56,52,93,118,157,104,109,138,2,11,139,182,94,201,13,64,235,245,44,93,76,2,231,36,8,13,238,77,32,199,201,56,97,163,152,235,182,93,228,175,87,136,1,12,175,90,127,223,69,21,200,29,215,150,184,208,53,27,96,87,223,197,5,196,224,3,22,220,126,3,163,49,100,232,63,115,0,158,230,127,159,156,93,4,20,245,135,46,72,127,116,214,186,200,99,139,125,191,209,58,150,107,59,250,147,85,245,143,3,153,240,36,75,79,103,216,36,115,52,209,48,251,120,8,245,11,85,67,190,84,3,170,217,163,114,248,61,233,132,193,32,157,193,188,29,123,228,194,67,67,9,223,213,158,36,248,100,114,108,151,99,49,163,187,26,147,229,156,138,170,27,52,38,34,187,177,71,17,127,95,226,210,137,118,245,133,76,29,239,215,208,86,7,25,172,34,146,245,82,28,202,28,51,110,238,51,255,82,149,96,18,206,183,42,39,201,212,19,128,75,132,65,204,177,177,117,113,240,121,239,154,95,81,228,219,111,204,47,101,219,98,98,159,216,173,96,242,218,106,128,132,140,71,6,146,88,129,217,226,180,201,236,132,153,168,60,102,246,96,112,96,33,238,142,82,57,171,83,249,79,125,136,50,135,148,104,106,124,171,231,22,223,117,130,39,218,75,12,125,146,175,136,193,212,142,246,147,155,142,251,87,128,131,98,242,87,143,241,166,172,241,184,141,204,1,94,150,166,53,199,28,73,139,16,40,222,26,60,156,200,68,50,195,197,184,91,198,50,188,160,167,249,13,96,181,111,43,205,48,51,214,89,177,88,38,9,21,245,197,97,43,33,76,145,149,255,67,153,25,49,85,127,129,103,20,97,111,110,167,243,227,175,194,144,135,184,140,161,225,99,6,137,215,29,194,46,253,155,60,144,108,108,8,40,96,246,10,245,249,54,25,152,109,42,20,52,187,132,166,9,138,196,76,186,185,65,164,254,64,89,9,194,108,104,244,123,167,135,241,19,79,79,239,54,178,140,7,97,157,33,74,135,245,179,110,91,248,185,9,128,122,162,164,183,206,47,208,63,188,34,160,8,103,146,148,216,157,121,138,55,222,174,55,141,90,251,230,238,39,241,154,3,250,21,139,143,6,226,200,181,12,217,61,26,80,213,166,125,165,6,15,165,202,141,147,105,107,46,206,23,173,68,53,114,186,203,181,197,148,79,116,176,167,240,7,87,23,28,140,218,53,93,175,192,144,4,180,83,81,126,195,84,127,28,20,171,97,158,9,200,32,118,200,132,232,85,89,70,59,208,231,23,123,176,75,241,63,129,11,16,105,13,96,8,140,57,221,88,48,192,147,104,221,197,166,14,161,121,20,190,15,114,94,72,35,174,116,40,220,30,230,67,99,52,54,59,147,57,220,134,205,177,106,239,164,169,86,196,109,15,96,208,184,103,47,110,117,182,139,68,23,37,63,36,173,196,68,113,53,137,131,198,229,124,76,32,82,32,226,187,36,145,193,85,79,233,5,14,27,112,230,176,199,216,18,31,31,65,108,67,80,38,143,234,147,101,133,103,52,73,47,16,90,221,69,202,42,103,85,151,27,219,109,164,40,13,188,149,255,232,52,240,47,248,93,25,159,47,130,15,145,249,16,196,54,147,242,53,223,88,181,51,85,101,172,71,90,18,31,74,207,36,10,124,86,204,78,211,66,34,246,3,97,145,123,92,63,75,94,140,43,199,218,68,54,95,245,130,138,32,14,118,89,107,193,167,183,4,9,233,6,56,16,204,201,59,24,145,106,245,20,201,167,67,9,173,79,184,169,7,10,62,133,156,254,36,209,165,229,64,18,193,201,116,126,100,171,254,105,76,255,226,170,173,113,118,162,99,36,1,42,92,59,168,65,72,168,97,144,240,46,39,187,247,138,49,40,11,174,207,51,182,86,187,89,188,212,179,240,131,127,93,51,82,88,125,85,57,105,6,77,9,154,106,35,138,99,233,234,39,12,178,202,59,172,53,28,35,100,47,188,23,125,181,201,90,112,81,236,128,139,120,65,90,98,18,18,178,7,196,128,225,247,157,234,200,52,21,153,78,225,234,35,53,9,210,93,12,82,84,248,28,162,45,144,7,8,237,23,110,80,220,145,4,192,237,105,81,179,20,238,192,145,210,160,54,68,179,209,159,204,222,113,218,143,168,149,15,255,199,41,120,100,208,116,189,98,173,78,144,72,5,107,87,199,85,2,124,158,161,115,25,188,152,51,158,231,188,130,200,73,105,5,115,126,35,204,64,90,20,29,231,213,177,46,37,81,69,100,64,100,255,137,211,104,17,101,119,25,69,29,107,73,154,66,70,173,68,143,255,233,99,41,167,41,65,55,245,46,69,54,222,182,33,110,115,109,161,66,62,164,129,119,100,116,143,221,181,143,83,16,1,56,143,160,206,145,128,56,202,205,112,174,210,11,206,223,63,158,37,177,144,95,163,179,32,230,63,108,159,20,177,6,249,61,70,40,145,198,177,177,68,244,136,21,76,229,15,91,85,91,193,249,226,22,177,45,31,118,67,215,174,158,78,204,53,192,27,82,70,220,146,10,130,21,34,240,126,79,14,51,99,21,117,112,185,251,35,195,43,184,69,36,164,231,71,159,67,102,227,71,83,163,85,228,146,55,218,114,6,197,251,143,224,213,80,239,140,237,206,185,142,222,195,51,91,52,15,31,198,214,197,207,203,115,62,86,212,8,61,239,98,150,102,86,212,96,205,116,47,212,121,222,34,20,53,242,75,0,5,86,248,167,60,60,55,27,148,232,78,116,121,76,68,255,31,252,174,11,179,111,38,2,250,64,167,121,250,47,6,106,214,35,14,140,103,165,51,38,32,210,181,157,218,175,49,62,208,242,192,55,252,157,183,42,74,143,170,236,111,126,101,203,15,89,28,25,240,106,29,253,254,94,223,123,217,225,230,25,55,64,61,219,51,163,46,75,57,178,154,150,102,70,100,59,182,161,227,22,71,78,122,147,99,241,172,100,199,230,129,151,115,42,160,234,210,30,63,101,1,186,22,159,186,23,149,191,145,238,238,135,220,38,86,114,127,223,235,215,22,56,196,163,75,128,116,138,198,33,127,248,176,119,148,228,60,98,120,96,140,10,77,112,67,100,63,205,123,61,148,70,204,66,19,104,156,1,151,154,32,61,6,149,194,166,155,226,3,45,200,250,138,69,76,12,94,201,204,210,232,229,200,161,88,17,173,55,113,154,183,237,161,120,78,206,247,3,59,135,145,173,20,7,87,61,226,107,247,60,209,185,49,121,57,162,179,1,104,165,108,158,249,106,226,217,35,229,158,230,94,115,78,138,64,217,119,66,53,188,43,225,118,201,193,235,234,14,240,141,123,251,233,118,181,105,250,63,149,210,227,103,140,74,92,8,90,229,13,40,59,235,56,101,154,41,96,214,180,20,123,24,112,23,213,199,44,255,31,34,57,101,236,73,226,74,247,121,206,247,52,219,213,212,116,151,63,28,203,40,234,88,122,67,253,31,60,111,202,222,200,74,38,6,174,192,181,67,68,17,203,191,18,139,110,27,221,253,7,167,143,115,62,45,30,181,33,228,159,225,111,98,141,92,223,224,121,52,204,119,176,35,206,130,115,168,14,139,57,156,193,165,56,6,228,129,251,9,170,250,163,254,226,26,2,181,113,101,234,92,84,210,148,98,198,80,74,180,132,227,169,104,241,247,9,62,180,220,51,20,6,11,234,36,210,128,182,222,71,20,160,170,184,124,188,105,112,155,236,61,53,222,26,209,96,34,105,79,86,128,106,212,179,74,17,180,41,190,97,171,106,198,150,116,130,111,136,121,217,108,163,134,66,169,92,190,231,39,127,132,228,19,20,237,22,159,192,66,83,168,6,92,0,61,185,118,163,39,193,89,220,44,79,113,29,235,38,157,22,251,203,8,133,14,35,112,219,112,255,33,234,174,218,207,131,65,222,1,186,135,162,40,199,113,105,252,236,207,193,133,60,201,72,103,133,28,8,41,153,89,6,108,99,172,79,230,126,134,76,191,12,239,84,232,5,198,64,180,152,41,148,141,252,191,166,162,76,214,124,150,5,103,32,48,133,62,177,117,253,89,3,200,106,119,74,236,148,238,98,226,121,237,44,213,117,70,215,43,175,83,59,104,60,119,230,46,176,228,43,74,23,78,215,242,73,67,45,8,26,204,208,224,7,220,241,170,184,125,107,190,90,247,161,134,136,212,226,210,164,213,62,80,59,150,82,224,63,80,114,198,9,69,62,235,248,54,238,224,156,39,147,183,116,129,170,75,22,145,154,106,45,10,90,226,130,91,176,224,129,236,87,213,164,12,76,225,89,81,90,51,239,20,121,192,105,58,175,217,254,28,24,251,34,252,30,87,125,16,65,25,151,238,191,126,39,67,97,240,137,164,166,217,94,144,178,173,149,28,30,231,192,159,206,66,178,194,79,181,181,92,89,58,115,182,45,184,219,63,106,239,16,62,133,24,78,198,78,35,222,124,182,170,82,213,238,199,43,40,126,216,80,54,76,202,37,6,189,201,89,160,24,25,72,167,139,173,150,204,133,161,156,200,13,74,28,69,25,77,29,97,201,153,209,175,62,38,8,52,26,243,213,217,18,188,224,78,26,186,210,149,95,201,121,71,61,190,60,197,44,168,75,46,215,5,153,107,149,83,68,187,162,166,45,93,70,123,230,101,197,251,122,159,154,249,140,80,167,30,175,81,24,102,155,5,109,189,198,34,174,203,65,113,175,53,34,50,219,233,64,178,72,150,232,200,197,134,71,53,131,65,255,69,77,101,82,208,44,190,55,250,149,212,244,124,123,14,226,251,141,62,155,6,152,107,174,254,116,229,97,95,153,119,12,229,245,119,126,180,150,176,38,144,70,182,196,181,216,27,3,228,201,198,92,109,142,235,227,46,71,157,115,217,133,220,208,76,205,28,133,185,69,26,51,203,13,244,2,203,49,95,180,196,192,186,123,201,19,131,223,7,130,104,246,250,169,100,241,211,202,59,169,188,105,239,150,18,21,242,190,56,191,240,40,11,243,228,108,48,15,177,67,57,222,214,32,216,94,122,172,39,187,50,244,70,133,154,158,149,87,192,40,231,237,139,90,23,189,69,40,166,5,174,25,107,102,8,12,59,197,69,209,129,72,218,110,232,34,185,28,10,35,229,81,94,137,236,150,32,79,113,235,107,113,145,137,246,192,3,119,149,132,34,168,97,81,122,98,237,135,63,85,142,18,45,139,198,125,155,151,103,233,140,90,123,194,83,163,35,99,109,162,68,20,78,193,184,133,182,117,241,63,86,119,241,143,19,28,154,170,169,177,146,115,53,122,85,32,251,174,145,40,154,167,191,159,231,253,233,213,252,42,121,144,200,53,168,125,35,253,162,234,136,232,113,186,39,145,24,213,54,148,223,2,43,38,18,224,211,122,174,157,191,251,16,212,192,87,156,77,250,239,120,8,109,3,234,192,228,167,92,155,17,44,194,60,188,132,197,220,206,207,99,76,40,223,244,195,141,153,127,149,141,176,148,225,150,35,139,44,251,22,157,204,67,159,36,80,179,53,114,216,184,15,218,229,132,6,81,175,212,122,208,26,96,209,125,241,13,168,172,159,140,82,9,169,184,218,33,172,92,239,83,88,180,94,210,74,170,41,245,142,17,249,176,206,2,2,59,1,20,218,106,187,150,3,39,55,144,209,12,82,14,202,107,105,146,20,147,167,91,183,229,224,203,11,136,131,201,18,7,85,126,235,164,141,64,141,184,231,207,222,62,47,187,227,165,143,103,254,218,53,21,33,148,246,105,63,134,213,199,108,12,66,196,58,163,21,219,42,185,176,14,40,230,223,81,213,29,201,201,5,68,162,66,175,254,153,170,71,194,80,35,219,185,199,187,253,171,237,13,125,75,118,71,229,153,200,231,22,83,99,224,76,189,151,120,126,209,72,161,30,161,19,76,175,129,7,120,211,132,128,220,135,109,62,114,35,50,231,74,126,31,52,33,38,145,252,77,145,22,110,164,76,102,72,146,196,242,249,255,58,3,45,184,240,221,229,0,133,79,31,199,226,58,8,191,246,201,233,31,69,141,117,36,135,191,47,231,65,33,3,88,1,97,63,165,239,249,87,114,86,127,140,103,189,189,128,242,19,150,85,99,100,178,112,39,115,48,241,89,110,48,254,35,28,87,7,32,51,62,68,113,196,91,37,35,231,183,26,37,242,86,59,107,9,41,181,134,204,164,153,149,30,246,67,155,115,3,39,228,139,25,90,1,51,55,58,49,3,31,5,179,122,32,230,177,179,248,164,135,228,138,88,211,102,28,255,208,186,146,118,107,133,102,224,219,233,136,112,226,167,98,183,60,112,149,24,76,43,76,57,236,9,218,10,229,94,180,38,29,194,181,72,111,97,32,178,126,21,82,190,91,27,19,152,59,187,150,183,32,21,106,225,36,62,151,80,196,244,114,218,150,232,124,169,62,141,232,61,200,228,242,63,71,87,184,249,205,67,163,171,90,144,190,149,39,215,56,46,148,182,52,41,76,120,94,141,167,243,12,144,184,124,46,232,217,233,48,33,201,202,213,218,100,110,176,181,110,179,244,191,126,35,167,131,50,165,187,254,3,20,239,232,242,159,143,249,239,42,168,169,35,186,9,248,217,242,125,161,169,29,78,89,178,239,157,143,65,142,65,171,188,81,194,173,237,108,105,18,210,191,57,208,219,80,40,109,239,205,70,84,48,155,51,236,165,32,176,95,251,221,238,107,216,136,226,105,52,55,18,224,70,120,119,124,53,193,62,167,84,207,66,88,16,247,10,12,206,33,110,104,28,177,206,182,61,84,54,212,146,26,56,181,155,187,79,135,147,218,249,29,81,124,30,198,124,30,27,50,157,254,21,188,160,93,130,135,178,178,124,51,215,70,91,177,242,183,108,235,242,119,171,130,192,156,156,169,161,93,109,24,116,185,88,51,70,90,75,253,84,135,33,199,151,170,63,50,157,189,248,245,219,225,126,43,209,40,62,8,151,88,8,44,235,180,35,1,36,49,169,28,237,56,106,125,45,119,127,255,51,50,23,39,136,195,210,253,149,154,20,3,199,111,71,156,32,110,143,104,191,17,159,118,97,174,70,73,127,76,163,37,60,15,43,95,132,140,165,136,58,229,175,132,94,102,67,222,95,121,43,120,78,93,127,85,72,233,177,190,3,109,158,195,188,242,177,45,61,133,8,220,40,204,28,108,17,83,80,76,18,231,59,174,199,214,13,113,164,98,92,15,246,130,158,78,151,242,255,74,208,48,218,96,170,159,90,42,17,94,99,47,85,60,155,190,221,202,48,167,155,4,191,16,26,198,158,66,65,106,178,96,127,57,66,54,19,198,22,116,166,120,159,132,83,6,62,74,103,106,24,104,206,167,222,226,49,135,181,47,127,168,144,28,37,41,4,248,30,173,36,86,69,104,116,231,250,177,242,203,241,129,12,244,168,238,150,156,246,253,225,158,90,193,70,60,95,225,97,117,24,101,150,68,114,219,23,134,12,9,141,236,249,41,102,41,116,39,147,234,83,35,22,2,58,111,65,27,22,31,194,98,248,85,214,122,63,117,222,172,66,181,187,252,193,178,233,194,122,161,152,99,239,214,66,2,79,226,41,26,15,86,3,104,165,181,227,91,234,22,9,167,84,123,2,240,108,109,169,69,71,251,207,10,101,252,174,64,85,227,78,181,52,251,129,236,61,72,11,37,149,206,232,41,204,139,19,208,4,130,217,195,200,107,61,122,110,138,186,212,32,166,203,239,185,246,77,86,45,228,38,184,184,70,194,47,101,166,142,164,110,53,36,87,79,45,50,35,137,54,1,154,70,155,74,97,16,155,107,163,0,174,211,120,120,141,136,154,3,97,172,37,97,33,48,89,26,22,56,235,28,145,203,202,166,236,223,47,77,46,122,240,45,193,93,7,27,209,239,231,88,165,178,37,16,85,227,190,180,200,4,211,38,0,60,50,47,219,208,47,182,32,85,162,183,145,41,246,224,239,213,177,184,237,185,33,216,186,9,165,101,127,214,201,187,79,179,80,164,114,65,220,52,60,168,9,37,127,104,167,113,228,72,201,222,100,70,48,15,41,28,133,246,193,117,227,231,79,253,15,211,222,82,103,226,72,129,155,234,67,182,212,16,73,37,244,59,46,78,216,15,50,94,221,90,191,63,241,25,180,156,69,153,186,9,70,121,5,81,150,243,27,45,51,241,121,183,150,165,246,141,252,155,97,63,249,170,91,169,203,31,185,198,68,5,33,56,216,92,14,170,88,216,205,228,111,54,182,26,81,55,198,9,234,137,178,1,6,91,14,150,45,131,6,118,135,226,27,163,159,174,12,13,12,62,173,209,95,6,210,79,252,211,146,64,77,45,154,254,6,233,21,136,148,65,145,111,179,114,252,195,124,213,52,63,222,25,119,183,19,200,253,33,239,56,151,92,46,186,102,10,255,247,227,228,26,199,171,197,43,138,40,67,4,200,43,0,174,191,219,87,236,6,238,5,17,22,249,9,21,60,98,40,183,11,88,91,11,29,14,195,134,23,154,237,190,212,190,87,152,68,223,250,146,193,228,177,217,10,130,69,248,22,108,218,190,40,217,181,100,19,160,88,248,113,251,161,35,92,15,242,206,68,16,149,211,161,16,119,204,51,86,198,56,93,78,63,179,29,140,155,139,148,119,24,214,8,66,145,216,223,230,8,19,38,0,175,172,11,66,220,121,124,220,62,145,24,54,162,168,52,12,244,241,247,227,10,191,63,87,88,239,180,112,136,245,11,93,68,161,42,114,196,178,7,61,21,185,44,147,177,98,193,161,36,226,139,211,128,252,171,150,79,137,88,3,142,17,204,28,16,165,138,193,98,194,112,43,250,198,238,131,173,14,239,175,211,0,65,10,102,252,233,121,29,155,142,34,77,62,102,31,168,53,254,130,156,5,105,43,204,186,98,207,138,140,145,59,78,0,19,114,201,236,189,243,13,98,113,155,126,30,248,94,78,166,24,138,174,85,186,8,207,169,11,87,11,10,61,203,200,90,116,180,95,48,76,21,100,207,55,232,70,175,21,145,146,59,97,184,255,61,72,216,51,66,77,146,53,71,83,168,191,15,55,144,218,140,147,93,82,92,105,27,134,145,214,231,52,228,74,49,57,22,226,98,139,43,135,180,90,67,5,168,250,129,232,172,154,174,243,19,142,116,182,194,203,127,246,78,160,244,122,177,237,198,48,68,240,125,217,6,139,42,66,203,95,38,69,1,219,74,95,236,8,253,204,165,211,185,54,105,77,127,172,173,60,171,113,22,22,43,37,243,63,109,54,119,44,186,201,237,194,167,43,130,151,33,241,209,58,76,140,83,225,6,117,46,18,201,130,64,69,78,164,128,23,99,6,153,86,129,172,150,14,151,178,251,170,211,44,112,15,41,12,87,115,121,200,44,65,84,119,29,243,137,63,96,84,73,11,55,56,188,92,191,244,158,78,103,220,201,221,204,123,2,84,147,149,171,235,215,56,197,250,35,160,159,76,107,197,179,194,244,237,7,19,159,181,48,227,201,9,104,172,112,206,254,30,208,104,223,181,209,181,112,94,98,201,16,37,184,208,87,168,35,177,38,18,235,169,65,101,80,48,230,102,84,219,191,73,52,0,180,40,89,189,190,169,27,146,37,114,201,191,20,29,121,207,40,167,199,167,126,50,218,174,205,78,115,236,80,51,127,83,190,55,161,43,126,103,183,83,23,178,18,207,146,151,116,114,196,109,11,27,110,186,141,111,71,218,129,139,121,113,127,244,242,99,153,49,20,65,109,149,13,181,4,26,193,123,49,93,210,127,110,12,251,129,150,240,45,238,176,201,73,202,251,118,70,47,120,25,93,187,15,35,6,30,189,21,58,226,126,234,170,69,200,150,97,152,181,159,170,156,207,181,213,239,69,165,37,68,33,41,17,64,32,223,232,76,144,181,109,50,63,227,46,58,5,146,58,154,241,181,64,171,31,118,46,177,170,149,73,1,94,207,50,66,48,82,139,40,92,169,28,236,113,138,107,45,14,189,200,68,241,136,112,79,132,31,140,40,175,89,160,66,180,166,94,81,47,216,123,245,122,72,225,187,129,109,182,243,217,157,1,88,5,142,239,116,202,75,10,166,75,91,54,35,47,156,156,87,161,13,140,207,34,87,237,187,51,125,166,209,243,228,203,195,221,232,157,194,28,11,208,73,187,74,226,82,220,9,122,216,185,54,241,64,68,152,18,130,28,238,98,104,61,207,65,59,220,235,5,151,45,215,171,0,101,250,89,195,101,146,97,159,207,81,74,86,247,10,2,189,23,102,79,230,25,152,219,162,88,231,101,38,154,0,45,54,53,0,216,249,93,208,221,187,171,147,223,113,144,160,148,127,3,1,156,175,194,42,255,153,22,11,19,38,0,99,83,71,226,105,126,161,244,227,207,109,210,132,116,17,63,120,26,252,250,254,22,115,243,47,82,154,163,238,184,109,102,122,171,34,216,119,140,159,154,91,66,152,162,89,209,158,231,146,122,52,28,173,53,197,69,141,108,49,34,197,45,95,37,37,41,110,173,176,14,75,80,191,212,193,28,46,115,251,20,121,216,161,172,210,146,237,196,18,83,28,204,134,132,111,245,177,79,254,60,244,156,26,216,232,207,104,118,62,43,54,112,67,25,71,5,29,37,48,216,193,74,76,31,90,180,247,109,95,85,50,148,129,95,8,52,222,41,123,103,88,73,26,194,154,117,68,82,220,113,16,196,7,85,234,63,40,40,1,192,236,212,14,24,55,121,94,4,220,97,98,254,82,250,147,17,104,163,19,241,147,10,45,182,60,233,226,172,61,224,169,216,179,36,31,120,52,197,60,216,86,214,177,213,104,79,65,12,178,69,232,181,25,209,98,63,252,23,55,200,83,236,77,138,150,139,225,138,40,138,233,182,120,134,173,166,234,59,237,33,151,203,250,152,187,172,175,4,171,156,40,205,226,202,229,161,100,191,115,0,133,40,7,114,58,150,15,107,102,27,146,132,250,226,244,230,202,130,8,109,73,249,216,146,122,84,222,17,80,9,86,122,40,50,44,247,111,144,169,137,178,161,68,30,246,196,5,192,49,182,6,138,74,175,19,223,162,68,176,229,34,211,47,15,62,210,252,130,239,216,232,113,50,190,51,219,36,36,58,118,68,223,65,150,41,79,67,92,84,253,142,98,146,127,65,183,207,20,126,9,60,135,137,175,14,27,241,163,149,241,93,245,104,123,71,127,30,7,97,148,107,69,18,117,130,134,133,38,15,251,188,187,148,91,245,71,9,119,7,220,27,118,106,89,124,179,176,204,66,23,183,2,90,173,166,100,89,67,243,163,251,197,193,233,214,158,205,14,114,29,22,172,159,65,48,226,66,194,147,116,184,219,195,136,214,162,53,238,212,116,130,46,30,153,28,193,248,180,119,254,150,17,251,255,108,227,151,134,20,24,57,24,248,77,108,65,211,161,76,5,109,234,134,110,30,192,9,219,86,232,236,161,230,22,149,15,24,223,248,11,118,239,211,209,243,193,248,2,21,252,61,130,159,52,199,103,128,242,225,47,236,81,244,217,139,230,223,177,22,149,30,118,133,215,236,11,24,59,80,92,140,180,37,33,86,169,172,236,72,249,114,3,225,74,119,166,208,76,249,66,44,97,194,218,191,245,25,231,31,199,15,52,192,217,128,90,202,25,116,210,64,63,225,214,226,167,126,221,240,53,88,155,133,164,136,59,160,64,47,11,183,210,247,73,207,102,223,206,137,119,209,150,241,129,235,85,189,222,147,120,155,168,225,27,80,158,71,203,29,54,227,106,141,35,106,163,197,162,138,84,82,76,70,6,208,213,129,77,28,12,213,117,219,24,40,135,133,101,80,182,163,226,131,13,12,93,159,201,143,132,246,73,228,119,110,247,47,95,24,22,193,9,18,218,186,24,22,96,109,138,11,112,53,20,228,202,147,219,204,38,241,167,214,215,14,46,28,124,8,9,102,208,179,168,103,69,230,248,178,199,168,73,84,41,69,38,203,7,126,196,115,107,138,160,103,203,20,1,161,2,90,60,18,175,206,40,92,53,127,202,58,169,174,178,71,174,144,190,18,206,206,228,226,170,135,25,16,19,79,56,186,99,28,65,139,202,24,219,180,237,188,98,70,126,17,219,157,184,133,94,24,28,152,86,155,123,40,1,72,58,225,205,242,197,72,112,215,147,0,13,94,159,117,83,235,247,227,188,125,186,236,155,178,214,234,243,136,230,46,230,132,250,13,42,139,181,20,39,102,1,253,33,129,166,165,53,51,252,14,71,120,214,4,58,250,153,188,215,133,43,22,97,50,224,22,204,8,20,51,188,251,87,12,153,29,132,106,65,23,233,48,70,50,85,164,86,120,232,239,76,240,95,226,203,172,112,45,250,211,109,124,146,225,237,1,106,230,159,84,243,31,165,100,130,72,15,247,35,201,124,79,228,122,222,32,178,41,224,150,243,28,218,91,100,154,195,216,192,233,86,116,104,163,91,223,209,177,152,129,141,121,179,69,121,62,16,179,210,166,212,212,123,210,152,65,140,158,121,226,174,55,132,16,73,73,80,173,25,181,124,238,125,74,43,230,30,26,67,11,250,5,65,16,116,26,177,170,157,148,229,160,223,23,232,49,28,39,172,23,247,35,150,59,100,24,91,66,155,171,233,86,225,25,145,32,239,238,197,247,247,179,17,163,85,49,131,139,193,0,151,14,251,178,231,229,146,230,139,173,71,219,110,129,131,37,82,77,191,129,240,220,65,7,173,175,73,122,39,234,198,104,1,183,143,160,91,246,210,56,149,249,88,36,25,62,51,61,173,6,88,210,229,20,159,231,3,208,133,251,31,174,86,34,236,18,239,234,162,164,88,243,26,45,221,84,130,254,159,253,211,169,64,97,44,247,225,216,191,76,30,8,82,71,165,157,62,7,1,138,53,36,203,207,190,99,35,114,40,82,173,113,251,252,250,41,66,30,196,127,95,83,224,115,230,62,129,110,25,88,45,66,122,211,133,58,231,8,219,171,156,55,78,76,235,234,62,233,195,213,166,195,104,155,180,48,40,232,56,29,74,97,236,124,231,97,184,178,223,135,52,130,190,38,95,42,189,179,192,72,151,114,141,26,181,225,38,183,114,42,79,190,97,31,0,149,206,146,4,247,119,41,12,94,235,69,249,8,248,49,9,206,14,171,217,157,158,69,38,138,154,217,158,161,151,71,202,179,139,113,12,154,65,227,83,37,21,240,128,25,122,239,179,17,131,152,102,21,171,119,214,122,193,4,54,28,19,86,97,5,161,60,114,134,241,224,223,158,110,235,223,126,90,205,220,116,129,50,183,18,83,251,165,103,194,65,77,212,181,152,20,219,149,236,75,194,153,255,166,245,77,68,247,75,95,39,57,22,156,143,39,147,95,186,33,102,183,136,144,245,182,136,105,66,124,69,34,128,184,115,8,186,233,189,146,182,19,141,39,28,133,252,127,191,148,250,53,207,38,217,178,5,112,161,151,124,141,26,49,137,46,140,215,170,144,142,185,114,56,171,118,36,180,237,122,99,102,165,81,176,102,118,48,18,222,115,111,83,173,205,120,82,79,122,148,133,100,60,159,36,13,143,137,54,33,141,143,55,134,80,33,196,117,34,141,81,250,152,84,7,0,157,195,50,109,5,57,65,176,160,205,175,59,207,159,118,71,6,78,149,96,169,177,85,122,176,122,227,164,52,86,246,106,254,57,75,41,35,65,9,201,18,223,45,121,224,191,215,38,119,171,65,233,52,95,97,59,243,12,194,149,239,95,63,198,124,185,132,247,50,121,37,199,82,63,226,111,219,120,217,123,162,7,241,35,18,35,210,223,167,151,125,128,74,29,125,44,107,216,86,162,171,52,189,162,61,14,193,52,47,51,133,61,33,222,248,100,113,32,146,61,159,86,168,55,233,94,217,79,35,121,103,126,120,146,48,93,48,238,14,225,198,168,118,55,221,43,251,252,20,21,240,36,249,172,20,110,47,22,107,128,161,201,206,103,154,58,187,158,179,35,90,157,53,111,108,152,84,9,146,15,213,140,105,209,82,232,171,53,41,1,18,51,239,248,0,71,40,27,117,16,65,160,129,46,206,125,190,17,61,174,221,188,253,147,210,235,72,191,243,165,233,90,23,133,148,227,222,117,43,58,243,52,232,112,27,14,98,14,40,122,111,127,168,121,27,155,208,96,85,196,109,181,159,29,252,174,43,105,126,104,169,108,138,223,13,94,106,49,245,91,194,65,186,14,148,201,119,71,132,3,182,170,223,180,232,172,212,49,188,137,126,235,97,149,206,24,121,156,5,215,219,251,179,157,77,84,235,204,64,161,24,145,39,179,233,95,76,92,115,44,26,37,120,93,16,148,40,120,239,34,62,7,94,188,103,149,247,96,245,89,247,221,62,235,16,138,128,43,147,138,25,117,175,33,59,67,8,159,106,230,246,145,56,108,193,15,200,136,84,111,66,157,164,212,173,247,133,199,29,151,81,65,238,165,224,219,70,53,234,60,209,59,174,201,71,156,62,145,106,204,92,78,196,14,103,222,8,68,124,201,156,16,82,145,121,157,222,143,73,253,91,139,189,32,168,63,140,183,209,138,22,15,168,107,213,45,220,197,156,157,146,115,84,168,193,235,216,103,31,237,252,0,151,132,22,170,18,74,35,213,236,238,138,231,156,50,65,161,47,167,213,225,17,83,12,59,251,142,217,15,56,32,16,223,112,1,210,113,3,228,175,40,112,238,197,73,78,200,107,231,4,159,20,99,17,182,173,224,132,218,105,128,193,29,0,248,6,72,95,163,223,124,247,116,162,24,167,249,114,221,46,6,192,218,166,18,51,124,111,170,249,125,37,195,196,120,170,242,139,89,212,0,166,46,88,1,202,175,236,123,242,112,75,63,88,3,235,218,112,73,230,143,174,31,217,103,59,153,137,149,220,78,81,52,196,66,156,120,98,7,142,154,213,186,78,192,126,41,76,157,48,75,13,241,151,28,196,46,188,165,68,84,142,224,59,197,228,36,28,185,60,195,123,211,115,210,24,15,61,161,216,30,178,104,55,139,95,176,167,255,71,114,179,103,224,204,91,142,12,119,51,200,22,68,111,182,143,7,116,50,180,145,194,172,17,215,76,168,233,42,113,229,90,151,65,221,197,53,119,201,56,187,7,138,139,150,248,45,183,0,8,129,41,109,93,37,244,34,135,220,137,65,138,71,206,247,85,50,129,187,65,254,207,103,172,95,82,30,70,211,195,20,18,106,65,39,60,171,110,203,194,177,25,157,86,11,166,234,21,56,9,126,234,154,103,144,51,100,137,140,202,112,120,245,26,241,123,170,17,181,240,193,231,149,76,85,61,248,161,70,211,254,163,167,244,98,150,107,161,191,229,35,99,1,190,106,37,169,240,75,205,94,64,98,157,216,97,94,68,94,233,15,14,214,65,226,150,204,171,98,60,33,231,189,64,20,151,89,9,221,178,147,141,93,109,79,14,130,174,82,111,49,86,245,51,20,237,63,154,191,148,67,73,203,213,103,132,32,53,242,27,43,145,130,172,191,148,232,147,86,132,165,197,188,148,151,166,53,139,137,161,204,122,231,170,6,105,69,144,111,0,80,40,120,126,146,198,177,69,61,117,77,249,101,7,24,30,162,44,148,244,209,197,155,111,48,5,67,51,37,77,70,220,22,65,72,107,121,246,4,80,101,119,162,186,128,156,121,77,29,198,239,109,89,222,117,13,88,28,18,9,174,137,184,117,97,10,221,154,6,235,85,189,157,135,64,130,36,5,24,122,65,41,4,37,25,23,105,31,73,131,243,203,66,95,122,188,42,200,227,217,6,25,236,128,112,74,128,51,136,216,182,227,180,55,37,193,233,249,99,157,131,34,53,203,218,133,95,194,190,254,97,212,36,218,202,39,239,101,205,240,58,236,205,91,151,120,30,33,41,73,128,154,201,30,130,86,77,237,210,210,90,174,74,77,146,246,242,129,59,147,51,27,240,31,199,98,218,37,187,156,154,104,228,78,37,211,144,169,124,88,90,83,138,30,17,65,140,42,212,244,59,81,246,246,130,70,239,175,112,242,8,167,12,16,237,166,176,26,109,19,185,67,254,89,38,28,171,67,118,204,3,15,189,93,176,97,6,111,240,219,57,227,227,192,204,249,204,176,255,204,19,154,252,201,128,31,86,14,173,241,113,158,111,79,91,242,23,116,31,34,232,166,118,16,93,82,134,240,155,9,2,153,18,213,67,87,128,213,64,203,49,2,31,101,204,92,47,67,98,52,216,245,9,54,1,153,117,159,81,197,56,36,121,158,158,176,188,35,196,45,14,39,55,71,0,201,199,137,5,184,155,251,81,210,26,221,124,140,195,110,73,44,71,135,13,114,176,95,7,122,3,108,80,194,166,98,123,168,2,173,39,79,54,17,4,151,255,222,119,121,146,205,57,113,112,37,196,115,235,162,242,238,23,40,122,56,7,221,233,92,199,100,74,74,79,246,66,17,204,83,110,74,78,80,155,223,184,176,83,22,33,76,13,23,73,74,233,241,164,174,144,144,0,216,5,22,239,15,168,216,76,157,180,152,113,107,43,32,241,85,211,90,27,173,27,154,70,125,225,255,112,41,64,186,225,11,116,134,215,237,82,120,212,133,22,219,28,26,207,94,152,218,227,194,167,122,66,46,214,177,179,195,241,133,255,239,95,49,50,191,211,55,211,129,99,63,186,33,36,136,158,18,220,224,140,65,138,252,41,50,149,104,105,86,211,121,176,139,71,103,139,173,99,69,105,241,130,108,89,23,170,202,140,108,224,236,49,255,128,72,157,55,255,185,229,57,109,238,156,15,232,244,24,196,118,2,68,112,186,243,67,85,186,153,255,168,154,85,198,49,251,245,185,159,40,181,250,237,171,239,169,1,78,30,210,54,238,103,155,99,109,117,248,220,78,138,204,79,222,191,25,79,158,113,69,123,64,103,70,13,166,169,48,14,7,191,184,252,65,111,160,151,98,108,43,30,102,229,129,48,46,253,187,19,54,140,84,200,56,163,44,78,15,66,88,124,184,51,198,102,107,132,34,159,85,157,119,22,228,44,155,182,214,124,182,194,38,66,112,171,125,132,229,173,11,106,149,1,79,215,211,15,8,74,205,215,211,148,194,126,112,60,161,217,234,252,71,234,240,86,160,253,82,77,10,11,136,94,201,150,234,142,126,255,199,11,210,223,243,160,13,217,21,34,27,91,7,142,146,146,21,251,123,152,194,23,18,254,239,231,148,66,154,42,158,242,70,48,253,54,115,255,59,31,191,29,49,36,214,86,146,164,180,115,136,219,240,86,166,198,22,119,104,167,37,184,251,116,40,1,124,209,166,234,190,207,42,127,142,207,214,230,77,111,203,219,32,25,147,84,40,58,246,73,160,179,172,84,249,118,29,54,6,203,207,187,67,197,191,150,218,156,52,241,98,48,4,230,78,0,201,117,197,16,154,88,68,87,145,235,32,83,178,185,64,249,85,17,244,53,106,101,236,46,45,167,39,245,164,74,237,44,62,151,133,251,163,26,6,68,0,121,204,118,113,190,40,13,153,144,169,39,213,218,103,104,141,240,181,220,120,92,189,128,66,136,224,139,116,71,242,204,4,198,80,162,234,201,76,231,120,231,218,34,183,241,195,136,223,19,237,26,123,115,192,198,194,52,247,87,170,85,155,37,142,184,3,168,28,246,124,237,91,165,176,45,146,149,228,85,136,58,179,131,220,209,107,4,236,13,79,51,196,70,174,68,45,134,203,236,80,184,180,245,135,33,102,41,15,23,230,123,54,213,167,139,201,119,184,147,5,126,122,90,133,94,21,50,133,122,227,52,56,130,45,115,169,126,219,3,152,86,255,154,176,148,246,242,23,92,30,169,21,251,1,13,45,217,66,10,168,151,101,205,100,246,232,118,41,166,12,232,220,20,36,254,110,141,213,95,128,1,245,131,116,64,139,9,40,78,209,36,107,45,164,87,170,111,214,55,70,66,188,63,5,138,58,242,29,13,59,10,230,76,53,182,44,29,231,208,175,226,46,230,123,158,222,180,112,109,42,164,210,242,147,98,115,226,245,45,212,50,76,28,37,44,18,35,172,25,255,228,49,126,50,194,161,16,120,255,189,231,241,171,113,99,77,48,23,19,185,16,37,70,249,39,62,64,22,33,226,74,63,181,33,135,113,182,158,6,211,26,42,230,59,139,230,245,16,102,96,220,3,70,245,183,197,255,218,191,123,7,147,80,61,14,178,90,16,19,13,71,42,125,94,245,47,93,51,93,102,74,222,161,125,183,210,249,219,174,25,76,38,191,155,217,225,188,219,108,109,116,186,158,207,175,242,91,91,37,188,131,242,130,254,176,187,17,91,187,223,177,145,60,235,45,171,8,189,158,202,195,118,3,136,35,189,75,50,201,57,182,109,115,29,250,7,88,22,100,0,98,1,162,213,238,120,65,250,108,166,34,47,105,232,194,21,96,151,175,60,92,225,253,34,218,42,93,188,59,97,169,21,124,191,112,149,36,0,47,142,111,210,233,25,202,148,184,148,252,49,213,159,22,178,206,97,13,245,167,26,138,205,147,197,11,45,91,243,101,39,224,200,10,231,250,157,70,7,114,196,43,119,224,73,207,92,42,30,86,10,197,65,99,53,142,175,221,95,158,35,173,225,153,216,228,183,195,15,95,122,17,46,73,22,121,203,196,68,144,170,2,6,44,88,83,226,9,180,207,16,135,37,58,220,252,145,166,207,227,50,22,119,15,198,16,107,235,236,149,12,180,97,218,27,198,236,54,20,177,161,246,0,186,30,94,85,179,141,213,115,19,22,139,101,81,168,225,30,24,192,64,173,202,39,120,247,83,232,45,54,152,123,15,24,154,104,178,21,89,254,234,67,17,213,215,12,230,151,227,9,133,171,190,166,88,52,208,23,167,57,194,190,92,72,146,195,57,82,212,132,185,17,74,154,17,21,38,145,168,225,14,138,19,170,13,3,235,122,215,202,73,4,214,144,139,217,247,165,33,84,253,7,230,59,91,57,72,183,199,216,56,55,76,191,250,121,226,158,51,232,107,5,91,9,27,123,80,35,3,31,67,62,125,25,206,226,94,55,227,109,23,255,236,127,32,229,58,173,86,34,188,155,15,156,194,137,52,153,178,66,113,14,62,131,90,74,9,15,13,238,83,148,155,140,195,183,61,241,94,46,134,33,75,149,188,3,111,122,127,151,83,27,128,221,249,14,34,74,114,15,148,242,230,173,126,19,201,106,106,233,9,71,49,191,226,147,225,122,192,230,122,145,217,88,234,86,56,150,68,119,58,44,196,146,201,183,199,169,137,6,20,235,127,2,171,224,13,201,218,88,131,99,231,216,70,44,88,203,190,88,168,126,225,59,50,3,31,186,5,40,85,16,127,194,56,173,66,96,86,114,96,110,186,66,107,134,232,147,82,24,47,242,140,88,0,213,112,157,105,34,82,138,181,80,58,72,78,238,246,137,219,255,245,245,235,243,45,94,209,182,76,115,119,134,75,147,18,121,138,89,159,96,78,190,72,32,88,198,22,79,26,170,129,229,32,164,122,42,40,56,102,60,33,169,175,184,249,88,76,80,246,61,61,113,147,194,75,41,154,47,73,232,3,189,128,251,41,98,11,44,161,90,89,244,155,113,139,14,228,32,222,66,180,133,167,154,125,120,119,165,253,186,45,8,132,178,55,217,127,245,159,228,52,201,224,64,103,167,47,172,105,16,158,234,174,168,144,153,151,214,160,239,101,163,128,227,124,54,158,73,110,72,67,128,22,99,201,134,161,107,213,164,145,18,252,172,91,35,107,213,17,107,37,166,139,218,37,197,159,0,221,137,104,240,29,178,236,155,215,57,116,196,236,233,254,200,163,226,42,184,70,54,159,45,85,16,125,120,164,64,84,111,12,149,145,236,184,69,235,40,14,10,185,0,79,64,141,150,17,179,42,60,211,80,164,189,220,170,67,82,240,24,215,93,106,20,207,171,5,169,130,84,223,89,109,214,18,25,225,118,15,153,68,165,198,23,15,151,123,234,239,203,160,187,28,36,109,163,116,84,250,25,114,199,43,38,2,228,129,137,91,104,72,87,42,54,53,9,91,47,165,82,88,223,202,6,194,232,174,201,73,224,120,179,124,151,195,37,133,169,135,73,233,73,250,93,20,252,164,96,68,180,190,25,203,192,31,139,202,3,131,111,199,83,196,179,243,121,115,225,58,232,171,209,225,192,48,47,71,132,222,114,35,193,25,212,95,70,251,213,84,193,217,229,108,119,193,188,161,64,26,57,216,217,158,84,145,173,182,167,193,162,62,252,135,125,211,206,136,125,195,21,92,87,220,215,167,136,75,72,76,226,40,199,209,8,148,133,78,163,164,234,25,127,238,40,201,187,108,141,227,113,23,206,138,185,180,120,136,202,168,145,144,47,229,6,235,2,40,202,102,197,118,223,251,112,15,213,28,67,165,98,253,179,12,160,131,177,121,196,161,204,170,249,94,93,238,65,19,234,60,192,247,49,14,12,26,165,95,5,246,47,12,163,16,38,156,164,32,62,168,181,222,140,199,230,85,202,114,113,235,48,92,25,37,144,178,170,148,100,227,138,198,0,196,219,118,84,31,13,254,70,91,167,23,80,74,139,211,243,33,139,99,3,212,97,113,72,147,96,101,252,116,189,99,189,226,203,58,223,44,168,109,203,116,137,228,192,60,61,115,249,65,252,71,12,116,35,197,117,204,38,13,47,221,32,192,44,114,44,251,221,147,58,31,198,61,240,101,87,196,125,202,39,115,200,7,47,216,218,211,133,18,9,253,83,124,225,195,251,166,66,8,170,38,115,99,72,14,72,87,170,90,69,242,18,81,241,176,60,219,24,23,52,124,79,75,237,203,92,176,221,29,55,195,197,174,142,140,204,152,165,69,48,238,86,12,13,194,219,19,196,50,231,246,236,193,113,207,175,26,115,71,175,48,184,115,224,208,12,130,28,190,229,87,83,87,63,187,20,14,231,47,37,193,78,38,3,128,80,229,21,190,244,106,33,243,39,163,220,6,53,105,157,216,176,247,145,198,69,244,101,114,186,196,50,234,38,196,83,79,15,203,145,26,248,28,126,56,130,164,13,80,106,183,10,61,99,122,173,246,37,29,2,26,130,241,128,19,208,221,112,60,194,69,79,187,119,101,205,14,218,64,251,246,208,245,172,237,240,191,182,158,43,74,15,170,5,153,131,133,29,53,142,71,14,176,67,108,22,14,78,111,162,68,139,88,104,182,51,92,240,17,230,9,2,17,166,163,201,8,1,4,8,15,69,11,55,187,160,255,230,191,222,244,123,153,124,253,228,60,103,143,96,37,114,30,171,14,136,54,188,161,159,64,246,213,244,237,102,27,63,167,162,199,140,171,18,38,253,66,57,58,144,76,186,251,131,223,177,105,221,55,218,101,94,78,149,126,89,56,130,54,223,77,225,50,160,128,53,225,89,166,113,16,133,32,78,151,181,144,217,66,213,195,96,0,4,120,197,107,2,37,72,176,27,35,128,170,27,18,251,137,148,120,154,247,122,142,65,32,112,171,25,14,104,41,181,76,184,240,36,181,172,250,37,41,58,76,196,201,245,73,219,217,232,200,105,93,87,190,116,79,88,41,122,236,98,222,117,182,76,202,27,252,233,136,36,244,139,88,241,186,166,18,54,210,83,100,145,184,176,192,24,249,123,23,50,200,168,112,84,4,252,88,200,156,190,176,217,70,57,157,209,240,0,3,170,140,30,250,74,141,110,183,112,121,224,96,189,12,152,172,186,251,151,167,235,254,198,163,21,216,172,106,9,13,97,0,119,157,119,40,233,136,144,36,176,35,74,140,249,219,140,200,1,43,58,238,142,149,10,72,219,65,133,55,163,234,53,196,178,207,16,55,104,123,98,196,225,12,121,130,134,251,135,177,104,106,165,16,186,32,73,230,117,96,177,185,232,85,217,195,23,182,143,186,178,205,143,186,250,225,66,128,239,151,193,83,244,130,37,80,68,187,190,50,188,2,43,189,73,185,255,10,176,62,252,33,128,119,141,98,134,208,6,225,102,112,215,103,152,111,167,80,206,131,207,166,24,157,172,183,176,114,242,10,250,250,129,101,129,0,249,24,206,40,84,161,195,233,184,25,208,113,15,26,40,106,141,115,36,39,192,111,24,45,105,216,197,31,142,165,61,185,191,228,4,0,131,94,223,83,101,175,243,235,176,106,223,92,153,14,114,183,80,242,161,189,207,231,15,165,186,36,79,198,78,28,252,204,34,39,241,96,84,70,204,29,79,2,36,12,139,1,147,214,6,7,14,83,130,50,79,2,183,195,64,114,96,90,246,211,90,162,143,23,176,220,91,122,98,234,219,108,37,2,170,124,5,189,109,78,50,223,96,28,117,252,88,198,142,35,202,104,247,144,14,253,41,143,200,173,131,127,229,37,219,8,45,121,175,152,27,220,2,241,115,103,3,203,75,100,181,75,206,240,204,155,66,169,16,55,228,204,1,13,98,222,57,254,73,192,246,52,0,163,119,206,221,76,186,36,147,125,189,228,221,20,94,242,109,84,98,205,211,37,58,143,134,45,159,231,36,229,124,29,98,94,199,253,131,252,3,68,109,75,246,34,39,200,13,85,133,159,113,114,136,34,28,231,137,180,189,147,199,112,167,255,193,151,47,30,138,252,12,12,12,49,145,216,3,40,223,2,169,170,196,182,169,108,97,66,172,159,67,162,23,217,171,37,158,239,70,147,104,130,220,29,125,207,62,46,47,251,58,122,60,34,2,240,234,67,60,116,222,163,245,9,205,95,224,69,196,53,110,235,230,59,167,21,242,160,172,182,160,8,159,235,161,110,202,117,100,151,99,25,23,0,128,52,226,23,75,236,12,27,199,109,141,187,99,7,208,252,247,20,3,46,30,52,173,99,94,130,200,36,160,30,16,95,193,44,76,177,132,238,95,138,40,83,168,98,233,65,205,179,227,245,77,229,56,87,143,98,240,9,22,22,39,139,205,248,173,248,214,85,39,190,96,177,172,180,129,135,114,114,197,58,228,163,160,183,73,116,102,190,52,205,42,194,104,29,226,17,146,47,238,165,230,87,201,47,247,22,252,119,191,234,229,31,41,226,113,186,16,229,138,251,9,68,77,43,45,31,179,86,232,207,31,255,170,81,52,197,240,185,170,227,38,245,189,80,145,246,45,73,17,209,38,166,122,15,201,66,3,125,240,102,180,20,3,82,231,13,151,118,71,133,21,153,139,129,165,152,50,249,218,215,180,227,222,238,59,143,236,38,158,174,186,183,40,67,160,154,200,4,234,213,94,225,234,151,194,118,101,104,220,166,115,122,109,254,139,192,38,59,225,185,39,195,24,20,1,221,7,60,202,99,64,132,17,221,39,37,125,63,84,215,45,170,224,101,249,208,131,71,41,44,59,237,205,7,140,218,237,50,106,133,126,125,135,95,148,29,113,44,39,141,58,129,94,76,149,15,172,53,39,111,4,40,3,149,65,190,29,222,188,54,153,154,143,47,50,67,205,245,120,40,55,7,170,117,227,197,17,195,166,41,77,149,145,95,194,217,54,227,150,254,103,63,55,109,40,70,44,123,123,71,245,239,157,82,9,42,14,106,19,240,175,52,0,31,115,107,53,196,219,2,160,88,160,219,8,152,33,57,145,255,240,140,161,161,122,154,8,198,89,201,232,96,40,159,197,10,42,126,69,32,180,114,13,156,189,191,108,89,68,98,151,130,132,72,132,211,109,255,186,54,186,235,136,101,15,147,115,209,188,121,17,49,30,184,98,38,195,245,221,115,180,228,110,51,54,81,28,184,94,0,46,210,102,97,51,199,116,76,30,62,152,212,172,112,29,149,198,168,199,21,66,142,68,140,154,176,216,158,110,91,235,214,178,116,120,127,12,33,78,91,126,99,220,226,47,153,84,159,64,51,183,220,25,83,30,143,202,49,111,102,127,74,221,95,53,155,167,194,176,246,222,18,162,79,254,33,11,143,50,169,172,14,158,217,175,235,161,96,16,64,177,61,160,4,130,208,255,115,27,98,251,107,65,153,239,189,229,105,170,130,73,241,95,194,10,228,183,130,61,136,89,216,78,70,91,7,194,109,33,33,253,204,42,35,14,234,35,44,185,254,138,71,229,68,211,166,213,169,14,135,205,193,54,14,70,204,59,251,23,175,87,243,44,110,85,225,71,152,175,213,114,225,191,210,14,152,203,19,71,201,135,23,223,117,110,225,151,24,162,141,105,99,8,140,164,137,76,226,83,75,182,66,164,108,55,0,143,193,209,50,213,91,149,185,219,222,4,6,9,72,54,137,148,222,18,90,149,106,233,77,10,202,97,199,141,234,130,6,174,17,71,180,29,124,50,97,230,166,29,241,242,203,21,231,83,161,213,131,128,10,113,105,165,242,148,211,190,214,13,111,162,1,31,23,156,190,146,77,238,243,76,101,137,30,169,119,21,226,94,152,32,84,28,36,231,26,224,183,53,35,192,170,9,12,134,38,251,213,155,217,7,211,80,238,217,38,43,199,255,245,121,190,200,139,235,91,28,247,92,177,155,168,130,47,247,205,188,159,243,95,27,224,236,232,158,199,52,151,83,193,160,219,105,97,29,30,42,169,23,12,238,77,54,49,95,190,251,9,168,57,25,148,131,57,229,151,182,79,132,79,66,20,171,129,156,11,198,162,95,63,81,64,50,72,174,143,99,117,148,123,154,71,71,64,251,197,125,90,220,108,146,19,11,185,9,25,200,51,201,186,242,159,66,198,226,3,200,151,193,214,78,253,224,13,183,107,171,202,202,35,235,138,202,36,210,0,243,197,67,167,144,125,117,202,53,79,233,223,113,72,3,115,4,61,51,138,7,221,110,219,182,133,72,192,48,210,155,249,212,222,113,144,245,26,249,221,249,182,101,12,33,239,140,93,183,129,30,253,6,222,192,8,232,241,141,137,188,175,176,114,131,36,228,199,201,246,215,10,59,115,154,180,29,35,98,126,219,47,247,207,255,58,126,95,35,242,186,54,112,128,157,24,141,41,205,90,24,192,18,134,149,191,186,134,172,157,4,119,2,21,172,141,96,92,218,145,83,68,139,241,158,34,22,77,149,244,77,39,40,183,191,212,21,253,196,133,124,206,155,83,39,31,58,125,212,32,219,197,237,158,234,138,171,188,240,252,32,235,100,133,133,246,139,177,28,186,54,160,210,160,14,227,157,186,138,236,123,223,40,117,157,142,191,46,211,224,50,166,235,78,98,191,9,207,166,208,213,3,138,126,199,171,211,13,209,23,81,52,4,192,140,50,80,119,73,55,139,149,47,107,160,141,166,163,41,248,130,154,230,155,213,20,82,170,53,239,66,198,72,97,208,92,16,91,24,2,232,45,140,195,255,49,65,216,119,24,33,219,115,19,159,244,219,66,219,19,94,58,36,28,247,102,164,93,12,76,13,117,113,253,188,250,72,133,177,75,50,135,21,48,62,185,89,27,123,56,35,92,226,108,14,49,218,158,201,132,115,248,35,68,84,207,35,122,183,198,8,12,197,54,232,123,228,171,59,104,32,75,103,81,78,38,16,134,230,189,26,10,85,123,48,98,47,149,79,209,180,63,17,172,165,185,251,197,4,249,41,102,17,75,136,26,206,194,179,99,217,199,182,161,239,95,70,189,20,221,28,145,63,2,183,52,191,12,240,164,182,159,238,133,102,243,253,248,204,210,187,23,169,156,242,20,59,189,26,32,238,14,176,176,152,9,10,147,165,157,75,181,128,113,170,106,56,45,149,123,180,28,186,25,20,205,252,137,61,176,191,41,130,220,246,166,186,65,226,225,97,174,250,196,177,5,26,6,231,154,223,30,147,117,142,42,127,104,221,136,50,83,236,235,221,42,130,49,77,238,13,195,12,239,221,178,222,87,103,2,183,19,254,206,161,9,106,228,65,136,38,94,235,242,193,24,177,76,207,145,181,48,184,143,112,107,109,254,69,149,51,189,104,72,187,59,139,153,137,31,223,200,29,176,5,168,126,22,92,236,113,108,159,18,244,155,12,24,239,107,71,145,4,49,167,135,127,127,97,112,6,78,92,46,235,18,3,176,198,97,132,97,66,172,255,113,75,93,212,202,3,52,170,169,98,82,57,78,65,73,190,172,141,229,166,128,133,5,116,220,223,110,186,83,163,89,154,144,164,202,200,163,209,253,249,197,89,129,73,193,24,128,196,167,159,146,212,0,226,182,86,14,182,109,180,118,83,35,195,30,132,184,32,127,132,95,188,1,253,127,127,210,34,81,141,232,102,236,82,243,26,230,191,122,249,17,184,118,122,64,232,140,68,107,99,84,223,98,241,106,180,71,70,24,137,94,144,22,93,158,113,44,225,241,124,46,241,218,238,21,246,15,124,95,105,233,187,170,62,5,120,140,193,88,123,177,35,99,100,243,49,218,93,57,35,140,2,229,215,77,87,1,217,152,243,31,237,216,43,202,225,145,26,106,186,151,36,234,56,146,213,196,6,77,6,45,222,233,252,33,186,75,109,148,124,19,224,250,199,32,80,212,131,164,193,73,68,49,245,248,31,248,185,15,91,128,30,195,178,144,195,220,145,197,101,181,229,126,244,177,173,116,46,181,88,79,167,166,155,149,52,134,98,84,92,55,130,94,15,198,251,194,163,166,227,87,76,36,42,201,255,235,196,124,96,199,30,20,3,79,200,170,66,91,63,169,239,36,220,66,70,27,43,167,227,61,125,4,227,227,62,128,23,143,235,206,70,221,36,22,44,95,83,199,74,172,61,7,204,144,47,124,0,176,144,251,40,1,254,38,64,74,6,74,23,206,99,103,208,98,120,61,144,253,22,18,48,128,15,82,9,154,248,142,215,32,139,216,39,199,69,207,32,91,214,45,32,233,244,2,251,69,10,1,28,134,13,67,164,227,229,120,114,124,201,211,121,207,219,39,121,175,50,2,101,197,160,245,148,193,8,188,109,224,61,51,172,105,42,108,155,139,178,55,4,185,11,72,139,128,160,145,117,255,1,249,243,174,238,173,145,198,233,116,81,184,101,209,9,157,163,189,187,5,201,88,194,61,93,6,144,224,19,149,147,48,185,19,30,206,191,239,83,3,134,200,210,230,148,152,21,204,255,87,17,90,37,62,202,87,104,204,106,227,33,29,171,74,101,73,250,65,3,35,231,14,63,69,138,147,120,90,29,152,140,161,107,100,95,19,103,217,117,39,204,65,141,248,253,209,193,117,165,186,54,109,46,214,79,185,13,117,189,164,168,252,182,1,29,113,2,118,254,111,91,216,160,8,73,240,152,227,147,132,105,123,245,67,78,254,55,36,92,219,158,184,31,237,19,128,12,119,12,201,48,189,168,47,175,146,59,158,142,71,146,127,118,140,29,58,111,97,251,224,124,238,100,42,149,111,110,137,156,126,107,20,180,225,51,240,157,196,109,240,101,214,203,98,122,70,204,26,204,20,150,246,221,218,76,48,161,195,40,237,37,75,69,37,31,92,127,132,152,141,178,191,232,53,2,184,5,15,20,102,26,18,165,36,31,155,201,253,9,96,192,8,148,142,46,182,229,74,140,161,91,40,42,251,22,133,64,177,156,189,135,210,188,218,151,168,144,107,104,107,101,85,101,87,35,30,181,250,93,91,116,63,206,133,118,233,8,40,94,14,7,212,91,218,145,114,122,121,98,123,227,228,155,175,163,63,93,213,58,164,148,251,193,170,155,155,99,111,195,90,187,150,199,200,109,198,105,151,160,2,139,83,174,149,161,56,15,102,107,203,74,72,220,49,144,23,22,18,192,166,248,156,180,92,58,59,23,106,142,254,118,241,222,163,246,161,119,13,170,113,247,125,30,79,249,219,155,125,155,131,165,84,185,142,32,86,17,244,0,11,200,69,44,142,178,229,22,161,1,82,146,26,193,176,156,14,196,77,19,37,151,95,116,82,184,235,73,163,154,58,21,122,120,5,241,6,225,143,132,183,160,159,192,94,246,87,213,150,70,67,155,252,168,15,104,103,157,216,158,215,219,240,209,34,99,151,154,190,64,35,150,253,182,67,219,211,204,2,67,227,146,198,3,253,13,204,246,97,59,36,238,54,168,169,212,202,248,22,194,236,191,21,194,243,71,54,246,201,240,82,184,225,0,63,232,174,126,29,73,239,140,22,45,146,22,94,126,24,218,72,41,20,66,47,248,162,101,9,199,235,148,74,130,37,231,138,94,153,183,60,7,158,107,228,113,49,90,110,37,66,84,175,106,238,207,73,223,162,238,140,229,68,33,195,213,84,185,113,63,74,63,167,78,221,238,114,94,214,88,202,220,3,47,174,53,43,248,168,255,170,85,110,220,190,31,59,85,83,208,2,44,220,145,180,40,119,55,92,109,33,33,84,166,108,160,184,163,36,2,89,34,14,60,235,96,210,9,233,220,78,148,165,226,0,121,219,127,111,48,53,33,126,96,54,207,17,67,50,79,30,40,167,23,175,241,91,44,78,175,212,106,36,183,107,139,167,161,36,160,35,213,151,147,104,139,108,11,92,243,100,137,175,184,142,134,107,218,32,2,181,244,146,41,80,205,217,141,7,151,232,220,233,89,108,93,232,169,86,191,166,226,76,157,180,90,93,21,237,253,33,163,93,81,109,138,30,122,44,231,22,218,42,202,26,65,8,195,18,211,120,245,204,102,56,92,219,33,51,49,141,41,200,113,174,144,50,17,109,155,97,90,156,129,140,154,26,118,33,14,189,18,146,250,89,123,192,101,132,130,127,112,99,32,17,203,53,77,124,244,222,184,16,95,79,162,114,203,36,177,23,3,165,205,237,40,64,23,91,16,67,26,89,144,214,81,23,115,126,158,222,242,130,251,90,84,231,73,227,128,74,189,242,186,178,187,83,141,104,240,69,31,12,4,47,78,238,242,17,197,246,47,103,127,172,118,249,46,207,124,45,205,63,120,21,66,20,199,152,199,67,9,21,143,237,119,62,177,171,106,202,208,216,131,90,243,72,132,166,130,175,248,30,66,74,215,105,169,27,21,139,188,96,247,89,251,165,163,240,224,213,49,133,250,45,38,197,225,153,84,190,77,125,158,196,222,214,219,174,89,2,250,166,4,83,15,166,239,124,74,122,70,224,109,168,254,64,172,111,161,80,216,160,208,129,183,221,153,196,215,203,100,124,202,136,138,40,25,181,176,220,79,162,120,147,68,254,205,250,57,49,176,53,83,165,215,142,7,244,244,215,213,196,135,117,53,222,167,194,220,242,178,71,246,70,62,72,114,112,122,51,219,14,229,53,210,112,195,122,221,11,245,110,43,222,176,187,249,135,124,118,142,42,176,91,18,96,156,201,44,8,245,16,225,1,34,160,157,240,216,15,252,18,235,5,101,74,172,142,94,205,128,61,22,21,83,201,39,121,40,205,98,160,71,251,255,2,73,96,162,190,190,242,228,195,180,247,189,214,244,14,40,60,103,1,208,51,90,178,229,4,0,68,179,145,98,23,149,168,110,53,176,202,184,118,33,177,204,135,143,5,191,54,21,163,98,47,167,13,164,238,234,120,16,179,80,174,224,147,124,57,148,215,159,41,142,2,126,144,20,131,241,255,4,215,141,31,50,121,7,85,13,144,87,51,17,158,157,129,35,127,188,2,150,63,214,114,67,69,253,18,246,63,95,19,62,137,5,160,42,63,120,68,105,21,194,152,160,196,152,146,11,19,46,10,197,61,132,250,159,34,150,247,191,8,122,121,17,213,237,107,74,138,138,198,56,19,4,111,41,43,250,240,77,133,210,164,230,118,7,181,215,117,31,186,255,213,56,151,0,76,180,165,38,241,182,53,36,177,168,132,9,188,181,50,38,197,253,62,95,34,236,92,236,119,57,152,204,97,136,183,106,227,110,222,102,4,70,7,181,78,29,88,252,136,76,246,197,110,201,226,100,17,173,227,188,196,168,245,177,226,69,201,140,147,12,138,251,162,3,102,115,90,40,40,218,95,188,107,21,214,242,2,190,119,55,97,181,136,239,53,216,1,29,188,69,120,211,52,234,191,96,132,124,167,139,156,121,219,209,4,122,214,85,12,245,112,131,151,180,29,93,194,53,236,102,176,3,85,20,64,0,167,45,192,77,109,58,199,209,201,89,215,250,238,149,59,28,159,190,148,222,34,60,156,14,105,122,191,249,79,213,80,137,66,190,195,50,158,111,11,218,13,114,124,222,150,98,143,192,19,125,18,251,181,86,114,51,185,146,33,206,183,51,103,242,46,71,140,185,65,221,47,74,72,48,117,166,170,4,178,63,198,4,108,199,27,94,87,69,228,207,248,180,54,169,74,27,131,191,111,75,108,25,8,207,6,127,8,138,64,49,2,135,134,92,24,119,217,203,249,51,199,197,77,226,138,122,87,71,237,241,240,142,201,167,128,225,218,67,202,89,214,124,87,59,91,99,35,0,247,152,139,6,99,126,31,222,30,163,101,209,183,54,115,167,160,41,113,134,115,155,167,57,11,244,56,131,41,241,39,126,195,228,223,172,166,111,230,170,204,152,70,253,140,154,12,226,210,54,75,42,197,245,187,22,63,0,155,246,213,95,94,119,53,167,119,136,201,89,111,125,7,86,102,55,151,216,7,150,117,79,5,226,222,80,166,49,88,144,24,229,101,109,101,4,167,152,155,99,231,22,243,130,154,235,255,229,93,165,110,98,149,171,39,252,181,57,111,20,229,90,38,202,100,212,72,163,71,204,132,248,102,100,183,206,111,89,217,81,199,226,254,189,186,169,220,53,84,87,5,214,208,228,112,79,213,114,211,208,121,194,94,223,158,36,53,1,188,143,200,230,192,226,95,236,39,137,205,81,253,155,174,104,150,225,40,241,231,0,117,78,207,223,181,17,200,134,9,102,3,142,116,112,129,166,183,166,155,135,72,225,17,196,100,28,117,105,144,153,137,49,51,192,179,90,234,41,22,53,6,100,236,50,242,121,235,6,41,131,237,116,15,105,245,179,192,202,76,177,77,122,10,108,170,110,50,69,249,204,206,21,134,207,12,83,49,237,173,97,200,157,57,210,111,114,148,234,111,38,198,113,49,230,184,215,163,183,18,249,207,213,231,121,150,91,82,25,85,124,3,39,73,107,175,142,68,104,95,7,121,209,203,133,145,222,190,211,35,249,135,209,208,215,112,117,3,205,251,104,197,58,113,145,142,226,58,10,113,252,6,248,52,127,58,225,124,218,137,151,8,230,223,40,64,134,103,214,33,90,181,152,58,153,107,151,35,189,246,69,142,60,215,163,222,176,220,255,81,129,73,137,242,10,86,130,38,56,36,148,101,193,233,69,141,228,165,169,209,213,4,75,8,239,60,163,202,1,242,54,59,13,78,85,72,41,127,28,187,43,116,109,168,229,234,237,50,97,219,238,48,150,71,41,95,83,75,152,156,28,73,38,217,214,248,217,10,45,191,98,107,109,236,208,186,38,154,222,52,197,236,193,204,56,4,118,144,101,68,202,32,18,81,9,110,120,92,53,239,245,60,119,244,153,94,22,114,232,144,247,157,125,189,6,242,207,211,250,14,56,85,27,126,127,254,147,208,162,176,116,158,82,252,35,157,20,166,197,174,193,101,233,71,8,89,25,99,214,206,110,105,142,191,4,173,164,210,63,255,152,85,74,252,44,40,197,129,158,62,162,66,212,9,28,233,226,169,7,0,178,209,147,62,125,216,153,119,167,233,125,1,213,58,18,42,134,56,175,169,249,177,200,39,227,139,191,47,193,112,201,82,154,192,200,65,73,251,187,21,7,252,63,14,3,244,156,192,28,28,101,145,235,142,165,49,60,5,160,211,252,162,123,90,130,163,87,198,150,24,150,111,122,151,167,167,88,162,9,133,218,236,44,150,99,8,15,66,43,189,99,119,234,167,21,221,147,66,23,191,77,241,150,132,124,131,178,99,197,116,78,157,65,123,86,205,218,155,150,180,122,147,19,10,178,68,216,9,143,179,7,248,125,91,218,84,213,27,123,107,21,78,105,92,108,129,46,65,52,127,55,188,240,113,87,4,121,32,9,186,234,93,212,182,114,148,90,181,204,123,18,211,247,25,61,252,14,92,239,4,138,136,47,45,214,215,140,4,205,209,97,5,239,249,51,36,33,56,147,58,195,83,136,104,102,134,131,157,216,124,111,106,176,92,173,153,76,157,60,42,188,190,229,171,220,16,241,139,241,17,7,169,162,146,226,46,109,251,58,157,222,219,21,0,60,182,224,82,12,113,169,16,59,176,242,234,202,38,147,191,111,18,96,227,29,51,58,253,189,15,117,139,162,253,211,26,66,77,244,38,60,186,138,139,37,90,140,249,30,17,53,103,219,118,217,80,78,62,164,93,200,226,174,180,169,40,225,55,41,43,129,176,122,226,211,136,14,102,250,2,148,184,87,55,218,82,16,185,85,56,183,47,90,231,149,27,84,231,50,175,236,58,80,165,193,17,177,14,102,21,183,34,165,188,212,45,237,53,5,52,172,130,146,117,105,180,237,225,225,10,141,14,253,183,214,251,151,234,57,4,183,243,204,15,99,97,120,142,39,51,237,88,115,124,131,39,33,139,239,177,70,141,15,114,207,133,15,162,202,196,152,167,36,16,178,228,58,89,121,244,106,225,204,54,11,237,127,64,101,207,77,144,134,27,199,195,68,191,27,52,22,39,179,141,232,78,50,255,140,130,48,168,244,24,178,15,251,252,239,233,43,255,166,227,15,147,90,193,249,137,238,84,234,111,85,244,224,128,225,56,235,77,165,18,115,44,92,147,183,44,103,162,204,19,90,131,206,3,138,140,253,85,154,162,71,4,166,194,21,184,68,73,127,0,178,147,246,87,183,94,166,56,9,97,84,251,57,35,155,136,242,172,92,25,90,217,149,134,64,233,110,204,21,17,182,125,207,125,85,136,119,127,210,32,196,225,91,113,199,65,236,99,195,38,195,89,169,56,228,140,97,122,185,138,40,21,67,33,113,64,111,159,181,123,224,250,254,237,115,24,168,64,93,31,146,18,34,141,60,144,72,234,37,64,200,47,68,127,109,168,55,139,222,209,94,99,99,39,230,145,90,109,212,223,202,192,20,228,125,93,7,172,149,132,54,30,55,12,199,254,212,191,119,11,60,216,77,16,71,158,142,101,91,23,2,13,163,253,94,69,7,254,241,239,133,168,250,240,59,123,180,25,41,210,196,118,246,95,167,255,93,3,40,118,138,192,144,3,255,8,178,254,112,210,46,140,109,177,115,125,136,84,71,80,187,217,12,125,116,175,195,231,29,147,165,86,231,234,254,190,231,29,122,222,234,16,13,81,185,212,219,122,155,69,22,52,252,29,122,222,57,70,246,41,152,97,211,3,122,117,148,173,131,197,157,232,177,88,166,119,187,138,38,94,121,197,219,231,195,253,23,195,116,101,241,233,249,78,185,21,210,3,60,1,207,245,227,199,7,3,21,250,20,111,249,44,202,23,7,21,37,48,137,7,179,186,250,131,152,218,243,0,218,162,202,198,61,52,168,139,187,135,56,166,22,16,75,122,175,227,220,184,171,138,26,156,56,167,173,134,235,82,122,198,75,246,27,16,112,254,79,66,244,111,159,41,213,100,201,3,90,131,197,161,52,244,18,231,63,104,3,9,73,178,69,249,226,54,255,123,203,129,168,205,107,25,188,3,73,219,86,129,141,44,190,82,53,9,21,29,86,201,134,246,173,252,27,196,99,198,61,82,184,191,243,183,68,92,96,251,246,251,200,52,219,95,33,115,238,183,247,148,99,157,111,181,9,102,116,206,42,11,168,218,57,193,196,177,162,220,16,20,26,201,98,31,248,118,76,49,28,100,102,234,47,161,91,71,246,196,7,209,42,228,145,135,197,39,107,13,47,229,152,141,50,179,8,120,125,74,86,10,70,92,213,76,248,244,98,243,186,251,97,167,7,157,163,189,108,67,55,4,116,220,72,35,199,49,25,202,204,205,111,14,133,216,93,10,16,50,160,117,130,175,219,198,212,89,136,192,29,79,218,38,107,163,149,12,234,106,190,173,174,96,183,80,36,54,150,153,134,198,227,145,173,243,100,233,100,90,38,16,81,27,167,197,171,143,146,64,81,197,134,243,153,54,7,229,148,42,252,79,45,188,26,227,50,71,34,202,248,108,120,200,36,184,3,7,183,189,28,42,39,69,73,72,145,161,138,59,81,224,56,186,192,191,242,35,45,36,130,93,179,199,186,157,232,70,234,200,49,83,208,23,245,198,145,28,225,77,96,226,121,140,233,148,247,177,187,135,242,148,228,55,167,237,44,197,124,47,85,215,69,100,46,107,62,185,153,13,6,170,39,180,67,29,186,157,103,9,14,136,21,246,182,9,161,182,16,134,56,72,161,106,70,44,122,163,83,199,226,203,22,125,61,15,56,142,88,123,131,166,25,0,199,222,95,137,127,12,193,80,90,140,36,173,39,39,98,92,245,116,137,183,132,61,107,199,53,197,157,128,196,54,148,6,190,238,233,133,68,224,177,69,52,145,26,173,170,84,49,229,178,42,245,246,169,200,166,222,125,59,96,56,58,151,25,51,97,255,92,189,244,122,24,216,161,138,153,27,212,47,191,179,81,64,71,108,147,105,147,57,141,40,125,107,47,30,251,3,96,108,155,216,17,104,217,111,26,228,73,149,217,232,139,179,79,19,62,72,49,243,223,185,146,241,112,217,20,143,179,175,103,140,47,171,134,204,29,133,130,149,173,108,216,8,19,130,86,70,85,212,127,196,65,105,228,134,13,158,186,85,223,101,3,55,65,39,242,97,3,2,133,118,106,18,0,204,139,12,153,5,138,240,48,62,255,3,159,0,205,72,5,53,37,156,106,26,215,174,148,89,183,177,23,156,48,169,192,137,13,63,102,133,165,157,121,220,212,236,188,112,6,69,38,18,58,53,16,167,47,31,126,7,150,152,168,163,155,15,255,8,43,196,14,137,218,141,245,247,144,61,208,118,251,88,119,227,95,192,157,158,154,13,74,36,33,206,192,208,170,101,15,213,0,81,179,148,104,209,123,39,15,130,201,7,169,4,116,106,201,151,181,117,38,174,234,83,219,124,58,106,215,254,43,212,107,176,13,172,86,29,219,148,66,75,45,211,186,237,195,129,56,28,67,54,115,215,66,50,8,102,99,167,181,63,139,83,12,238,30,237,199,42,3,152,124,176,45,115,62,231,223,35,247,55,57,92,171,76,50,61,75,56,142,65,147,98,237,76,240,114,145,161,116,49,65,227,193,148,235,5,198,175,151,0,127,11,84,162,47,123,90,77,236,60,189,96,57,158,41,91,162,108,116,96,10,197,163,150,53,116,202,107,213,74,245,148,86,150,40,36,15,66,157,199,178,112,52,178,58,243,70,138,188,224,160,186,82,183,180,190,163,201,198,139,89,224,165,131,165,207,106,182,113,30,109,1,32,207,98,205,144,38,156,145,14,221,149,143,52,9,5,134,104,190,158,54,247,237,44,96,60,91,215,171,183,67,84,68,243,114,67,20,9,74,73,174,118,169,77,49,174,62,217,73,142,59,141,195,117,149,182,113,194,222,106,202,106,31,60,23,121,172,248,111,166,16,172,140,104,176,178,157,167,105,184,181,216,172,150,225,224,198,196,0,64,226,46,69,177,102,154,195,177,179,217,138,179,26,84,106,251,225,112,162,249,112,64,46,1,35,85,234,156,18,128,6,201,236,5,53,174,19,158,55,157,81,194,203,184,207,131,149,1,190,234,84,62,231,89,2,118,60,225,81,81,230,243,58,95,24,3,170,208,101,175,83,136,152,64,90,251,61,198,212,152,122,204,35,206,106,117,194,65,74,218,55,237,95,244,102,225,144,68,64,150,209,218,170,6,181,194,225,43,230,34,255,62,22,197,180,32,153,208,95,76,200,15,194,125,9,197,106,179,142,246,215,81,47,69,2,192,85,237,133,247,76,187,73,97,58,123,243,202,87,130,19,105,194,224,73,31,34,123,60,92,156,40,9,30,77,232,214,126,104,64,62,169,101,30,179,141,233,138,171,8,20,80,103,142,238,120,67,63,111,101,217,174,169,6,78,219,72,226,228,216,215,122,20,65,163,12,31,23,67,21,26,143,44,1,133,140,168,216,135,147,142,251,207,75,68,30,224,32,30,96,116,32,57,6,155,168,189,37,246,128,128,169,235,188,138,110,34,155,153,56,235,147,69,216,135,248,74,127,86,132,178,183,106,9,204,145,50,162,105,75,49,211,38,49,47,121,171,155,165,58,200,168,0,43,138,205,20,222,235,132,249,83,182,75,49,248,214,126,235,254,84,107,147,42,174,126,147,178,12,139,221,73,179,96,213,32,97,254,58,106,62,50,58,239,63,81,81,203,66,104,30,61,62,253,51,69,206,0,98,193,252,58,114,52,224,187,220,91,175,128,36,168,153,61,145,31,154,223,53,235,36,50,128,167,137,101,235,193,65,229,131,62,47,245,104,180,148,219,16,100,176,85,254,86,249,208,139,26,231,80,64,255,183,211,178,137,32,45,98,180,184,135,40,61,184,124,166,14,233,77,210,102,250,218,133,106,122,237,201,207,168,124,226,145,162,170,180,101,205,143,221,169,150,68,0,140,96,231,145,122,96,31,183,204,27,66,33,76,171,8,47,25,98,143,211,154,189,151,169,133,22,159,19,190,111,75,77,67,6,133,2,15,230,163,66,45,78,118,7,132,172,248,52,16,62,129,190,160,159,238,252,102,184,127,230,72,98,187,253,86,120,176,74,224,131,85,238,183,231,91,25,167,249,36,88,62,169,207,254,129,154,113,27,194,162,96,73,246,58,186,172,12,90,87,192,4,195,182,86,157,114,210,102,177,250,166,205,96,221,248,83,220,208,226,135,18,88,202,250,83,19,203,203,79,49,247,91,247,235,73,135,212,243,185,47,195,94,123,84,133,194,38,36,73,202,228,63,100,26,249,150,45,153,3,80,194,41,71,211,193,242,96,115,217,152,161,120,100,149,123,18,36,229,50,45,12,61,155,0,190,132,55,207,4,220,255,50,63,10,112,134,26,86,80,234,95,233,191,162,109,119,220,152,17,84,1,68,229,243,224,43,72,62,26,162,139,73,175,252,126,186,146,152,15,139,212,123,172,173,142,32,172,232,69,59,208,135,190,85,135,215,107,190,162,236,169,129,38,55,70,82,160,172,250,174,181,81,72,89,85,5,205,231,112,8,98,212,36,75,85,225,245,89,51,194,138,131,40,170,207,53,119,229,214,3,61,10,60,0,36,216,118,70,97,198,51,59,83,254,131,109,128,245,56,34,239,111,143,75,46,90,59,146,1,103,70,229,220,180,153,25,11,32,120,103,91,115,114,103,166,129,227,168,200,2,73,126,110,126,165,130,34,132,115,156,182,238,71,178,196,150,55,166,241,156,152,151,223,212,182,116,167,234,211,30,84,74,59,216,146,126,5,19,17,145,220,113,115,212,220,186,6,46,238,79,207,119,182,218,192,54,117,8,145,100,12,56,183,90,150,13,67,159,12,10,212,204,95,69,69,0,248,62,220,107,173,117,242,98,160,116,161,218,79,240,17,180,112,223,188,246,125,154,82,175,229,88,178,57,99,204,219,125,238,132,58,30,9,237,236,239,5,78,247,188,255,135,251,31,210,155,216,115,120,142,84,138,86,77,26,13,85,207,66,8,85,137,64,193,92,189,234,149,165,205,226,84,3,248,66,48,144,208,9,97,150,26,65,221,161,145,42,83,44,111,90,163,12,221,41,45,17,64,240,164,76,146,9,144,184,144,250,8,81,64,78,238,94,237,202,244,254,217,99,36,192,252,160,111,77,46,153,247,66,123,231,141,107,108,232,43,81,14,106,193,174,199,157,94,197,3,133,239,86,197,179,16,247,185,134,95,70,147,4,247,82,214,65,77,203,162,190,144,47,84,189,65,31,74,229,138,239,69,9,229,154,104,5,131,251,0,64,249,26,154,111,100,119,96,232,90,191,115,105,126,7,27,57,153,103,56,162,113,63,13,98,25,9,108,100,47,255,4,229,17,41,68,160,99,167,27,89,189,58,255,77,111,156,196,216,234,252,235,95,1,47,185,92,137,30,152,138,8,45,125,233,247,90,193,20,243,70,174,83,202,151,81,125,3,189,179,229,158,9,92,243,102,210,91,69,111,122,229,66,35,64,77,101,130,234,199,59,118,163,170,211,212,161,236,254,111,104,171,219,201,242,213,48,115,235,179,175,31,30,178,192,247,49,46,222,56,158,174,78,1,116,101,8,159,114,76,182,140,70,91,136,160,70,44,49,7,57,153,72,66,66,196,196,174,215,42,23,67,151,109,146,193,143,182,36,61,175,27,38,14,228,13,124,76,80,164,225,160,17,79,58,170,115,167,76,61,156,62,231,246,138,163,222,198,244,122,226,189,87,113,126,189,150,245,15,150,49,103,209,67,181,232,34,239,103,150,163,152,210,71,58,58,232,255,106,49,184,243,85,50,136,110,159,17,46,205,178,102,169,84,109,44,234,84,3,81,243,44,113,6,136,135,7,101,18,72,111,50,239,203,143,111,32,245,229,38,51,166,214,248,118,218,75,125,243,171,42,246,211,204,63,84,213,63,243,251,140,155,163,118,72,47,56,206,186,219,220,105,71,194,56,6,67,56,86,46,202,124,88,2,98,59,13,154,119,116,138,183,163,66,122,234,219,174,150,100,124,137,33,218,152,211,162,104,66,94,89,28,239,84,114,30,102,200,156,148,46,152,217,60,88,22,197,15,229,222,208,86,58,81,163,125,182,189,234,75,169,139,52,83,49,117,12,128,118,36,165,13,193,60,223,126,211,5,16,173,133,195,170,10,15,41,117,45,0,23,175,23,62,220,42,74,74,231,206,104,60,239,63,81,197,115,93,185,60,205,227,147,79,192,195,44,36,112,30,126,39,127,145,103,19,167,204,39,78,181,162,251,31,220,191,39,4,66,72,22,212,100,219,159,196,250,5,232,67,78,15,144,105,164,214,177,141,50,95,124,124,64,255,38,106,70,152,15,118,223,253,48,119,45,246,5,204,141,147,226,97,153,63,229,186,48,76,92,85,195,73,231,143,119,211,52,253,135,230,194,73,78,49,13,188,161,251,52,128,235,116,90,120,197,135,116,245,217,98,211,112,13,9,99,5,13,247,162,101,128,255,191,181,3,58,166,237,46,115,109,14,128,190,10,238,35,173,242,70,184,43,208,251,128,246,177,219,231,157,176,112,80,68,225,242,143,171,85,112,231,161,123,13,107,25,172,218,178,165,31,115,54,240,5,187,35,195,160,173,83,205,254,197,7,131,20,150,214,31,144,226,189,186,6,247,134,45,244,220,221,206,202,119,223,85,22,52,112,191,13,216,125,249,224,27,92,232,113,210,22,175,72,139,91,174,77,10,147,233,21,155,176,121,222,124,13,48,225,198,194,83,222,217,209,178,177,14,254,182,41,248,19,207,201,179,176,122,4,22,208,236,139,123,60,40,90,195,156,12,172,94,34,214,4,154,133,57,102,221,173,73,142,36,44,196,216,202,197,170,117,176,143,16,163,239,2,77,216,224,187,84,171,11,226,225,177,199,89,10,101,56,135,233,228,2,150,50,139,53,52,139,142,100,56,0,202,209,39,222,78,30,75,225,129,52,250,66,163,50,142,174,186,152,207,25,21,59,71,242,45,92,82,24,237,165,19,190,94,96,207,114,178,180,12,4,220,148,45,128,57,77,58,13,135,49,42,104,0,188,126,17,133,110,72,88,254,95,64,34,150,240,7,162,202,133,155,244,250,6,190,131,76,149,89,67,111,129,225,81,245,195,143,31,26,30,60,125,166,38,172,88,49,4,103,254,228,130,70,12,77,179,103,171,219,12,67,182,78,186,9,6,250,202,43,245,54,114,235,162,149,143,184,105,77,131,57,20,64,210,18,170,174,238,226,187,175,227,40,151,15,211,9,160,9,152,56,224,39,96,45,30,230,47,158,102,192,49,117,146,81,156,70,181,243,246,175,224,230,183,189,195,196,231,235,173,122,174,201,186,84,84,239,229,23,67,55,56,11,70,89,105,173,249,26,37,48,67,119,235,251,66,210,185,54,91,10,230,52,208,70,13,83,49,7,66,76,221,49,97,9,0,177,94,139,254,106,21,242,67,230,228,159,67,193,225,56,214,108,28,18,175,50,194,188,174,111,3,196,69,78,19,187,113,246,245,227,98,141,106,29,62,219,185,60,10,41,42,25,15,125,97,112,216,209,100,158,230,69,238,133,199,184,43,12,132,220,146,223,34,6,87,58,35,236,188,245,202,78,76,123,121,180,148,27,200,68,20,235,15,26,52,44,73,226,155,186,175,84,205,91,188,250,112,51,27,119,188,92,65,163,87,42,185,221,184,252,163,80,210,193,144,199,208,48,99,92,68,147,21,91,149,245,102,40,164,0,234,23,248,239,122,170,203,253,148,74,199,129,220,51,209,161,143,201,144,12,139,237,143,71,223,145,247,74,150,35,13,168,242,70,230,212,157,179,128,185,106,116,216,115,26,133,133,11,164,163,41,77,166,209,83,198,164,130,11,239,197,247,30,38,5,124,91,11,234,216,229,73,154,183,177,8,21,26,251,202,120,253,204,242,204,232,148,133,167,217,167,48,31,141,70,243,53,78,239,223,140,137,117,223,118,61,233,78,178,170,99,56,177,155,70,11,147,191,129,229,244,134,168,150,183,237,126,140,176,201,20,6,28,254,125,146,18,237,191,233,21,148,152,100,143,77,154,108,239,161,22,31,209,189,92,35,148,238,225,140,145,29,35,55,116,19,211,124,240,160,214,28,27,99,173,89,239,69,156,197,91,109,151,122,160,81,107,232,154,99,203,178,91,130,182,80,182,26,84,62,0,146,123,65,80,139,169,133,82,98,61,182,27,29,147,201,156,74,230,147,233,131,54,13,214,54,213,245,112,200,236,207,119,202,77,97,78,46,107,110,161,173,29,191,173,157,212,135,61,172,234,213,235,46,112,202,198,46,24,233,202,153,210,250,104,78,47,46,246,169,127,20,106,116,162,175,121,164,240,136,131,1,53,192,100,98,247,209,131,96,120,20,255,102,5,15,181,238,147,87,181,36,3,1,34,102,102,174,154,129,124,64,242,180,250,247,181,19,96,193,94,183,130,106,138,232,40,3,52,238,254,177,64,220,250,82,154,144,19,29,18,199,177,69,170,4,217,98,143,251,167,249,231,186,239,217,222,110,149,39,79,218,58,109,151,234,60,119,56,7,219,98,10,21,57,204,201,155,40,163,233,217,86,47,225,86,47,224,69,221,46,36,26,243,57,202,11,240,185,227,6,27,95,12,120,112,185,65,40,144,212,213,215,193,162,33,43,137,12,22,184,82,80,157,192,210,60,132,142,72,192,11,222,202,255,112,227,195,161,16,112,221,240,245,156,234,143,175,245,150,72,85,88,34,182,142,84,132,97,155,19,243,67,212,43,110,172,145,60,164,132,75,67,232,211,13,144,32,78,148,85,158,34,37,213,81,95,87,122,138,175,188,130,115,173,97,214,216,15,96,43,91,15,8,204,67,246,225,21,50,239,33,79,132,158,42,6,11,175,71,135,251,83,207,215,67,31,147,178,227,154,114,224,218,5,185,41,90,7,120,252,39,78,174,116,248,165,240,104,7,29,195,49,169,146,231,22,87,186,11,49,124,232,249,230,96,169,253,76,89,177,109,24,98,60,77,56,143,248,195,175,227,236,96,28,105,155,115,130,214,152,245,243,3,177,74,69,90,213,28,6,137,53,222,198,185,116,3,113,129,187,112,229,213,54,242,233,27,134,53,70,5,160,163,246,173,76,43,185,170,205,129,81,17,216,239,68,205,126,90,112,232,145,184,56,204,132,92,165,164,54,83,139,90,222,56,80,214,78,107,52,72,49,227,126,149,226,218,115,215,213,7,246,163,42,140,100,231,86,240,157,208,31,85,210,236,203,164,4,100,233,71,178,61,240,28,173,43,173,253,130,30,213,220,137,208,116,22,135,70,166,11,8,171,42,2,231,112,52,49,228,20,177,113,108,86,22,158,112,58,152,82,8,7,140,21,232,199,177,206,111,142,17,113,220,147,85,68,142,7,241,214,171,146,165,213,54,208,239,250,59,89,245,171,228,14,84,67,194,132,247,68,112,225,130,185,7,128,153,248,51,224,240,173,116,162,152,212,160,222,63,67,7,159,146,160,27,250,171,10,9,152,170,205,194,150,219,89,110,178,33,29,67,34,209,188,150,63,73,3,172,143,173,152,72,156,243,189,140,219,24,58,104,241,182,108,80,239,175,212,30,242,204,125,165,179,60,33,115,58,4,15,116,85,208,125,160,46,0,224,17,38,192,162,182,167,26,74,47,56,134,58,24,202,67,129,117,230,206,79,220,187,158,20,112,82,83,244,31,81,160,242,24,146,150,252,192,141,34,214,50,108,21,163,49,189,13,96,140,94,104,188,113,76,252,214,50,95,0,110,186,38,241,175,4,41,85,77,94,193,250,117,61,1,227,245,110,248,27,91,94,168,26,232,141,48,152,71,238,84,171,45,241,14,253,235,43,6,218,47,193,185,10,226,102,88,243,207,185,73,248,123,69,213,238,69,202,133,175,157,173,180,42,161,161,53,38,29,17,154,198,225,109,131,204,154,232,7,91,181,160,8,106,58,28,75,15,241,222,192,176,210,125,230,50,170,80,165,146,130,74,229,174,215,16,71,1,123,34,207,238,40,129,7,95,202,194,153,162,48,243,212,124,254,23,9,131,127,14,192,89,144,29,230,200,243,113,131,150,131,245,182,238,158,211,49,234,194,236,244,48,205,44,9,127,23,230,163,151,161,22,122,27,27,217,221,212,91,234,133,123,35,17,138,192,110,116,112,238,159,21,104,137,154,92,230,207,253,249,237,23,20,128,25,26,54,218,79,251,31,196,87,209,38,146,123,236,95,116,127,109,68,118,51,60,151,218,248,100,212,217,75,220,217,189,10,171,57,56,11,160,160,13,137,169,91,50,84,178,141,139,6,73,155,8,21,42,28,48,171,59,247,184,43,210,195,114,157,109,130,151,239,65,179,54,50,158,55,176,230,185,53,178,174,82,17,150,232,222,144,193,79,22,232,154,155,165,173,31,140,78,240,183,121,116,102,231,19,158,54,219,140,9,128,82,164,202,151,23,118,69,104,248,114,213,2,175,34,193,77,75,181,1,81,63,88,213,87,246,125,65,14,9,50,55,250,223,49,220,58,200,251,5,239,72,175,76,67,218,156,124,251,131,186,13,171,199,67,109,63,187,104,47,47,219,95,70,166,98,83,175,185,166,56,19,212,77,225,201,151,244,220,200,100,15,134,175,83,229,105,19,181,73,218,78,171,99,224,240,111,93,90,77,63,128,248,250,87,145,232,206,90,196,54,183,123,61,48,29,58,159,22,255,42,163,50,154,9,43,20,13,196,3,162,28,250,144,58,17,72,58,27,146,208,19,99,31,54,133,163,22,118,152,118,59,243,44,75,95,150,219,3,37,103,186,143,18,107,255,182,50,63,238,178,177,243,133,215,76,16,45,16,97,181,35,218,113,106,68,49,169,108,239,84,34,230,162,213,139,222,115,184,190,58,72,178,149,145,220,218,60,127,244,72,169,185,218,236,89,159,212,125,53,171,130,11,181,141,102,135,140,217,22,8,52,144,182,4,206,186,72,31,183,255,147,165,113,28,110,240,110,231,45,11,176,96,28,158,155,18,133,27,41,88,1,254,46,169,174,185,217,105,30,73,182,149,143,149,52,104,104,58,73,218,115,234,135,30,121,83,241,64,52,200,63,157,100,60,176,165,201,160,74,200,232,188,251,129,29,229,68,172,242,144,67,208,76,137,117,94,80,140,182,246,58,29,135,197,96,63,160,41,207,142,18,62,186,32,40,22,218,34,223,125,134,56,170,119,208,52,160,232,102,87,42,243,65,60,188,91,32,251,23,67,25,250,171,72,177,107,199,130,165,86,164,169,169,138,63,153,62,193,236,92,250,55,122,50,40,108,243,46,255,136,226,27,35,62,52,199,64,31,6,73,163,245,16,176,53,102,218,143,199,203,7,72,11,164,199,12,214,226,9,62,209,206,208,125,149,52,55,178,254,145,141,124,196,34,97,115,178,111,51,111,177,255,141,248,51,160,139,227,163,92,218,19,28,170,42,171,179,43,103,116,243,14,82,81,24,140,70,187,113,42,45,21,178,128,88,52,31,68,115,27,55,21,203,254,75,89,143,75,49,179,103,197,109,229,151,156,177,206,209,27,124,41,107,207,132,102,161,143,131,58,159,55,220,225,64,250,219,110,3,65,111,227,143,22,29,24,93,220,113,202,25,72,183,219,115,42,235,3,41,179,94,54,70,59,254,207,86,199,239,35,175,81,253,220,233,124,230,142,120,104,167,228,25,229,212,251,228,86,79,31,151,17,37,197,250,231,238,83,218,103,115,44,58,200,90,231,241,105,29,149,68,59,116,183,134,80,172,52,158,158,91,180,140,58,136,19,32,9,251,142,38,18,179,113,31,18,87,138,167,89,52,44,199,82,203,198,82,175,149,80,105,97,45,107,240,17,43,194,20,131,241,88,245,50,75,150,123,165,48,243,22,119,108,138,211,110,173,188,83,135,147,132,254,11,183,242,38,121,42,225,5,148,82,25,109,232,132,165,124,21,39,18,136,47,189,199,229,197,239,189,201,135,139,211,15,120,209,234,97,24,44,92,53,230,97,12,187,197,76,206,228,228,186,122,149,125,16,153,110,129,203,252,208,150,230,163,212,86,4,96,106,174,19,33,135,211,1,135,209,80,202,113,32,170,162,59,248,218,129,191,191,83,202,17,183,106,141,249,194,69,69,106,126,62,138,189,76,177,138,42,87,173,113,48,251,214,228,221,99,23,69,200,20,132,43,133,193,199,251,35,19,35,217,160,254,128,201,173,92,245,109,52,70,135,140,98,220,212,37,32,94,124,46,191,35,188,133,198,103,17,51,244,185,94,64,178,7,176,165,11,245,151,100,205,2,216,37,120,155,118,126,93,141,147,67,196,197,144,238,226,89,174,121,77,138,236,61,221,164,206,121,83,124,86,14,14,134,13,223,219,51,243,100,7,236,130,120,160,190,209,147,229,52,113,152,1,196,9,152,254,100,48,187,104,88,105,231,122,103,229,43,49,123,228,224,105,58,241,156,68,60,8,228,230,184,217,11,40,76,8,168,186,20,168,26,99,85,82,233,114,14,1,116,153,85,62,225,55,30,66,127,241,150,47,55,231,109,218,119,186,85,180,209,218,171,114,192,221,95,47,19,240,134,242,49,18,83,166,140,77,90,204,210,142,23,144,87,131,13,150,97,52,167,14,178,129,73,120,100,165,78,235,130,198,42,63,15,242,120,172,128,231,175,244,25,44,130,117,68,13,16,21,11,176,181,6,179,218,32,71,59,240,40,165,68,26,165,213,103,164,193,65,236,230,134,102,206,73,15,212,42,89,18,44,50,54,72,53,152,250,134,254,23,201,154,150,49,92,2,11,29,100,93,239,193,182,17,175,65,88,182,240,116,126,118,114,32,143,17,205,15,101,183,37,213,139,158,77,15,87,184,113,10,210,174,196,174,149,67,146,191,133,105,114,46,134,180,232,89,212,125,27,226,41,4,255,167,46,220,220,225,29,119,59,19,0,167,5,182,61,112,65,174,98,211,159,164,153,98,75,168,190,60,150,250,48,93,85,181,26,239,235,59,57,113,5,163,73,47,193,4,59,53,15,105,125,152,183,248,10,162,213,208,102,250,242,221,10,210,211,226,57,72,156,179,88,116,244,51,95,198,189,120,105,37,0,154,58,27,123,100,173,96,236,69,105,78,89,7,156,159,250,178,146,76,195,147,62,41,5,129,218,9,164,12,251,40,232,27,2,71,239,50,190,222,74,171,210,253,14,229,239,114,43,192,234,47,152,165,67,107,18,221,139,61,27,74,194,250,109,228,56,189,13,227,150,203,47,217,141,239,170,199,104,170,28,158,244,17,230,129,188,6,187,152,128,233,243,36,12,182,1,140,102,130,171,158,58,197,35,125,43,117,216,120,233,109,242,44,242,2,191,20,125,100,81,198,27,166,156,16,57,123,89,106,252,171,43,108,168,252,167,194,234,39,61,122,146,242,213,156,135,188,234,150,66,243,65,255,30,47,152,153,250,96,220,129,225,7,193,204,52,216,242,94,53,97,220,147,8,171,179,111,57,45,177,79,41,211,139,80,10,208,29,125,128,104,66,98,209,152,159,35,225,212,22,107,195,73,182,238,117,217,99,72,59,82,105,228,99,16,61,55,213,86,236,7,225,56,252,63,129,66,85,3,236,141,186,102,19,15,215,9,222,198,175,108,113,95,223,225,187,184,123,19,105,250,252,157,226,160,232,127,44,7,51,121,162,90,51,249,81,216,105,75,63,132,254,24,233,132,209,222,71,23,80,158,146,221,87,74,211,34,80,18,139,254,41,170,92,179,108,116,228,99,220,70,32,64,183,248,56,153,230,25,254,174,53,209,80,79,92,144,243,38,42,19,69,0,179,137,116,133,151,181,103,187,88,221,192,49,119,60,247,164,183,60,98,249,147,178,42,226,140,185,139,56,132,52,81,76,17,157,9,26,197,3,166,235,176,231,56,171,41,82,38,105,254,36,137,209,90,227,255,135,162,192,62,78,70,156,58,6,97,138,39,35,106,23,184,241,117,100,79,176,115,47,222,144,103,155,65,57,15,4,163,152,150,174,247,168,20,117,235,177,152,56,190,59,28,161,183,239,7,28,204,198,168,104,65,216,21,151,222,184,254,93,207,15,192,10,138,244,193,239,175,226,243,122,209,114,18,131,116,38,181,93,30,130,125,82,219,17,246,183,189,105,133,88,196,151,80,250,192,227,149,87,224,5,14,239,152,116,106,60,101,234,70,42,105,74,108,249,74,0,246,83,91,234,97,188,21,128,254,139,27,47,78,219,16,131,3,225,150,184,65,124,190,120,169,164,211,199,193,27,253,241,162,201,254,226,19,240,175,61,158,69,209,208,83,177,93,16,153,29,7,230,212,158,230,213,208,151,126,181,191,200,98,154,214,27,95,116,203,97,254,236,39,5,49,139,106,236,20,23,99,69,182,221,148,155,249,39,225,68,32,28,167,195,22,76,241,60,244,249,156,230,17,94,255,179,45,8,235,54,220,238,199,19,117,87,40,73,183,171,87,90,191,128,55,200,76,204,125,44,85,107,56,74,206,4,150,136,131,200,81,173,189,227,5,20,231,197,54,103,123,176,112,32,159,184,33,211,43,103,207,71,246,183,150,24,230,34,75,23,81,11,249,208,115,39,236,6,14,245,241,224,185,32,209,122,14,145,174,138,188,255,1,180,80,186,131,129,208,75,53,68,206,239,19,4,162,100,35,88,75,99,254,146,71,69,238,130,54,132,125,70,36,215,222,87,146,196,113,108,80,28,47,150,216,185,215,189,237,230,28,58,153,36,213,30,129,96,164,27,130,61,89,137,170,149,84,224,165,217,171,183,48,184,168,152,110,94,0,189,82,152,226,126,235,78,68,45,162,213,12,227,223,108,13,206,127,26,231,41,79,162,221,27,112,101,143,202,70,223,93,26,194,6,227,75,246,198,147,17,173,233,194,204,124,130,51,17,205,59,102,8,221,46,249,65,163,160,75,75,210,44,18,171,206,20,150,131,235,152,227,237,214,68,183,171,121,255,246,75,12,68,109,196,28,167,67,36,71,61,105,159,188,190,187,180,157,221,111,48,103,228,238,15,247,233,25,33,50,152,239,84,83,112,22,79,145,191,222,167,7,87,194,118,245,255,246,223,104,176,197,194,181,87,89,27,170,215,193,110,81,211,221,0,248,88,139,232,59,73,250,96,97,13,97,39,237,59,241,53,18,57,91,18,252,84,94,132,192,117,247,228,122,52,31,218,113,82,99,240,62,25,57,92,124,125,116,237,195,218,128,254,231,172,29,57,16,130,88,152,88,144,190,29,73,22,234,64,82,44,139,177,97,16,163,65,14,146,8,239,228,69,31,30,86,13,65,70,219,244,26,88,81,135,77,36,205,32,48,154,208,24,136,44,153,200,46,193,187,219,113,180,120,12,47,117,108,102,235,20,153,204,241,54,14,187,209,69,233,217,119,9,8,234,197,225,146,162,233,122,165,146,240,58,61,253,216,72,151,192,219,93,90,78,151,1,210,108,245,154,140,43,152,255,58,29,134,114,190,158,179,43,151,214,155,59,172,13,23,221,74,192,58,67,219,139,206,109,71,68,244,142,42,156,209,158,177,116,25,18,169,109,192,79,69,230,100,188,201,188,229,92,30,167,104,204,204,128,134,188,137,65,236,66,161,78,208,142,27,19,158,187,66,17,53,72,8,113,101,218,196,97,241,35,49,182,88,237,62,35,165,251,70,29,157,225,202,83,193,30,96,220,234,3,255,210,229,250,162,238,95,98,31,249,3,25,30,101,95,193,222,215,90,55,28,237,145,47,255,82,119,21,79,89,116,77,208,20,61,249,156,114,181,14,17,107,223,0,26,165,158,19,52,86,242,145,148,88,79,114,101,244,235,248,48,128,64,49,114,125,244,221,124,65,235,202,226,131,96,143,186,130,56,54,83,73,175,56,52,222,212,201,135,243,252,43,66,130,111,10,188,234,42,159,26,77,188,91,76,149,201,79,7,172,133,157,246,88,204,125,11,148,192,155,145,77,113,205,219,46,161,235,135,207,209,174,142,108,215,88,220,238,207,207,33,89,140,33,150,46,146,157,174,248,56,34,173,69,168,92,5,11,174,139,175,233,13,126,210,199,3,175,119,53,245,184,24,166,150,170,182,207,31,36,48,225,191,192,30,40,3,77,17,131,4,139,111,234,44,166,211,229,163,0,229,1,158,172,232,125,139,34,187,203,198,80,197,79,68,29,242,189,250,23,98,185,130,8,167,6,76,74,85,178,93,74,127,24,124,228,119,39,162,93,106,82,151,97,4,22,149,168,206,143,155,200,232,102,29,230,134,127,148,12,84,211,227,112,63,141,183,120,29,182,213,234,184,253,237,114,161,186,235,42,2,39,166,131,52,153,4,244,216,83,217,161,10,179,175,24,156,182,106,186,35,178,57,77,228,5,139,135,17,15,7,62,177,238,164,104,198,24,183,176,110,67,68,235,240,248,52,28,179,68,193,57,68,173,130,208,115,46,4,72,208,237,238,137,249,53,250,34,52,132,245,196,165,49,73,47,216,102,111,8,63,56,125,188,78,196,48,81,154,7,63,92,65,58,251,8,58,253,89,119,171,112,231,141,212,132,172,165,120,122,16,202,60,118,239,193,18,23,202,92,27,183,83,181,86,19,154,230,213,174,165,220,109,56,107,157,85,53,94,118,69,43,87,91,124,145,61,78,174,72,82,195,132,241,216,143,145,7,0,155,206,132,41,26,4,205,93,238,126,122,4,25,74,237,96,248,195,249,66,69,102,94,210,12,192,217,217,10,149,146,134,45,172,229,97,165,197,198,147,84,61,6,33,219,114,225,105,177,56,53,2,33,128,58,143,40,143,14,88,137,60,135,116,192,34,31,134,174,125,142,163,97,61,43,62,174,228,78,113,186,98,10,240,168,72,234,211,102,40,132,234,196,178,230,134,227,86,10,191,5,210,247,51,176,188,109,85,40,120,239,115,142,153,181,173,84,157,76,39,176,20,88,233,61,119,213,111,33,132,181,189,244,208,149,19,148,54,109,34,26,121,40,113,38,138,231,83,62,203,244,130,16,127,122,220,225,94,204,101,143,242,26,72,133,250,166,112,50,58,225,206,111,209,246,185,160,178,77,128,85,129,80,220,212,64,144,191,8,75,120,242,20,249,121,199,127,55,251,247,184,104,113,28,78,244,255,107,44,145,106,5,79,211,215,49,227,174,229,17,185,14,166,211,58,185,112,247,191,42,188,105,67,224,50,180,185,212,200,51,111,131,7,148,236,177,156,131,145,54,22,157,153,14,131,167,187,110,19,177,162,100,79,249,228,205,242,204,160,0,115,81,170,214,213,154,220,33,57,113,137,112,95,205,129,60,108,185,27,165,194,33,192,173,250,11,141,214,254,124,193,129,187,156,112,125,26,194,114,95,112,110,229,34,183,108,88,22,150,61,144,215,204,152,41,109,150,120,239,2,38,140,115,217,81,215,33,148,198,38,29,137,58,203,196,43,10,243,15,26,40,245,67,196,234,107,41,92,56,118,86,225,190,163,54,172,213,192,193,36,155,219,41,81,76,181,204,158,95,231,75,46,167,14,241,19,0,228,225,199,223,185,172,37,31,147,86,3,213,55,235,67,217,2,171,201,160,110,170,192,195,70,243,20,41,131,42,42,20,10,251,242,124,229,120,231,170,152,98,67,6,125,252,201,109,10,86,112,196,3,152,217,5,204,1,230,223,12,100,161,155,155,132,213,220,200,50,4,145,8,210,95,243,237,220,110,240,31,18,31,101,113,147,206,42,179,242,134,9,159,182,226,231,188,62,195,7,49,11,191,43,2,146,227,201,82,89,132,145,134,10,110,117,136,60,0,236,203,108,6,31,124,250,27,233,60,113,1,227,52,68,114,185,161,111,46,201,255,133,145,166,3,245,64,97,199,95,105,233,218,183,174,134,59,172,206,241,181,180,53,12,221,233,98,204,139,117,159,119,69,13,141,205,36,169,42,188,106,141,119,9,80,239,190,237,12,64,92,147,172,2,139,153,98,124,7,120,75,254,232,254,147,179,159,64,178,198,46,198,221,117,63,134,146,214,30,137,183,199,52,130,141,167,213,165,59,205,51,124,17,149,139,109,247,203,183,97,152,158,140,122,12,154,211,20,124,165,80,173,64,120,236,198,113,131,138,151,197,133,18,245,229,56,13,122,51,0,23,216,36,69,22,173,4,111,77,182,153,55,182,120,65,162,105,202,212,253,242,122,165,18,85,115,229,170,16,175,203,79,43,123,160,123,158,35,23,109,38,156,241,84,136,83,253,132,130,50,9,111,156,187,195,74,185,190,124,152,110,120,182,17,164,237,18,200,179,211,8,207,109,211,162,200,241,114,247,75,125,14,143,206,23,111,4,0,158,143,214,77,216,35,205,155,114,186,199,245,138,161,95,172,21,14,173,235,235,50,15,3,136,188,200,182,77,140,101,83,211,28,1,10,241,146,41,40,253,251,249,111,28,142,192,192,239,89,226,48,208,58,39,75,6,69,253,72,93,160,247,71,42,184,221,20,207,125,33,45,174,236,205,113,255,92,31,143,135,224,140,159,211,230,238,19,91,211,31,162,248,83,69,2,187,30,238,237,153,144,177,213,39,79,222,89,205,47,205,136,28,165,251,64,154,23,108,96,107,164,135,216,234,244,234,231,241,179,124,241,155,60,222,120,61,184,195,102,105,51,15,28,110,186,24,246,69,80,87,35,192,20,110,211,90,99,184,135,254,27,49,82,129,56,167,130,2,142,112,226,109,39,243,115,144,224,236,196,194,15,233,54,112,85,149,126,167,145,133,142,205,232,39,174,111,102,181,12,251,147,108,210,58,109,159,110,55,5,3,161,42,223,201,96,132,191,55,219,116,97,86,96,82,134,141,249,217,76,217,127,126,220,217,95,27,136,129,42,236,156,46,236,138,43,200,202,25,209,140,248,220,139,57,236,69,212,252,46,111,137,151,18,87,154,178,175,170,20,120,24,71,215,225,161,171,161,8,59,217,188,116,44,12,77,24,18,64,73,49,91,252,38,50,231,197,118,56,26,47,213,179,171,67,70,204,87,251,92,21,130,33,217,17,18,182,147,146,115,150,195,155,139,39,210,148,127,108,200,172,107,49,149,225,141,190,28,129,95,34,39,97,9,80,115,251,195,159,124,203,44,60,32,91,238,28,255,237,99,101,127,45,118,139,171,104,134,190,170,196,77,6,34,95,193,77,50,60,149,255,71,239,129,235,21,47,80,252,40,106,83,211,14,158,243,209,191,162,165,208,240,39,64,167,115,241,159,251,150,124,164,234,134,127,168,45,3,52,144,220,81,157,114,186,240,244,23,23,19,175,39,166,156,130,235,156,171,31,131,90,205,140,206,88,203,171,22,225,118,105,85,246,143,208,30,164,202,35,136,48,39,234,51,2,228,40,71,40,116,133,249,0,132,219,107,93,147,161,47,63,56,196,230,27,208,244,123,175,168,63,182,66,81,103,62,134,142,159,84,150,82,244,224,7,203,237,221,135,204,86,224,135,125,153,194,2,94,179,66,247,77,67,186,41,73,183,139,176,21,150,70,17,189,10,51,58,35,114,94,118,102,195,157,43,66,2,220,232,205,9,80,95,187,32,62,26,78,184,61,38,117,130,193,183,242,81,139,81,213,106,215,99,63,17,249,97,164,50,58,96,15,190,20,53,10,250,159,20,49,211,73,151,239,64,4,70,238,175,247,163,217,215,19,26,166,243,204,90,188,152,211,87,168,71,52,25,223,242,110,232,66,202,77,224,182,240,126,109,99,4,178,210,1,66,244,117,159,9,147,139,107,190,7,96,169,239,96,64,134,70,43,63,29,234,3,171,115,171,37,230,31,187,25,215,234,73,147,79,62,9,232,119,127,56,115,8,86,223,80,221,7,66,39,197,95,170,131,103,157,130,120,149,86,133,45,251,236,193,173,197,160,186,122,236,153,107,140,198,151,36,165,18,236,195,171,50,94,224,213,239,155,171,23,219,29,53,50,156,165,19,239,153,164,120,186,208,8,84,121,88,30,35,11,1,140,53,171,76,164,228,174,15,168,101,32,159,141,40,58,161,4,246,109,17,217,50,189,101,2,41,255,115,91,55,181,15,235,192,24,75,141,197,9,37,13,58,85,44,146,136,7,198,10,248,225,125,19,186,247,164,58,125,203,79,72,235,116,62,65,245,69,18,249,184,122,144,195,147,244,13,225,222,13,83,173,236,53,171,232,120,245,12,53,94,217,110,36,107,240,12,83,156,190,36,19,167,192,30,61,34,105,155,124,160,217,121,254,12,248,254,78,36,254,165,35,233,104,207,149,48,43,29,109,104,235,26,2,90,67,37,52,96,38,202,238,144,53,78,20,202,2,183,87,255,39,63,25,84,98,234,103,45,181,188,242,92,136,137,9,130,37,116,6,92,165,114,200,49,43,103,86,174,197,16,37,14,159,240,207,197,14,96,159,179,175,81,207,184,236,238,109,215,69,10,155,59,99,106,40,166,103,165,181,112,122,244,195,78,222,49,105,100,60,167,23,105,203,24,182,78,243,173,203,146,91,91,133,212,237,235,152,44,71,143,185,93,57,228,241,119,98,38,144,6,243,108,155,29,199,217,27,59,12,22,28,193,144,72,122,254,204,158,93,248,94,204,176,17,244,60,203,103,44,210,13,64,69,64,189,60,228,44,191,191,47,43,43,36,144,36,110,139,82,67,65,54,36,218,140,144,17,139,59,173,46,100,246,242,158,77,8,156,41,5,228,87,239,42,165,94,148,125,38,30,244,82,120,96,63,176,158,136,77,168,33,138,134,126,23,138,134,15,77,231,168,70,250,89,190,92,159,137,163,223,17,44,65,208,159,73,250,60,214,176,7,184,245,76,68,204,32,93,15,50,117,77,29,173,26,81,83,198,82,116,202,93,244,215,216,48,38,246,254,91,167,65,183,219,76,34,58,221,69,206,7,161,175,150,255,101,239,2,59,117,157,34,180,234,250,230,137,241,245,53,100,90,164,88,191,32,47,231,83,199,188,224,179,57,44,207,135,129,63,143,17,180,237,98,131,225,214,68,244,38,244,139,36,109,25,254,164,5,156,47,30,51,50,130,213,182,83,238,90,115,54,9,156,31,174,50,251,19,108,102,228,211,67,111,23,89,233,100,150,1,12,181,185,138,195,10,217,3,248,64,134,23,231,116,177,153,37,102,18,254,122,192,235,7,23,131,196,223,83,127,82,46,237,202,245,138,38,69,25,130,11,58,201,50,64,196,65,53,20,236,168,16,99,16,245,177,23,105,146,223,36,191,80,131,17,241,49,110,45,162,185,57,139,112,4,7,123,248,238,50,182,69,40,188,91,137,49,190,250,142,201,21,126,232,76,96,0,7,18,41,11,9,163,118,241,172,134,24,206,149,157,182,193,146,41,91,185,165,244,229,95,126,249,182,85,106,243,116,83,1,223,74,8,164,106,128,131,184,237,240,204,240,197,70,40,167,160,105,23,177,150,126,217,46,45,177,44,75,51,215,179,106,226,66,43,231,156,249,110,132,212,75,201,192,16,4,252,74,219,26,75,171,151,249,126,19,216,155,72,72,231,126,13,214,214,231,235,191,59,167,69,115,139,193,38,211,173,227,69,71,174,0,139,142,169,234,45,113,87,150,161,178,107,130,163,87,216,8,146,80,31,34,240,156,139,63,185,193,219,109,100,196,1,245,87,110,250,206,181,42,74,85,169,225,120,13,72,9,142,184,111,58,92,233,3,208,36,174,30,25,108,189,25,72,245,41,221,140,252,123,157,109,13,43,0,56,212,161,29,207,138,207,117,29,242,65,35,8,6,39,143,172,110,5,123,79,158,79,214,103,40,5,36,123,120,209,241,176,66,123,80,124,78,10,251,165,100,30,222,43,7,41,144,253,68,30,182,8,46,32,166,200,140,60,219,167,167,254,153,33,133,180,158,208,90,102,124,28,208,27,204,130,175,201,170,133,31,1,82,24,201,99,211,247,104,208,171,9,124,38,82,236,134,90,205,170,255,139,130,183,255,141,50,100,19,178,60,14,82,19,100,179,102,168,163,148,123,172,224,98,131,11,119,126,182,147,163,170,253,180,124,39,253,65,133,203,44,217,71,42,74,163,15,35,6,134,6,65,63,178,121,102,167,112,96,28,72,105,74,120,25,181,126,132,193,196,219,70,170,106,70,129,48,68,124,158,63,212,244,247,66,46,103,160,167,122,126,238,115,130,220,227,51,68,238,58,169,147,153,151,170,11,253,175,42,55,14,209,158,63,155,118,11,48,140,53,207,191,64,181,201,173,23,183,114,157,83,47,187,157,164,119,18,61,2,128,67,43,34,72,74,155,224,125,55,58,181,158,114,40,217,163,132,255,155,223,221,79,82,41,128,142,212,144,22,34,241,105,191,19,35,66,140,185,172,255,23,146,23,86,10,124,64,28,235,120,131,47,146,13,206,210,82,108,170,209,165,14,187,17,223,93,58,50,174,73,0,61,47,28,244,63,116,111,148,171,221,133,145,81,208,51,14,215,218,45,198,148,121,143,100,157,8,129,143,168,47,58,245,192,114,76,248,176,182,151,0,88,119,88,170,112,156,100,241,90,119,76,80,222,4,72,0,201,71,108,112,222,36,66,181,173,193,121,117,230,24,232,47,126,134,99,19,30,237,50,249,248,140,175,106,12,217,159,113,132,91,194,36,156,174,189,126,240,77,138,161,222,27,240,35,127,249,237,97,27,103,130,178,60,105,218,211,205,58,1,221,93,66,167,122,171,112,151,167,159,100,157,158,67,1,131,40,152,182,104,45,222,30,199,25,150,101,2,75,114,134,24,209,37,35,175,203,95,233,22,127,187,79,248,118,36,59,206,54,76,73,213,187,199,19,99,90,108,50,49,219,115,114,160,77,194,142,71,24,111,240,194,160,0,123,251,73,75,66,225,210,135,233,230,44,147,62,23,36,97,242,254,6,6,126,98,54,62,128,211,117,140,69,182,48,62,148,199,105,237,24,42,97,188,122,174,9,197,216,175,217,195,218,84,46,1,124,110,33,189,32,22,95,99,92,250,182,180,168,190,140,11,39,152,68,13,31,90,137,11,45,149,34,135,109,125,156,104,119,193,120,1,132,222,56,157,28,154,228,5,141,114,139,243,222,108,116,151,165,224,15,172,111,141,198,116,117,15,153,165,195,84,119,1,223,87,2,35,79,181,114,238,130,125,255,240,178,192,93,159,94,168,88,239,104,161,200,153,9,82,83,214,23,238,159,104,167,220,55,101,54,109,200,135,190,238,24,210,121,60,136,186,74,237,106,69,176,137,207,176,27,241,24,73,162,227,56,96,248,169,133,90,71,100,180,219,19,190,28,56,212,90,145,246,17,74,174,60,162,121,189,116,47,212,154,144,214,99,103,190,86,170,255,45,18,18,191,125,207,187,126,12,1,39,158,206,149,170,225,114,205,161,59,97,149,106,141,209,157,220,184,154,49,242,201,214,178,145,17,136,22,109,221,209,16,99,253,55,103,199,37,228,254,230,247,125,98,254,175,145,236,23,225,199,27,136,223,186,226,177,246,184,151,138,219,50,125,35,252,214,180,130,127,97,65,239,117,18,178,16,9,146,29,247,134,241,241,91,11,224,137,137,196,233,31,168,55,212,178,59,167,98,42,34,216,170,160,33,51,189,60,97,47,226,69,193,41,217,172,177,12,50,234,77,151,235,76,51,59,95,150,116,55,55,159,183,180,97,165,81,124,219,210,53,4,207,91,189,126,115,124,91,194,166,28,26,253,175,134,251,105,53,129,252,203,2,11,236,77,248,92,89,136,95,243,5,222,33,202,175,28,104,125,227,27,186,20,154,2,113,184,102,128,254,223,159,70,251,109,43,131,238,38,113,138,63,231,255,170,210,47,53,151,122,111,20,197,170,116,200,185,65,68,227,197,236,199,173,161,225,77,92,181,49,184,88,38,135,131,40,47,181,170,192,29,53,194,25,14,84,113,143,231,227,207,3,55,20,112,190,195,95,11,79,156,202,237,178,193,229,250,185,134,163,100,213,41,68,11,177,243,131,53,188,185,186,232,100,109,41,204,1,24,181,39,102,111,83,192,162,225,31,46,90,46,85,105,180,43,229,26,232,191,170,122,58,189,185,138,229,49,167,84,52,238,157,116,13,244,151,128,154,151,12,27,114,31,163,98,177,208,23,227,94,81,70,71,1,125,86,210,190,242,52,228,154,22,130,208,96,52,70,245,151,65,171,58,241,40,206,85,148,204,60,42,166,60,218,55,243,18,163,149,253,57,159,43,195,20,194,121,99,179,12,230,49,104,136,250,216,146,43,151,179,174,98,164,92,183,30,11,249,85,51,33,179,90,120,193,123,41,143,135,182,145,150,28,4,254,80,248,195,175,232,171,171,4,23,112,92,104,80,163,220,151,176,72,98,183,98,234,22,53,8,21,88,61,76,216,53,9,88,178,27,182,27,185,237,49,16,156,15,56,61,172,9,223,185,54,45,99,126,215,174,128,36,169,229,202,128,136,159,149,123,169,24,87,24,127,240,52,55,144,254,218,205,78,137,32,209,108,48,109,193,142,235,37,162,24,25,250,135,233,48,124,211,28,201,96,3,22,174,174,217,52,241,126,117,26,69,95,125,240,241,230,73,60,119,147,17,25,80,235,91,78,137,201,20,104,240,20,175,11,130,170,100,203,173,111,86,226,191,74,45,46,108,129,127,99,249,201,78,53,70,68,73,32,84,101,155,117,38,0,61,242,143,106,86,96,37,254,221,171,232,151,237,123,76,90,39,71,74,243,106,111,2,137,190,166,177,6,97,45,175,180,209,119,64,58,183,56,87,54,153,129,93,42,7,217,127,128,163,79,3,3,152,203,155,83,47,61,170,16,19,38,49,104,137,87,200,50,220,233,243,226,238,175,222,249,160,27,22,97,23,132,152,210,225,213,165,81,36,214,102,202,180,69,141,254,175,226,106,107,80,24,65,78,135,195,51,186,73,252,216,110,204,7,92,89,145,186,231,97,98,227,72,35,108,237,86,7,179,69,221,72,32,166,151,4,162,205,89,98,144,34,168,208,154,75,66,34,85,198,39,203,32,6,77,121,28,138,119,171,106,148,41,120,103,73,20,66,101,229,146,166,145,9,33,128,230,81,42,152,197,240,188,138,211,119,65,160,193,90,186,72,154,23,195,125,76,96,93,55,32,134,87,83,77,58,236,227,53,75,194,90,223,86,242,177,211,228,226,236,191,164,61,132,60,128,181,102,77,163,7,127,108,133,96,28,169,129,31,91,191,15,55,173,131,113,55,211,34,18,62,2,85,48,241,18,27,55,131,111,60,13,190,187,8,59,65,138,125,114,94,252,12,141,91,182,252,138,32,186,172,61,161,147,115,27,37,55,162,153,40,157,8,71,68,44,59,92,122,9,104,240,73,21,80,105,55,30,86,215,193,128,91,132,177,151,209,1,80,48,6,140,26,55,88,176,215,225,61,36,194,255,41,115,24,80,247,17,184,193,46,232,38,210,158,201,43,47,16,110,79,157,66,88,43,16,137,182,230,16,137,140,161,11,147,65,135,182,195,194,103,233,40,231,195,171,25,166,98,193,130,150,196,233,112,160,0,7,60,39,29,129,150,40,216,59,141,31,210,153,21,223,50,91,11,195,238,10,49,204,51,16,211,68,95,149,144,249,51,245,152,229,130,99,88,180,165,23,7,130,205,158,147,181,233,223,157,108,205,26,109,84,8,226,36,166,175,217,191,208,5,101,104,168,233,149,227,152,187,238,95,18,83,45,102,66,24,68,183,66,128,20,32,149,113,35,161,73,142,90,237,93,200,221,57,59,57,8,48,180,237,31,132,171,94,63,196,124,104,24,206,158,122,152,97,31,195,208,219,113,231,113,132,248,184,211,154,172,133,151,79,219,137,97,221,75,169,82,38,229,173,36,103,22,31,176,63,227,59,159,213,237,149,176,109,209,8,95,123,224,55,236,20,90,146,3,241,88,58,77,147,157,152,127,149,205,105,198,54,198,95,43,61,254,7,39,51,124,105,242,154,234,18,236,152,209,38,190,96,126,47,125,199,209,125,246,160,166,219,158,25,255,30,188,34,243,1,15,83,31,37,55,185,208,6,148,85,230,145,138,24,192,31,25,204,57,51,135,45,205,214,58,173,16,159,207,253,103,175,166,220,138,247,129,112,158,59,172,185,131,162,160,153,6,181,143,130,222,70,100,248,53,1,60,117,142,253,82,151,217,10,71,21,73,241,144,56,214,47,6,96,136,202,76,176,152,45,108,192,3,194,170,54,20,67,169,0,143,95,193,85,139,142,136,51,187,174,91,196,96,215,96,110,128,26,197,32,15,164,193,179,141,114,86,250,31,68,25,189,12,57,39,135,232,156,191,74,174,224,56,219,189,63,242,174,97,98,219,226,216,37,34,31,210,157,53,186,178,187,108,175,75,146,11,104,15,89,234,135,103,212,16,132,30,205,2,252,148,0,105,103,61,40,90,114,218,180,171,157,142,140,226,54,115,203,51,255,93,209,72,42,29,127,113,55,97,51,149,39,150,75,11,81,20,5,239,92,199,134,211,113,59,51,205,200,3,147,35,209,192,231,119,9,158,177,74,93,165,90,238,157,87,254,63,50,147,4,86,215,50,15,239,62,5,25,96,118,160,95,181,65,33,58,137,124,213,93,108,243,30,162,225,9,89,220,165,111,68,83,173,130,65,66,62,14,126,175,232,205,123,0,69,67,218,198,201,131,114,99,163,88,238,103,192,190,46,146,103,5,129,25,75,29,147,109,38,168,135,19,162,95,120,162,158,37,40,151,206,85,40,160,118,240,239,150,177,125,93,46,223,241,200,11,199,13,85,84,245,84,67,206,138,253,170,126,103,162,130,110,199,192,232,210,10,162,201,180,105,147,0,253,111,107,79,34,152,151,172,88,214,50,136,237,104,102,90,16,155,1,131,142,147,181,107,232,255,45,45,67,72,62,93,147,37,73,111,183,144,123,61,127,100,249,161,192,193,210,30,181,218,90,87,154,155,194,241,217,6,23,172,152,170,172,1,36,206,182,28,237,213,7,173,99,44,76,10,182,20,133,39,202,0,196,83,112,97,48,40,241,171,228,221,50,138,54,66,45,169,126,133,149,122,154,128,191,60,123,111,149,227,236,147,99,185,144,201,250,167,105,201,242,229,159,162,62,1,113,205,89,156,130,14,27,222,120,91,255,231,87,44,129,16,210,91,2,144,26,140,67,138,212,107,116,64,84,81,88,95,78,12,223,100,192,128,144,124,75,155,73,207,113,97,188,246,75,66,25,48,136,239,48,102,192,210,61,166,17,108,245,63,153,202,130,235,222,201,61,45,17,152,190,66,84,154,52,158,201,100,162,211,224,141,108,90,213,164,181,88,215,56,38,240,187,141,159,249,220,13,28,155,29,167,242,86,107,4,93,139,159,116,22,85,128,45,109,167,206,174,43,222,122,93,87,111,233,67,107,51,79,115,26,37,22,201,228,67,254,48,99,147,16,31,30,156,215,15,246,163,245,55,45,27,90,17,126,149,216,183,21,81,126,178,71,63,202,24,242,143,55,245,90,152,239,153,109,3,150,230,142,9,75,169,210,226,102,57,78,254,87,173,85,179,196,197,250,202,81,159,107,24,254,152,30,120,88,67,151,191,235,60,181,133,140,234,163,45,64,114,188,238,129,54,50,42,220,105,67,187,123,130,45,32,223,249,216,139,155,236,230,160,191,33,37,172,132,172,88,92,80,69,120,149,95,206,147,163,145,89,239,122,189,118,44,239,210,210,147,251,235,211,229,32,212,20,200,73,251,221,108,248,150,180,227,71,98,30,20,18,22,231,175,98,7,65,63,219,143,26,12,156,140,76,58,126,124,178,218,248,55,99,211,41,8,5,79,47,45,24,141,107,177,17,163,120,177,221,195,21,174,35,113,247,70,74,114,48,89,196,80,70,76,211,77,177,115,6,78,120,192,57,54,131,81,144,139,31,43,160,221,181,177,61,239,185,54,68,251,208,207,185,39,86,132,13,46,192,154,83,76,84,91,104,231,96,164,193,31,32,183,190,186,28,189,251,183,233,240,112,43,90,193,3,215,45,98,119,10,150,125,80,41,213,187,89,143,231,206,104,91,188,41,101,145,26,37,72,204,139,86,106,114,229,200,79,79,117,47,40,16,224,43,94,225,39,176,5,157,28,162,176,55,199,85,158,247,198,142,114,214,45,63,206,73,79,64,209,216,237,41,230,250,178,13,134,72,17,120,64,246,127,181,7,156,74,131,158,181,118,147,122,215,109,9,13,134,14,179,136,242,219,106,125,109,200,106,129,101,80,163,171,142,139,3,227,11,45,118,147,201,207,133,116,67,233,51,142,155,143,125,199,101,53,117,212,216,31,236,116,96,247,51,121,211,239,40,46,237,106,53,137,40,78,80,73,160,218,31,122,3,11,185,171,112,67,190,19,113,39,239,186,218,218,166,53,152,29,76,212,223,107,115,239,60,176,33,29,54,164,25,146,116,206,63,238,100,127,32,114,249,187,236,151,88,149,23,169,131,121,175,198,2,65,186,173,177,144,57,245,128,78,3,172,133,167,125,220,8,24,251,37,67,22,122,31,152,229,18,157,39,6,104,8,87,50,255,120,22,59,216,86,125,182,130,25,181,56,13,134,116,200,121,227,177,134,173,246,211,14,17,56,119,173,222,65,167,31,187,159,197,29,8,47,76,212,16,185,220,80,89,28,108,119,104,151,19,239,147,178,97,212,237,139,242,176,102,0,56,128,196,193,194,39,218,230,12,161,16,31,59,101,22,134,153,42,74,251,72,40,99,149,9,56,28,67,218,254,19,190,4,247,133,95,87,173,170,254,34,61,38,183,79,13,166,16,221,177,58,196,171,224,45,182,35,10,25,44,227,61,37,99,164,182,231,143,126,144,65,131,99,162,252,71,115,19,209,66,224,72,42,112,108,234,12,44,36,14,3,57,227,210,13,187,158,157,61,209,168,233,158,149,85,62,12,121,213,212,202,56,234,120,101,172,57,110,127,37,155,27,95,188,14,172,255,142,82,216,230,135,232,183,92,74,156,57,67,43,253,233,54,149,213,104,57,11,21,52,198,36,69,48,147,140,206,211,199,48,152,35,237,143,217,182,231,40,21,98,66,219,212,252,72,209,122,160,204,236,89,207,129,178,45,215,244,234,41,38,248,183,183,140,253,8,242,161,107,186,210,195,87,103,85,101,76,113,5,73,3,215,113,61,157,23,113,245,125,48,249,176,168,89,196,28,24,210,16,33,218,220,193,173,38,112,14,248,127,71,235,40,185,189,7,20,84,45,98,205,24,35,168,87,117,212,104,111,194,135,154,51,188,138,43,249,33,112,46,201,126,215,200,221,148,208,192,13,20,198,175,85,151,119,85,23,107,135,250,235,208,92,148,125,82,169,48,175,255,139,78,174,214,25,129,49,246,225,153,45,244,204,207,126,250,122,46,171,128,117,151,24,185,9,111,9,74,211,183,5,116,158,176,18,115,85,6,172,144,236,117,33,226,241,112,210,238,6,250,100,5,87,101,215,62,179,33,93,192,66,247,66,125,58,17,241,18,70,236,118,181,31,129,23,249,27,71,55,14,53,208,10,11,45,46,188,84,104,108,61,161,112,137,127,93,102,9,133,61,108,63,210,5,230,13,247,184,140,49,224,7,32,199,88,199,151,15,223,92,66,242,153,6,15,158,13,216,74,119,16,224,11,93,164,31,218,130,20,142,235,95,42,235,130,69,134,84,195,77,175,132,45,108,86,88,162,41,186,61,50,117,88,156,24,205,231,93,123,98,175,93,255,49,53,110,64,4,7,243,233,32,26,157,20,232,173,145,246,95,216,141,254,44,0,182,86,167,130,102,131,52,3,37,191,45,252,81,240,152,215,203,88,230,16,225,120,178,50,24,204,203,8,85,181,246,149,232,14,225,121,34,141,2,151,189,165,129,149,121,226,213,57,247,167,161,221,62,123,128,109,78,68,188,133,12,208,64,188,76,218,103,225,37,156,232,94,100,168,219,251,183,39,100,171,79,71,234,212,149,243,190,241,177,245,184,160,94,20,80,84,69,67,75,213,223,26,190,191,180,11,67,213,26,23,153,172,146,215,31,84,143,27,78,141,94,209,222,0,60,96,71,123,139,232,138,232,132,192,43,205,194,80,212,165,116,174,86,121,226,26,159,95,158,22,108,166,178,66,179,171,139,74,171,20,171,128,191,72,211,64,244,58,57,254,210,205,151,234,153,63,39,98,125,41,49,246,39,135,116,46,105,53,108,64,111,55,40,114,114,144,118,216,51,87,230,11,12,97,201,192,182,204,167,79,84,41,217,38,56,176,144,28,122,185,85,207,6,177,148,142,199,133,101,137,9,240,128,231,171,39,79,232,91,27,153,102,60,136,181,96,102,48,169,154,182,193,167,117,131,156,206,74,65,225,96,247,110,128,42,55,35,228,104,71,125,4,41,6,189,195,216,216,31,36,50,93,129,47,91,178,114,55,6,66,110,117,214,242,68,45,51,17,40,125,13,156,102,148,201,52,116,238,68,204,93,234,202,121,189,94,138,48,226,157,39,174,229,145,246,109,114,71,145,162,18,96,155,83,177,28,21,143,8,185,121,6,126,113,202,49,76,217,1,220,226,235,117,44,3,193,245,49,107,215,205,77,102,100,103,17,69,243,149,213,204,229,178,42,126,121,171,78,124,66,220,84,80,183,57,149,115,159,75,10,162,106,66,80,252,226,17,190,138,34,129,99,87,195,86,197,77,242,67,189,17,56,198,78,192,150,252,153,230,77,50,3,80,80,136,99,224,156,192,181,225,90,184,105,151,170,111,216,54,74,192,70,244,250,108,20,91,95,39,118,14,61,60,82,201,95,118,51,44,144,66,6,189,255,173,96,24,217,114,126,171,145,234,206,244,96,131,132,235,41,248,213,32,190,164,161,16,228,65,125,214,35,221,155,246,122,56,171,16,67,181,186,3,164,255,169,170,97,187,135,222,39,59,161,75,213,4,169,32,236,29,110,203,103,13,255,119,4,167,201,249,181,245,253,224,215,68,248,129,141,31,101,255,6,115,105,114,22,108,47,59,94,117,2,172,210,83,189,252,236,162,195,189,99,57,135,240,34,158,203,220,132,157,94,223,185,114,65,130,208,178,214,91,174,195,95,52,173,142,253,185,199,73,18,211,43,117,190,222,90,126,187,161,17,73,0,35,9,33,211,234,172,49,171,230,83,164,33,76,200,123,187,250,176,142,222,253,109,168,40,13,64,166,2,98,30,30,16,91,117,134,229,43,211,172,118,79,155,55,231,201,173,180,13,174,70,188,95,142,229,144,178,191,82,138,147,1,198,29,137,42,132,61,186,58,162,209,241,225,241,145,102,226,72,44,162,136,30,154,254,72,208,10,142,84,115,70,142,109,82,150,94,198,184,177,241,46,107,52,6,165,88,93,209,122,20,69,203,65,250,126,55,199,16,7,211,97,140,214,27,14,112,250,17,182,157,14,124,14,127,131,16,45,56,136,88,96,156,0,137,220,211,111,206,96,197,130,152,140,6,113,224,128,163,141,179,226,242,5,22,82,216,132,43,243,28,235,208,120,226,11,225,40,178,134,201,214,12,161,81,162,83,142,79,36,182,100,172,207,69,135,63,159,220,75,151,30,79,74,120,100,93,188,187,240,123,59,187,50,240,40,218,213,88,239,102,242,54,159,149,91,42,91,107,164,220,16,234,192,99,236,232,163,238,161,213,49,135,233,9,190,156,48,31,71,243,106,51,125,243,219,237,140,210,93,218,156,103,27,187,135,142,221,135,218,249,160,29,200,158,69,90,35,76,152,209,40,11,229,222,212,180,146,35,78,248,19,48,82,222,116,79,214,153,247,251,30,181,76,157,212,198,170,148,224,107,161,101,57,46,76,23,153,61,252,20,221,198,141,40,166,86,86,168,172,14,51,208,176,141,27,142,207,40,96,12,231,57,213,147,170,207,66,183,200,46,119,246,134,199,236,45,51,202,142,91,209,90,61,174,135,27,96,129,208,205,123,207,196,113,10,115,224,233,212,7,79,150,90,33,139,75,107,34,194,136,193,108,185,34,168,197,20,177,199,102,221,212,240,101,200,135,64,237,196,75,67,118,57,36,10,0,172,232,143,118,57,73,179,178,129,142,54,53,143,213,123,130,252,147,22,136,41,37,204,201,214,240,102,174,30,142,185,244,124,243,248,77,183,51,43,143,185,57,71,116,114,39,136,96,100,85,168,176,147,47,119,20,195,27,32,167,245,116,255,159,217,25,52,132,217,85,107,158,95,101,9,34,64,53,147,203,191,16,220,55,75,78,46,0,207,23,140,162,196,107,50,110,140,3,180,158,151,35,180,60,194,215,10,204,4,165,111,32,189,163,228,91,219,66,251,75,254,228,150,91,228,144,125,144,87,7,146,205,155,222,172,115,148,9,5,250,46,47,233,195,83,164,148,30,94,39,162,131,88,125,140,129,165,137,155,6,189,183,234,95,47,236,43,161,4,193,83,253,137,140,114,204,54,3,13,156,5,145,182,14,218,229,168,39,133,28,34,89,249,181,39,205,238,69,54,105,228,110,136,105,194,48,137,88,158,31,119,104,158,140,81,136,97,195,97,6,126,177,186,193,55,106,81,40,143,192,84,78,115,40,73,172,129,84,77,134,215,166,119,175,28,199,93,119,22,15,49,117,39,230,122,196,146,65,238,14,44,209,33,156,131,128,69,229,227,204,21,83,116,235,63,224,58,21,52,118,211,55,210,188,17,23,31,100,239,193,196,196,113,245,59,146,81,153,212,248,133,24,105,86,155,164,181,53,36,50,115,35,7,90,242,255,102,63,37,62,247,110,138,36,0,74,25,31,107,84,175,8,217,41,128,197,171,77,104,231,162,141,89,17,36,134,55,39,169,38,129,203,53,143,187,134,167,193,76,125,53,241,222,108,115,150,135,97,230,139,194,237,67,73,24,91,131,227,41,232,125,69,139,202,45,55,251,26,170,87,184,40,89,190,254,65,234,212,98,114,7,134,2,158,14,196,100,15,73,134,127,123,65,237,50,178,6,233,203,143,50,39,186,64,37,76,249,237,155,209,74,102,184,77,34,36,7,208,113,160,122,17,49,16,151,33,104,28,233,142,77,96,205,213,191,96,1,8,106,65,110,123,219,2,95,246,209,106,156,225,167,86,111,42,82,149,170,17,227,180,152,3,186,83,246,5,100,190,102,38,4,70,53,216,212,76,210,223,108,177,140,203,172,141,197,37,150,102,201,100,14,115,196,17,234,220,242,75,59,11,75,46,131,110,245,153,98,161,159,13,23,54,5,116,234,133,225,56,82,201,151,196,125,96,152,118,182,24,182,42,41,190,223,185,47,101,40,247,100,157,115,59,238,22,178,101,244,153,249,51,234,187,125,166,18,221,116,141,224,177,201,217,205,249,83,195,67,143,201,212,255,56,43,161,114,189,1,131,238,19,234,40,106,179,241,165,115,96,230,213,180,96,35,125,196,145,197,175,29,126,104,246,66,55,47,86,18,209,45,235,216,107,59,142,195,133,133,28,101,156,0,61,124,100,52,157,20,160,179,56,164,245,110,228,191,246,126,36,153,246,33,14,42,163,65,197,84,114,183,55,242,7,56,51,7,250,11,215,150,140,103,158,102,84,198,2,20,77,84,189,88,182,181,132,24,237,18,37,167,180,118,216,206,207,29,232,6,81,77,11,53,22,53,56,32,249,51,78,102,250,150,115,95,99,9,49,81,9,238,200,75,79,219,91,7,130,42,132,22,214,242,233,43,228,5,14,212,233,170,172,43,41,70,36,225,252,37,244,197,128,246,53,57,1,255,3,66,212,159,123,201,32,119,145,208,9,45,248,68,133,234,244,0,112,103,94,114,224,101,86,238,177,39,105,5,71,185,40,102,15,112,106,247,219,44,79,229,135,165,74,84,207,231,72,122,61,169,215,213,245,160,135,210,220,173,4,107,36,237,242,222,124,138,141,78,219,86,128,95,3,159,182,156,246,140,187,32,79,214,248,243,243,189,13,57,86,18,168,67,0,195,213,51,64,220,205,234,227,230,192,231,92,241,112,122,144,79,163,93,159,143,40,33,131,235,98,156,148,76,5,208,164,227,13,128,128,116,81,175,39,183,81,42,209,78,253,235,67,209,2,73,242,205,126,56,235,59,59,219,68,20,211,179,1,65,38,43,249,57,248,159,140,107,214,148,39,74,20,47,193,183,246,58,166,167,10,201,234,194,101,34,40,89,69,83,52,23,234,222,62,105,93,2,179,99,32,88,70,4,76,75,191,71,95,35,184,102,246,137,54,9,78,26,117,57,221,146,69,177,211,167,201,251,186,85,8,237,208,2,7,67,3,143,23,52,196,161,158,114,210,113,100,130,105,182,232,50,164,216,229,61,158,177,239,228,206,248,158,60,203,13,13,123,137,196,190,243,225,79,54,72,182,76,50,92,221,132,190,87,180,246,34,229,25,98,108,254,208,228,36,145,7,154,118,211,205,139,58,244,2,235,233,27,138,93,72,86,20,144,126,111,169,182,130,53,186,41,11,187,9,130,178,246,75,20,208,98,145,35,180,239,161,162,25,132,207,234,70,70,31,166,251,202,11,1,123,28,162,128,99,50,69,131,163,168,11,170,76,207,244,217,230,254,138,3,175,59,56,72,81,231,154,245,90,89,146,165,117,163,123,198,14,80,136,196,253,197,176,191,123,210,70,116,215,144,164,12,215,225,202,156,10,158,29,35,154,68,171,40,234,101,166,110,174,48,175,61,63,35,74,71,23,72,252,107,4,78,75,186,24,53,2,114,119,26,241,4,29,55,19,82,119,177,5,62,109,40,1,4,159,103,176,228,175,212,117,224,224,213,235,138,252,229,149,77,40,126,135,103,188,240,17,15,59,1,114,152,151,150,96,38,246,240,196,41,59,16,9,103,31,90,135,61,116,47,197,212,163,225,117,251,197,95,229,95,204,100,188,224,94,39,26,238,238,170,45,218,91,177,198,54,254,133,136,248,151,109,181,99,46,31,100,36,197,80,97,155,160,84,0,33,44,140,166,242,252,185,165,203,236,107,155,17,26,161,63,149,81,203,216,133,8,188,0,221,226,188,139,12,171,83,247,226,115,88,110,167,229,107,117,148,105,52,10,118,243,125,55,111,85,163,176,234,124,217,176,131,145,65,159,210,104,187,133,174,91,196,106,247,123,111,152,227,79,142,208,218,223,155,234,201,240,167,142,183,144,202,139,5,218,208,243,13,252,119,234,242,163,138,180,13,16,160,240,55,62,131,161,131,26,195,181,119,78,45,152,161,240,38,76,236,205,251,76,32,150,199,129,128,203,112,117,223,62,246,93,223,64,188,40,151,92,241,88,252,83,242,96,191,133,107,118,124,45,64,28,186,242,116,75,225,84,17,119,198,227,229,42,178,20,83,18,16,230,239,17,199,42,203,136,254,7,219,121,17,135,144,54,76,234,168,33,96,142,248,115,59,14,215,232,111,92,215,220,42,181,57,140,212,68,173,108,123,35,91,43,143,72,98,63,166,151,56,191,167,130,150,213,214,76,252,151,225,58,107,163,4,242,81,190,153,24,112,232,59,66,109,45,60,82,202,24,4,131,108,186,32,238,207,87,14,170,95,62,68,197,65,186,175,84,12,56,21,73,221,197,62,17,190,114,37,155,40,118,232,179,5,10,99,151,136,253,141,73,105,16,37,129,110,20,84,94,246,98,228,238,88,81,185,78,142,237,225,50,36,180,142,109,66,71,91,134,75,227,207,53,176,174,174,150,170,102,52,172,112,205,233,146,251,156,207,186,160,156,128,52,226,185,118,195,60,36,120,104,29,98,63,141,12,29,14,28,180,135,28,202,11,245,179,196,39,201,216,98,76,116,222,212,55,130,194,164,85,44,220,182,160,74,76,212,213,166,232,111,128,229,182,130,255,196,141,199,219,140,86,158,172,245,255,187,127,99,57,152,15,194,168,1,128,112,230,17,139,210,163,150,186,92,242,65,13,108,0,11,232,158,48,248,225,119,9,134,26,39,213,229,80,99,240,55,227,94,155,149,242,9,210,113,237,136,137,119,46,210,172,17,62,93,96,27,241,102,192,254,19,224,219,168,15,6,41,39,137,8,240,24,144,85,118,38,236,114,242,217,227,96,219,214,211,111,217,182,39,189,150,196,76,131,115,167,217,51,240,149,155,253,181,35,179,76,102,144,192,175,99,12,247,100,43,48,193,215,9,85,157,111,132,152,204,58,243,211,157,78,168,15,29,175,172,197,95,232,84,65,85,122,109,70,233,235,60,92,159,220,101,79,82,71,204,93,61,70,227,96,127,29,68,168,130,239,184,69,175,29,199,89,52,136,254,103,117,86,225,24,106,112,82,22,101,241,19,133,35,245,107,120,167,74,33,195,225,126,107,140,190,119,30,49,73,56,234,60,199,47,250,136,180,197,153,12,48,119,69,184,96,162,153,32,8,17,68,162,179,2,242,254,98,5,201,131,242,8,144,183,153,98,176,91,143,201,147,207,48,78,73,151,37,168,213,47,117,180,16,129,140,43,218,107,79,247,80,49,50,195,190,112,202,244,71,113,131,44,112,252,53,200,141,16,157,229,27,228,30,22,134,177,230,6,38,12,215,236,103,85,248,89,245,32,164,236,140,104,230,78,0,215,0,47,180,6,238,107,14,100,15,162,149,155,213,29,156,30,130,226,26,5,89,13,78,252,124,52,255,188,226,219,65,45,54,166,207,50,193,74,99,241,28,18,209,117,98,17,232,179,128,203,247,83,104,219,198,115,140,134,36,72,76,185,137,232,172,229,29,32,81,167,135,228,243,142,152,124,182,155,88,201,180,236,98,136,116,118,78,66,251,140,8,217,14,244,77,22,45,245,80,20,232,161,5,98,175,5,103,7,80,193,150,231,62,24,196,173,9,241,130,161,219,47,148,41,71,246,114,37,194,14,79,162,212,40,122,186,127,6,12,169,58,110,79,102,80,184,49,42,52,32,144,87,237,235,22,102,120,156,134,190,85,7,153,184,12,55,133,61,42,173,197,0,84,153,100,232,175,143,209,94,108,116,29,47,125,47,105,0,1,183,151,119,237,163,194,200,124,183,168,167,85,113,241,80,233,99,10,232,47,124,93,251,39,122,164,75,100,126,156,149,13,201,123,244,95,42,183,238,47,28,226,18,214,170,106,199,232,76,2,31,241,66,236,94,41,64,8,62,84,19,174,51,4,111,157,10,226,202,173,245,226,237,51,81,208,157,72,112,224,160,141,94,123,182,241,93,181,57,97,187,37,49,131,99,234,255,237,212,217,73,71,162,251,71,109,153,76,126,81,212,145,0,160,249,64,37,138,244,84,158,123,115,196,250,149,69,86,188,80,40,1,116,143,186,119,6,116,66,19,83,77,31,168,231,168,66,61,17,107,225,157,29,92,51,64,203,110,245,161,236,236,33,82,214,7,108,179,166,135,129,26,74,33,178,245,94,175,58,66,239,182,158,133,0,31,217,4,82,236,38,64,12,222,102,96,56,163,121,126,18,78,217,71,244,111,85,191,243,195,224,245,68,110,154,152,181,78,75,161,255,82,134,255,133,92,229,224,115,182,45,20,103,97,189,18,65,186,186,147,52,10,84,227,64,223,227,86,231,25,15,244,242,7,47,136,65,33,192,248,240,120,139,171,87,7,157,159,229,34,87,250,254,5,37,241,61,181,7,146,194,144,225,75,69,79,70,58,89,106,77,150,85,147,159,100,186,159,177,241,25,120,176,224,230,38,180,28,28,43,170,242,212,183,174,142,238,43,170,127,3,237,0,62,168,204,59,150,34,109,223,28,227,129,153,220,205,213,54,239,96,168,88,158,156,70,58,66,66,213,223,48,203,195,144,237,154,20,77,217,253,66,181,157,2,42,176,166,9,202,99,248,237,83,130,225,114,0,88,200,245,91,174,171,78,235,103,90,28,178,211,26,253,121,95,80,14,238,43,173,136,112,56,17,41,164,65,188,179,186,102,253,103,37,232,112,61,210,32,39,40,122,170,15,80,29,232,35,132,129,190,221,45,189,48,252,42,225,98,188,82,204,200,18,249,215,128,25,133,43,236,216,120,165,205,229,147,181,58,169,110,22,234,94,162,40,122,200,212,25,97,197,109,155,13,227,51,63,146,31,146,146,28,201,199,50,60,238,156,212,9,125,230,80,130,156,214,172,35,125,124,181,236,120,32,61,87,192,36,223,62,93,48,173,67,39,188,168,138,170,24,6,107,123,191,117,52,136,92,46,115,106,178,23,161,150,53,202,226,155,129,91,180,149,247,84,16,227,210,173,219,235,109,49,96,107,177,254,208,151,125,206,3,248,121,214,252,62,164,55,70,187,80,12,151,38,142,205,142,198,169,56,2,213,32,65,243,9,114,11,31,227,41,130,33,248,78,244,139,88,233,246,168,52,247,151,29,235,56,134,1,25,248,26,49,85,193,41,252,60,176,185,80,56,226,60,166,252,62,182,35,190,195,51,200,19,118,48,164,74,76,39,158,143,120,82,210,106,161,180,189,138,201,160,59,206,61,97,196,102,117,1,37,10,110,234,88,118,163,253,64,123,79,89,93,172,202,164,41,191,154,172,166,92,169,243,121,66,199,241,143,101,212,120,174,15,123,7,126,165,183,82,155,102,88,166,176,172,187,222,87,247,129,129,172,173,4,244,146,22,39,88,189,87,103,79,210,3,63,247,213,245,239,220,29,221,193,143,204,20,61,182,192,22,212,38,208,79,77,133,206,173,237,78,182,241,91,253,139,70,67,3,158,43,175,23,14,187,221,67,77,53,112,172,208,189,3,6,107,90,216,217,179,154,63,230,154,173,120,45,248,129,195,42,61,64,98,243,214,213,64,249,95,90,37,224,102,153,172,70,243,128,68,109,211,43,114,24,145,41,250,158,22,150,195,157,89,219,91,45,168,10,123,122,19,144,189,73,127,251,144,163,56,230,182,101,190,177,105,36,143,53,143,99,74,181,15,17,183,23,97,207,166,195,147,13,50,129,60,153,128,160,68,47,153,172,97,176,122,39,24,85,12,92,119,239,98,224,225,159,168,29,134,158,222,34,145,71,227,39,216,94,190,20,88,13,52,22,108,73,203,226,63,81,71,223,38,198,41,10,4,85,35,35,58,139,3,72,234,61,150,212,116,201,154,224,65,41,55,150,122,98,116,137,242,226,187,45,154,113,170,204,196,4,243,168,132,116,170,202,105,73,135,141,243,114,126,70,117,108,7,240,166,158,213,14,63,157,56,250,190,245,129,179,5,101,55,52,84,88,160,55,99,61,163,231,138,203,37,101,18,27,212,216,51,241,119,44,111,188,89,134,81,245,92,44,77,33,227,89,162,242,62,168,40,146,205,217,78,225,47,146,84,34,172,19,192,0,70,135,149,173,87,76,230,47,211,0,35,160,60,164,168,18,126,225,41,234,191,179,78,75,205,241,17,247,117,104,91,190,122,128,38,65,78,229,209,60,229,194,112,67,148,203,20,134,46,58,171,196,43,151,72,229,153,221,75,109,72,253,138,249,182,177,225,110,113,165,7,240,254,230,170,80,81,91,13,205,106,72,88,170,34,52,8,223,155,70,64,238,2,129,94,164,6,23,160,228,154,200,255,215,228,82,79,215,207,27,98,160,238,167,160,187,29,220,117,238,184,129,255,223,165,26,102,21,30,244,83,193,131,14,36,3,124,225,74,104,39,137,72,145,167,17,10,43,35,15,221,217,182,251,123,224,167,90,167,137,219,247,18,184,252,113,241,209,22,122,136,238,121,161,247,164,89,199,196,218,80,176,250,19,11,192,188,70,149,77,145,239,10,2,51,105,230,46,185,16,14,178,227,195,215,80,165,166,207,130,1,87,138,158,145,35,209,14,4,107,9,6,34,35,228,47,225,185,214,2,30,233,238,32,200,101,228,200,108,84,26,207,159,7,245,8,107,50,1,161,200,53,166,64,79,67,168,250,155,54,180,139,167,206,189,164,220,26,179,65,156,32,67,232,204,36,246,161,14,127,223,109,210,71,253,49,160,106,32,77,161,12,198,253,1,187,3,237,119,17,201,101,79,240,71,101,50,223,16,251,30,183,121,1,255,99,186,39,42,193,212,255,233,94,165,156,147,140,54,27,50,233,136,40,31,141,84,202,206,191,85,219,55,71,7,70,41,223,25,221,92,242,71,177,120,32,129,9,106,155,236,233,65,177,229,160,170,12,121,76,159,138,192,114,154,187,199,236,150,196,75,224,11,12,50,137,251,206,92,140,46,210,144,119,220,240,228,118,22,56,78,174,64,102,36,139,9,180,178,46,68,85,254,177,53,74,222,15,153,130,156,24,31,218,29,57,106,204,230,254,33,8,182,101,40,55,30,222,152,238,72,130,230,56,111,187,223,105,65,120,152,118,145,232,33,178,194,37,204,12,11,4,40,140,11,30,243,35,229,11,229,203,183,59,78,100,82,224,158,48,128,166,105,2,105,242,227,206,97,96,195,251,158,19,192,172,145,133,71,248,248,200,58,118,217,238,67,13,79,9,141,244,140,244,155,179,7,93,74,2,202,237,189,118,150,154,140,51,6,198,10,127,255,40,86,4,105,145,243,246,8,253,225,2,168,204,247,159,107,167,32,176,30,44,34,4,176,30,16,236,236,136,84,178,249,60,201,94,112,67,17,26,36,180,51,139,155,121,121,128,58,18,12,42,206,188,231,2,80,209,37,199,7,215,145,251,99,95,68,140,162,213,113,6,211,43,92,89,237,246,234,127,124,36,127,50,234,185,200,254,92,140,188,73,218,207,71,76,111,97,104,255,159,73,228,153,148,94,236,237,100,21,155,135,88,130,103,233,87,107]}","video.webm","audio/webm","169371","""2026-06-24T04:59:59.061Z""","""2026-06-24T05:00:09.616Z""","true","0","""2026-06-24T04:59:59.069Z""","""2026-06-24T05:00:09.630Z""","""2026-06-24T04:59:16.132Z""",,"{""soap"":{""plan"":""ติดตามอาการต่อเนื่องและให้สังเกตอาการผิดปกติ"",""objective"":""ไม่ได้ระบุการตรวจร่างกายผ่านระบบวิดีโอ"",""assessment"":""อาการคงที่และอยู่ในเกณฑ์ปกติ"",""subjective"":""ผู้ป่วยแจ้งว่าอาการดีขึ้น ไม่มีไข้ ไม่มีอาการหายใจลำบาก""},""redFlags"":[""มีไข้สูง"",""หายใจลำบากหรือหอบเหนื่อย"",""อาการเดิมทรุดลงอย่างรวดเร็ว"",""ซึมลง""],""emrFields"":{""labOrders"":[],""medications"":[],""icd10Suggestions"":[""Z00.0 (General medical examination)""]},""lifestyle"":""พักผ่อนให้เพียงพอ ดื่มน้ำสะอาด และสังเกตอาการผิดปกติ"",""followUpDate"":""ตามแพทย์นัดหมายเดิมหรือหากมีอาการผิดปกติ"",""chiefComplaint"":""ติดตามอาการทั่วไป"",""requiresValidation"":true}",,
